2025-09-19 18:32:53,005 [INFO] Activator:176 - 


2025-09-19 18:32:53,013 [INFO] Activator:177 - !SESSION log4j initialized
2025-09-19 18:32:58,976 [ERROR] LogOutputStream:75 - [STDERR_REDIRECT] [Fatal Error] :1:1: Premature end of file.
2025-09-19 18:32:58,977 [ERROR] LogOutputStream:75 - [STDERR_REDIRECT] 
2025-09-19 18:32:59,643 [ERROR] LogOutputStream:75 - [STDERR_REDIRECT] [Fatal Error] :1:1: Premature end of file.
2025-09-19 18:32:59,644 [ERROR] LogOutputStream:75 - [STDERR_REDIRECT] 
2025-09-19 18:33:00,684 [ERROR] LogOutputStream:75 - [STDERR_REDIRECT] [Fatal Error] :1:1: Premature end of file.
2025-09-19 18:33:00,686 [ERROR] LogOutputStream:75 - [STDERR_REDIRECT] 
2025-09-19 18:33:01,509 [INFO] LogOutputStream:77 - [STDOUT_REDIRECT] 
2025-09-19 18:33:01,602 [ERROR] LogOutputStream:75 - [STDERR_REDIRECT] [Fatal Error] :1:1: Premature end of file.
2025-09-19 18:33:01,602 [ERROR] LogOutputStream:75 - [STDERR_REDIRECT] 
2025-09-19 18:33:02,575 [ERROR] LogOutputStream:75 - [STDERR_REDIRECT] [Fatal Error] :1:1: Premature end of file.
2025-09-19 18:33:02,576 [ERROR] LogOutputStream:75 - [STDERR_REDIRECT] 
2025-09-19 18:33:03,577 [ERROR] LogOutputStream:75 - [STDERR_REDIRECT] [Fatal Error] :1:1: Premature end of file.
2025-09-19 18:33:03,577 [ERROR] LogOutputStream:75 - [STDERR_REDIRECT] 
2025-09-19 18:33:04,103 [INFO] ApplicationProperties:184 - Using Application install path: C:\ST\STM32CubeIDE_1.17.0\STM32CubeIDE\plugins\com.st.stm32cube.common.mx_6.14.1.202504091515
2025-09-19 18:33:04,128 [INFO] DbMcusXml:78 - Set database path to: C:\ST\STM32CubeIDE_1.17.0\STM32CubeIDE\plugins\com.st.stm32cube.common.mx_6.14.1.202504091515\\db\/mcu/
2025-09-19 18:33:04,128 [INFO] ApiDb:274 - Set plugin database path to: C:\ST\STM32CubeIDE_1.17.0\STM32CubeIDE\plugins\com.st.stm32cube.common.mx_6.14.1.202504091515\\db\/plugins/boardmanager/
2025-09-19 18:33:04,128 [WARN] ApiDb:259 - Overriding images path with different value:  => C:\ST\STM32CubeIDE_1.17.0\STM32CubeIDE\plugins\com.st.stm32cube.common.mx_6.14.1.202504091515\\db\/plugins/mcufinder/images/
2025-09-19 18:33:04,140 [INFO] ApiDb:250 - Set database path to: C:\Users\nhduo\.stmcufinder\plugins\mcufinder//mcu/
2025-09-19 18:33:04,141 [INFO] DbMcusAds:125 - Set database path to: C:\Users\nhduo\.stmcufinder\plugins\mcufinder//mcu/
2025-09-19 18:33:04,575 [ERROR] LogOutputStream:75 - [STDERR_REDIRECT] [Fatal Error] :1:1: Premature end of file.
2025-09-19 18:33:04,575 [ERROR] LogOutputStream:75 - [STDERR_REDIRECT] 
2025-09-19 18:33:04,790 [INFO] CrossReferenceDbSqlite:203 - Set database path to: C:\Users\nhduo\.stmcufinder\plugins\mcufinder//mcu/cs/
2025-09-19 18:33:04,961 [INFO] RulesReader:64 - Compatibility file has been processed (302 Rules)
2025-09-19 18:33:05,117 [INFO] DbMcusXml:78 - Set database path to: C:\ST\STM32CubeIDE_1.17.0\STM32CubeIDE\plugins\com.st.stm32cube.common.mx_6.14.1.202504091515\\db\/mcu/
2025-09-19 18:33:05,117 [INFO] ApiDb:274 - Set plugin database path to: C:\ST\STM32CubeIDE_1.17.0\STM32CubeIDE\plugins\com.st.stm32cube.common.mx_6.14.1.202504091515\\db\/plugins/boardmanager/
2025-09-19 18:33:05,118 [INFO] ApiDb:261 - Set plugin images path to: C:\ST\STM32CubeIDE_1.17.0\STM32CubeIDE\plugins\com.st.stm32cube.common.mx_6.14.1.202504091515\\db\/plugins/mcufinder/images/
2025-09-19 18:33:05,118 [WARN] DbFile:41 - Overriding database path with different value: C:\Users\nhduo\.stmcufinder\plugins\mcufinder/ => C:\Users\nhduo\.stmcufinder\plugins\mcufinder
2025-09-19 18:33:05,118 [INFO] ApiDb:250 - Set database path to: C:\Users\nhduo\.stmcufinder\plugins\mcufinder//mcu/
2025-09-19 18:33:05,118 [WARN] DbFile:41 - Overriding database path with different value: C:\Users\nhduo\.stmcufinder\plugins\mcufinder/ => C:\Users\nhduo\.stmcufinder\plugins\mcufinder
2025-09-19 18:33:05,118 [INFO] DbMcusAds:125 - Set database path to: C:\Users\nhduo\.stmcufinder\plugins\mcufinder//mcu/
2025-09-19 18:33:05,118 [WARN] DbFile:41 - Overriding database path with different value: C:\Users\nhduo\.stmcufinder\plugins\mcufinder/ => C:\Users\nhduo\.stmcufinder\plugins\mcufinder
2025-09-19 18:33:05,118 [WARN] DbFile:41 - Overriding database path with different value: C:\Users\nhduo\.stmcufinder\plugins\mcufinder/ => C:\Users\nhduo\.stmcufinder\plugins\mcufinder
2025-09-19 18:33:05,572 [ERROR] LogOutputStream:75 - [STDERR_REDIRECT] [Fatal Error] :1:1: Premature end of file.
2025-09-19 18:33:05,573 [ERROR] LogOutputStream:75 - [STDERR_REDIRECT] 
2025-09-19 18:33:05,799 [INFO] CrossReferenceDbSqlite:203 - Set database path to: C:\Users\nhduo\.stmcufinder\plugins\mcufinder//mcu/cs/
2025-09-19 18:33:05,913 [INFO] MainPanel:272 - HeapMemory: 268435456
2025-09-19 18:33:06,102 [INFO] DbMcusXml:78 - Set database path to: C:\ST\STM32CubeIDE_1.17.0\STM32CubeIDE\plugins\com.st.stm32cube.common.mx_6.14.1.202504091515\\db\/mcu/
2025-09-19 18:33:06,102 [INFO] ApiDb:274 - Set plugin database path to: C:\ST\STM32CubeIDE_1.17.0\STM32CubeIDE\plugins\com.st.stm32cube.common.mx_6.14.1.202504091515\\db\/plugins/boardmanager/
2025-09-19 18:33:06,102 [INFO] ApiDb:261 - Set plugin images path to: C:\ST\STM32CubeIDE_1.17.0\STM32CubeIDE\plugins\com.st.stm32cube.common.mx_6.14.1.202504091515\\db\/plugins/mcufinder/images/
2025-09-19 18:33:06,103 [WARN] DbFile:41 - Overriding database path with different value: C:\Users\nhduo\.stmcufinder\plugins\mcufinder/ => C:\Users\nhduo\.stmcufinder\plugins\mcufinder
2025-09-19 18:33:06,103 [INFO] ApiDb:250 - Set database path to: C:\Users\nhduo\.stmcufinder\plugins\mcufinder//mcu/
2025-09-19 18:33:06,103 [WARN] DbFile:41 - Overriding database path with different value: C:\Users\nhduo\.stmcufinder\plugins\mcufinder/ => C:\Users\nhduo\.stmcufinder\plugins\mcufinder
2025-09-19 18:33:06,103 [INFO] DbMcusAds:125 - Set database path to: C:\Users\nhduo\.stmcufinder\plugins\mcufinder//mcu/
2025-09-19 18:33:06,103 [WARN] DbFile:41 - Overriding database path with different value: C:\Users\nhduo\.stmcufinder\plugins\mcufinder/ => C:\Users\nhduo\.stmcufinder\plugins\mcufinder
2025-09-19 18:33:06,103 [WARN] DbFile:41 - Overriding database path with different value: C:\Users\nhduo\.stmcufinder\plugins\mcufinder/ => C:\Users\nhduo\.stmcufinder\plugins\mcufinder
2025-09-19 18:33:06,579 [ERROR] LogOutputStream:75 - [STDERR_REDIRECT] [Fatal Error] :1:1: Premature end of file.
2025-09-19 18:33:06,580 [ERROR] LogOutputStream:75 - [STDERR_REDIRECT] 
2025-09-19 18:33:06,795 [INFO] CrossReferenceDbSqlite:203 - Set database path to: C:\Users\nhduo\.stmcufinder\plugins\mcufinder//mcu/cs/
2025-09-19 18:33:06,820 [INFO] ApplicationProperties:184 - Using Application install path: C:\ST\STM32CubeIDE_1.17.0\STM32CubeIDE\plugins\com.st.stm32cube.common.mx_6.14.1.202504091515
2025-09-19 18:33:06,822 [INFO] PluginManage:196 - Search for loadable plugins [exclusion list=, ]
2025-09-19 18:33:06,824 [INFO] PluginManage:310 - Check plugin analytics
2025-09-19 18:33:07,670 [ERROR] LogOutputStream:75 - [STDERR_REDIRECT] [Fatal Error] :1:1: Premature end of file.
2025-09-19 18:33:07,671 [ERROR] LogOutputStream:75 - [STDERR_REDIRECT] 
2025-09-19 18:33:08,348 [INFO] AnalyticsPlugin:253 - Accepted Software Licenses: STM32CubeMX.6.13.0,STM32CubeMX.6.15.0
2025-09-19 18:33:08,349 [INFO] AnalyticsPlugin:255 - Accepted CMSIS Pack Licenses: 
2025-09-19 18:33:08,353 [INFO] AnalyticsPlugin:257 - Accepted Firmware Licenses: FW.F4.1.28.0
2025-09-19 18:33:08,367 [INFO] PluginManage:359 - Loaded plugin analytics (category:tool,tabindex:-1)
2025-09-19 18:33:08,369 [INFO] PluginManage:310 - Check plugin cadmodel
2025-09-19 18:33:08,398 [INFO] CADModel:105 - Init CAD model plugin
2025-09-19 18:33:08,398 [INFO] PluginManage:359 - Loaded plugin cadmodel (category:power,tabindex:5)
2025-09-19 18:33:08,399 [INFO] PluginManage:310 - Check plugin clock
2025-09-19 18:33:08,446 [INFO] PluginManage:359 - Loaded plugin clock (category:base,tabindex:2)
2025-09-19 18:33:08,446 [INFO] PluginManage:310 - Check plugin ddr
2025-09-19 18:33:08,455 [INFO] PluginManage:359 - Loaded plugin ddr (category:tool,tabindex:6)
2025-09-19 18:33:08,456 [INFO] PluginManage:310 - Check plugin filemanager
2025-09-19 18:33:08,621 [ERROR] LogOutputStream:75 - [STDERR_REDIRECT] [Fatal Error] :1:1: Premature end of file.
2025-09-19 18:33:08,622 [ERROR] LogOutputStream:75 - [STDERR_REDIRECT] 
2025-09-19 18:33:08,793 [INFO] PluginManage:359 - Loaded plugin filemanager (category:base,tabindex:10)
2025-09-19 18:33:08,793 [INFO] PluginManage:310 - Check plugin ipmanager
2025-09-19 18:33:08,806 [INFO] PluginManage:359 - Loaded plugin ipmanager (category:base,tabindex:5)
2025-09-19 18:33:08,806 [INFO] PluginManage:310 - Check plugin lpbam
2025-09-19 18:33:08,820 [INFO] PluginManage:359 - Loaded plugin lpbam (category:base,tabindex:0)
2025-09-19 18:33:08,821 [INFO] PluginManage:310 - Check plugin memorymap
2025-09-19 18:33:08,853 [INFO] PluginManage:359 - Loaded plugin memorymap (category:base,tabindex:4)
2025-09-19 18:33:08,853 [INFO] PluginManage:310 - Check plugin pinoutandconfiguration
2025-09-19 18:33:08,873 [INFO] PluginManage:359 - Loaded plugin pinoutandconfiguration (category:base,tabindex:1)
2025-09-19 18:33:08,873 [INFO] PluginManage:310 - Check plugin pinoutconfig
2025-09-19 18:33:09,072 [WARN] SupportedApi:132 - Cannot load RTOS API schema: s4s-elt-must-match.1: The content of 'definitions' must match (annotation?, (simpleType | complexType)?, (unique | key | keyref)*)). A problem was found starting at: attribute.
2025-09-19 18:33:09,408 [INFO] PluginManage:359 - Loaded plugin pinoutconfig (category:base,tabindex:0)
2025-09-19 18:33:09,408 [INFO] PluginManage:310 - Check plugin power
2025-09-19 18:33:09,432 [INFO] PluginManage:359 - Loaded plugin power (category:power,tabindex:4)
2025-09-19 18:33:09,433 [INFO] PluginManage:310 - Check plugin projectmanager
2025-09-19 18:33:09,464 [INFO] PluginManage:359 - Loaded plugin projectmanager (category:projectmanager,tabindex:4)
2025-09-19 18:33:09,464 [INFO] PluginManage:310 - Check plugin rif
2025-09-19 18:33:09,481 [INFO] PluginManage:359 - Loaded plugin rif (category:base,tabindex:3)
2025-09-19 18:33:09,482 [INFO] PluginManage:310 - Check plugin thirdparty
2025-09-19 18:33:09,593 [ERROR] LogOutputStream:75 - [STDERR_REDIRECT] [Fatal Error] :1:1: Premature end of file.
2025-09-19 18:33:09,594 [ERROR] LogOutputStream:75 - [STDERR_REDIRECT] 
2025-09-19 18:33:09,822 [INFO] PluginManage:359 - Loaded plugin thirdparty (category:base,tabindex:-1)
2025-09-19 18:33:09,822 [WARN] IntegrityCheckThread:84 - waiting for thirdparty lock release [integrity check]
2025-09-19 18:33:09,822 [INFO] IntegrityCheckThread:86 - entering critical section [integrity check]
2025-09-19 18:33:09,822 [INFO] PluginManage:310 - Check plugin tools
2025-09-19 18:33:09,823 [INFO] ThirdPartyUpdaterWithRetryManager:70 - Updater plugin not ready yet. [1/15]
2025-09-19 18:33:09,829 [INFO] PluginManage:359 - Loaded plugin tools (category:base,tabindex:7)
2025-09-19 18:33:09,830 [INFO] PluginManage:310 - Check plugin tutovideos
2025-09-19 18:33:10,216 [INFO] PluginManage:359 - Loaded plugin tutovideos (category:base,tabindex:-1)
2025-09-19 18:33:10,216 [INFO] PluginManage:310 - Check plugin updater
2025-09-19 18:33:10,295 [INFO] PluginManage:359 - Loaded plugin updater (category:base,tabindex:12)
2025-09-19 18:33:10,295 [INFO] PluginManage:310 - Check plugin userauth
2025-09-19 18:33:10,363 [INFO] UserAuth:118 - Init User Auth plugin
2025-09-19 18:33:10,365 [INFO] PluginManage:359 - Loaded plugin userauth (category:base,tabindex:14)
2025-09-19 18:33:10,366 [INFO] PluginManage:283 - PluginManage : Loaded plugins [18]
2025-09-19 18:33:10,610 [ERROR] LogOutputStream:75 - [STDERR_REDIRECT] [Fatal Error] :1:1: Premature end of file.
2025-09-19 18:33:10,610 [ERROR] LogOutputStream:75 - [STDERR_REDIRECT] 
2025-09-19 18:33:10,968 [INFO] PinOutPanel:1589 - setPackage(No Configuration,No Configuration)
2025-09-19 18:33:11,336 [INFO] CADModel:165 - CPN selected for project level
2025-09-19 18:33:11,336 [INFO] CADModel:114 - Register for checkConnection events
2025-09-19 18:33:11,401 [INFO] IPUIPlugin:80 - create IPUIPlugin
2025-09-19 18:33:11,401 [INFO] PluginManager:220 - loadIPPluginJar : add adc
2025-09-19 18:33:11,409 [INFO] IPUIPlugin:80 - create IPUIPlugin
2025-09-19 18:33:11,411 [INFO] PluginManager:220 - loadIPPluginJar : add aes
2025-09-19 18:33:11,422 [INFO] IPUIPlugin:80 - create IPUIPlugin
2025-09-19 18:33:11,423 [INFO] PluginManager:220 - loadIPPluginJar : add can
2025-09-19 18:33:11,429 [INFO] IPUIPlugin:80 - create IPUIPlugin
2025-09-19 18:33:11,429 [INFO] PluginManager:220 - loadIPPluginJar : add comp
2025-09-19 18:33:11,442 [INFO] IPUIPlugin:80 - create IPUIPlugin
2025-09-19 18:33:11,443 [INFO] PluginManager:220 - loadIPPluginJar : add cryp
2025-09-19 18:33:11,450 [INFO] IPUIPlugin:80 - create IPUIPlugin
2025-09-19 18:33:11,451 [INFO] PluginManager:220 - loadIPPluginJar : add ddr_ctrl_phy
2025-09-19 18:33:11,458 [INFO] IPUIPlugin:80 - create IPUIPlugin
2025-09-19 18:33:11,458 [INFO] PluginManager:220 - loadIPPluginJar : add dfsdm
2025-09-19 18:33:11,483 [INFO] IPUIPlugin:80 - create IPUIPlugin
2025-09-19 18:33:11,485 [INFO] PluginManager:220 - loadIPPluginJar : add dma
2025-09-19 18:33:11,493 [INFO] IPUIPlugin:80 - create IPUIPlugin
2025-09-19 18:33:11,494 [INFO] PluginManager:220 - loadIPPluginJar : add dma3
2025-09-19 18:33:11,506 [INFO] IPUIPlugin:80 - create IPUIPlugin
2025-09-19 18:33:11,507 [INFO] PluginManager:220 - loadIPPluginJar : add extmemmanager
2025-09-19 18:33:11,511 [INFO] IPUIPlugin:80 - create IPUIPlugin
2025-09-19 18:33:11,512 [INFO] PluginManager:220 - loadIPPluginJar : add fatfs
2025-09-19 18:33:11,523 [INFO] IPUIPlugin:80 - create IPUIPlugin
2025-09-19 18:33:11,524 [INFO] PluginManager:220 - loadIPPluginJar : add fmc
2025-09-19 18:33:11,627 [INFO] IPUIPlugin:80 - create IPUIPlugin
2025-09-19 18:33:11,628 [INFO] PluginManager:220 - loadIPPluginJar : add freertos
2025-09-19 18:33:11,640 [INFO] IPUIPlugin:80 - create IPUIPlugin
2025-09-19 18:33:11,640 [INFO] PluginManager:220 - loadIPPluginJar : add genericplugin
2025-09-19 18:33:11,658 [INFO] IPUIPlugin:80 - create IPUIPlugin
2025-09-19 18:33:11,659 [INFO] PluginManager:220 - loadIPPluginJar : add gfxmmu
2025-09-19 18:33:11,676 [INFO] IPUIPlugin:80 - create IPUIPlugin
2025-09-19 18:33:11,677 [INFO] PluginManager:220 - loadIPPluginJar : add gic
2025-09-19 18:33:11,688 [INFO] IPUIPlugin:80 - create IPUIPlugin
2025-09-19 18:33:11,693 [ERROR] LogOutputStream:75 - [STDERR_REDIRECT] [Fatal Error] :1:1: Premature end of file.
2025-09-19 18:33:11,694 [ERROR] LogOutputStream:75 - [STDERR_REDIRECT] 
2025-09-19 18:33:11,690 [INFO] PluginManager:220 - loadIPPluginJar : add gpio
2025-09-19 18:33:11,701 [INFO] IPUIPlugin:80 - create IPUIPlugin
2025-09-19 18:33:11,702 [INFO] PluginManager:220 - loadIPPluginJar : add gtzc
2025-09-19 18:33:11,713 [INFO] IPUIPlugin:80 - create IPUIPlugin
2025-09-19 18:33:11,713 [INFO] PluginManager:220 - loadIPPluginJar : add hash
2025-09-19 18:33:11,724 [INFO] IPUIPlugin:80 - create IPUIPlugin
2025-09-19 18:33:11,725 [INFO] PluginManager:220 - loadIPPluginJar : add i2c
2025-09-19 18:33:11,735 [INFO] IPUIPlugin:80 - create IPUIPlugin
2025-09-19 18:33:11,735 [INFO] PluginManager:220 - loadIPPluginJar : add i2s
2025-09-19 18:33:11,744 [INFO] IPUIPlugin:80 - create IPUIPlugin
2025-09-19 18:33:11,744 [INFO] PluginManager:220 - loadIPPluginJar : add i3c
2025-09-19 18:33:11,754 [INFO] IPUIPlugin:80 - create IPUIPlugin
2025-09-19 18:33:11,754 [INFO] PluginManager:220 - loadIPPluginJar : add ipddr
2025-09-19 18:33:11,772 [INFO] IPUIPlugin:80 - create IPUIPlugin
2025-09-19 18:33:11,773 [INFO] PluginManager:220 - loadIPPluginJar : add linkedlist
2025-09-19 18:33:11,779 [INFO] IPUIPlugin:80 - create IPUIPlugin
2025-09-19 18:33:11,779 [INFO] PluginManager:220 - loadIPPluginJar : add lorawan
2025-09-19 18:33:11,784 [INFO] IPUIPlugin:80 - create IPUIPlugin
2025-09-19 18:33:11,785 [INFO] PluginManager:220 - loadIPPluginJar : add ltdc
2025-09-19 18:33:11,799 [INFO] IPUIPlugin:80 - create IPUIPlugin
2025-09-19 18:33:11,800 [INFO] PluginManager:220 - loadIPPluginJar : add mdma
2025-09-19 18:33:11,813 [INFO] IPUIPlugin:80 - create IPUIPlugin
2025-09-19 18:33:11,814 [INFO] PluginManager:220 - loadIPPluginJar : add nvic
2025-09-19 18:33:11,823 [INFO] IPUIPlugin:80 - create IPUIPlugin
2025-09-19 18:33:11,823 [INFO] PluginManager:220 - loadIPPluginJar : add opamp
2025-09-19 18:33:11,830 [INFO] IPUIPlugin:80 - create IPUIPlugin
2025-09-19 18:33:11,830 [INFO] PluginManager:220 - loadIPPluginJar : add openamp
2025-09-19 18:33:11,838 [INFO] IPUIPlugin:80 - create IPUIPlugin
2025-09-19 18:33:11,838 [INFO] PluginManager:220 - loadIPPluginJar : add pdm2pcm
2025-09-19 18:33:11,850 [INFO] IPUIPlugin:80 - create IPUIPlugin
2025-09-19 18:33:11,856 [INFO] PluginManager:220 - loadIPPluginJar : add plateformsettings
2025-09-19 18:33:11,859 [INFO] IPUIPlugin:80 - create IPUIPlugin
2025-09-19 18:33:11,859 [INFO] PluginManager:220 - loadIPPluginJar : add quadspi
2025-09-19 18:33:11,863 [INFO] IPUIPlugin:80 - create IPUIPlugin
2025-09-19 18:33:11,865 [INFO] PluginManager:220 - loadIPPluginJar : add radio
2025-09-19 18:33:11,873 [INFO] IPUIPlugin:80 - create IPUIPlugin
2025-09-19 18:33:11,873 [INFO] PluginManager:220 - loadIPPluginJar : add resmgrutility
2025-09-19 18:33:11,879 [INFO] IPUIPlugin:80 - create IPUIPlugin
2025-09-19 18:33:11,879 [INFO] PluginManager:220 - loadIPPluginJar : add sai
2025-09-19 18:33:11,883 [INFO] IPUIPlugin:80 - create IPUIPlugin
2025-09-19 18:33:11,883 [INFO] PluginManager:220 - loadIPPluginJar : add spi
2025-09-19 18:33:11,894 [INFO] IPUIPlugin:80 - create IPUIPlugin
2025-09-19 18:33:11,894 [INFO] PluginManager:220 - loadIPPluginJar : add stm32_wpan
2025-09-19 18:33:11,898 [INFO] IPUIPlugin:80 - create IPUIPlugin
2025-09-19 18:33:11,898 [INFO] PluginManager:220 - loadIPPluginJar : add tim
2025-09-19 18:33:11,905 [INFO] IPUIPlugin:80 - create IPUIPlugin
2025-09-19 18:33:11,905 [INFO] PluginManager:220 - loadIPPluginJar : add touchsensing
2025-09-19 18:33:11,910 [INFO] IPUIPlugin:80 - create IPUIPlugin
2025-09-19 18:33:11,912 [INFO] PluginManager:220 - loadIPPluginJar : add tracer_emb
2025-09-19 18:33:11,916 [INFO] IPUIPlugin:80 - create IPUIPlugin
2025-09-19 18:33:11,916 [INFO] PluginManager:220 - loadIPPluginJar : add ts
2025-09-19 18:33:11,919 [INFO] IPUIPlugin:80 - create IPUIPlugin
2025-09-19 18:33:11,920 [INFO] PluginManager:220 - loadIPPluginJar : add tsc
2025-09-19 18:33:11,924 [INFO] IPUIPlugin:80 - create IPUIPlugin
2025-09-19 18:33:11,925 [INFO] PluginManager:220 - loadIPPluginJar : add ucpd
2025-09-19 18:33:11,929 [INFO] IPUIPlugin:80 - create IPUIPlugin
2025-09-19 18:33:11,929 [INFO] PluginManager:220 - loadIPPluginJar : add usart
2025-09-19 18:33:11,937 [INFO] IPUIPlugin:80 - create IPUIPlugin
2025-09-19 18:33:11,937 [INFO] PluginManager:220 - loadIPPluginJar : add usbx
2025-09-19 18:33:12,202 [FATAL] Updater:351 - Updater called before beeing initialized
2025-09-19 18:33:12,449 [INFO] RulesReader:64 - Compatibility file has been processed (302 Rules)
2025-09-19 18:33:12,471 [INFO] RulesReader:64 - Compatibility file has been processed (302 Rules)
2025-09-19 18:33:12,491 [INFO] CADModel:165 - CPN selected for project level
2025-09-19 18:33:12,491 [INFO] CADModel:114 - Register for checkConnection events
2025-09-19 18:33:12,491 [FATAL] Updater:351 - Updater called before beeing initialized
2025-09-19 18:33:12,492 [ERROR] CADModel:125 - Updater not yet initialized, retry later 
2025-09-19 18:33:12,652 [ERROR] LogOutputStream:75 - [STDERR_REDIRECT] [Fatal Error] :1:1: Premature end of file.
2025-09-19 18:33:12,653 [ERROR] LogOutputStream:75 - [STDERR_REDIRECT] 
2025-09-19 18:33:12,833 [INFO] ThirdPartyUpdaterWithRetryManager:70 - Updater plugin not ready yet. [2/15]
2025-09-19 18:33:12,960 [FATAL] Updater:351 - Updater called before beeing initialized
2025-09-19 18:33:12,964 [INFO] CADModel:165 - CPN selected for project level
2025-09-19 18:33:12,964 [INFO] CADModel:114 - Register for checkConnection events
2025-09-19 18:33:12,964 [FATAL] Updater:351 - Updater called before beeing initialized
2025-09-19 18:33:12,964 [ERROR] CADModel:125 - Updater not yet initialized, retry later 
2025-09-19 18:33:12,973 [FATAL] Updater:351 - Updater called before beeing initialized
2025-09-19 18:33:13,337 [FATAL] Updater:351 - Updater called before beeing initialized
2025-09-19 18:33:13,346 [INFO] DbMcusAds:53 - JSON generation date=Tue Jul 08 15:14:27 ICT 2025 (1751962467633)
2025-09-19 18:33:13,346 [FATAL] Updater:351 - Updater called before beeing initialized
2025-09-19 18:33:13,408 [WARN] DetailPanel:346 - Failed to get advertising image, set to default
2025-09-19 18:33:13,631 [ERROR] LogOutputStream:75 - [STDERR_REDIRECT] [Fatal Error] :1:1: Premature end of file.
2025-09-19 18:33:13,633 [ERROR] LogOutputStream:75 - [STDERR_REDIRECT] 
2025-09-19 18:33:13,888 [FATAL] Updater:351 - Updater called before beeing initialized
2025-09-19 18:33:13,893 [FATAL] Updater:351 - Updater called before beeing initialized
2025-09-19 18:33:13,893 [FATAL] Updater:351 - Updater called before beeing initialized
2025-09-19 18:33:13,894 [WARN] DetailPanel:346 - Failed to get advertising image, set to default
2025-09-19 18:33:13,896 [FATAL] Updater:351 - Updater called before beeing initialized
2025-09-19 18:33:13,983 [ERROR] Updater:1198 - MainUpdater not yet initialized. External WinMGr cannot be set.
2025-09-19 18:33:13,987 [INFO] Updater:1134 - Updater Version found : 6.14.1
2025-09-19 18:33:14,019 [INFO] ApplicationProperties:184 - Using Application install path: C:\ST\STM32CubeIDE_1.17.0\STM32CubeIDE\plugins\com.st.stm32cube.common.mx_6.14.1.202504091515
2025-09-19 18:33:14,586 [ERROR] LogOutputStream:75 - [STDERR_REDIRECT] [Fatal Error] :1:1: Premature end of file.
2025-09-19 18:33:14,586 [ERROR] LogOutputStream:75 - [STDERR_REDIRECT] 
2025-09-19 18:33:15,573 [ERROR] LogOutputStream:75 - [STDERR_REDIRECT] [Fatal Error] :1:1: Premature end of file.
2025-09-19 18:33:15,573 [ERROR] LogOutputStream:75 - [STDERR_REDIRECT] 
2025-09-19 18:33:15,642 [ERROR] LogOutputStream:75 - [STDERR_REDIRECT] Sep 19, 2025 6:33:15 PM java.util.prefs.WindowsPreferences <init>
2025-09-19 18:33:15,645 [ERROR] LogOutputStream:75 - [STDERR_REDIRECT] WARNING: Could not open/create prefs root node Software\JavaSoft\Prefs at root 0xffffffff80000002. Windows RegCreateKeyEx(...) returned error code 5.
2025-09-19 18:33:15,646 [ERROR] LogOutputStream:75 - [STDERR_REDIRECT] 
2025-09-19 18:33:15,848 [FATAL] Updater:351 - Updater called before beeing initialized
2025-09-19 18:33:15,849 [ERROR] IntegrityCheckThread:130 - Cannot retrieve database content from updater: error 21
2025-09-19 18:33:15,850 [INFO] ThirdParty:978 - Integrity check success = false
2025-09-19 18:33:15,850 [INFO] IntegrityCheckThread:100 - exiting critical section [integrity check]
2025-09-19 18:33:15,850 [INFO] IntegrityCheckThread:103 - End integrity checks thread
2025-09-19 18:33:16,419 [INFO] MainUpdater:2872 - connection check result : 10
2025-09-19 18:33:16,421 [INFO] MainUpdater:289 - Updater Check For Update Now.
2025-09-19 18:33:16,421 [INFO] MicroXplorer:498 - Change Database Version : DB.6.0.141
2025-09-19 18:33:16,431 [INFO] McuFinderGlobals:63 - Set McuFinder mode to 2 (CubeIDE integrated)
2025-09-19 18:33:16,433 [INFO] UserAuth:484 - Internet connection configuration mode: 1
2025-09-19 18:33:16,485 [INFO] JxBrowserEngine:152 - Initiate JxBrowser Engine with user profile folder
2025-09-19 18:33:16,629 [ERROR] LogOutputStream:75 - [STDERR_REDIRECT] [Fatal Error] :1:1: Premature end of file.
2025-09-19 18:33:16,629 [ERROR] LogOutputStream:75 - [STDERR_REDIRECT] 
2025-09-19 18:33:16,739 [INFO] CheckServerUpdateThread:120 - End of CheckServer Thread
2025-09-19 18:33:17,586 [ERROR] LogOutputStream:75 - [STDERR_REDIRECT] [Fatal Error] :1:1: Premature end of file.
2025-09-19 18:33:17,586 [ERROR] LogOutputStream:75 - [STDERR_REDIRECT] 
2025-09-19 18:33:18,590 [ERROR] LogOutputStream:75 - [STDERR_REDIRECT] [Fatal Error] :1:1: Premature end of file.
2025-09-19 18:33:18,590 [ERROR] LogOutputStream:75 - [STDERR_REDIRECT] 
2025-09-19 18:33:18,751 [INFO] WebApp:169 - Instantiating new browser for Auth
2025-09-19 18:33:19,588 [ERROR] LogOutputStream:75 - [STDERR_REDIRECT] [Fatal Error] :1:1: Premature end of file.
2025-09-19 18:33:19,588 [ERROR] LogOutputStream:75 - [STDERR_REDIRECT] 
2025-09-19 18:33:20,126 [INFO] WebApp:463 - Apply proxy settings
2025-09-19 18:33:20,127 [INFO] WebApp:548 - Chromium requires no authentication
2025-09-19 18:33:20,142 [INFO] WebApp:491 - Direct internet connection detected
2025-09-19 18:33:20,184 [INFO] WebApp:894 - Register for checkConnection events
2025-09-19 18:33:20,184 [INFO] WebApp:463 - Apply proxy settings
2025-09-19 18:33:20,185 [INFO] WebApp:548 - Chromium requires no authentication
2025-09-19 18:33:20,185 [INFO] WebApp:491 - Direct internet connection detected
2025-09-19 18:33:20,503 [INFO] WebApp:191 - Connection restablished
2025-09-19 18:33:20,589 [INFO] WebApp:225 - Starting web application
2025-09-19 18:33:20,589 [INFO] WebApp:593 - Web application path used C:\ST\STM32CubeIDE_1.17.0\STM32CubeIDE\plugins\com.st.stm32cube.common.mx_6.14.1.202504091515\db\plugins\mcufinder\reactClient1\index.html
2025-09-19 18:33:20,628 [ERROR] LogOutputStream:75 - [STDERR_REDIRECT] [Fatal Error] :1:1: Premature end of file.
2025-09-19 18:33:20,629 [ERROR] LogOutputStream:75 - [STDERR_REDIRECT] 
2025-09-19 18:33:20,911 [INFO] UserAuth:484 - Internet connection configuration mode: 1
2025-09-19 18:33:21,571 [ERROR] LogOutputStream:75 - [STDERR_REDIRECT] [Fatal Error] :1:1: Premature end of file.
2025-09-19 18:33:21,572 [ERROR] LogOutputStream:75 - [STDERR_REDIRECT] 
2025-09-19 18:33:22,593 [ERROR] LogOutputStream:75 - [STDERR_REDIRECT] [Fatal Error] :1:1: Premature end of file.
2025-09-19 18:33:22,594 [ERROR] LogOutputStream:75 - [STDERR_REDIRECT] 
2025-09-19 18:33:23,579 [ERROR] LogOutputStream:75 - [STDERR_REDIRECT] [Fatal Error] :1:1: Premature end of file.
2025-09-19 18:33:23,579 [ERROR] LogOutputStream:75 - [STDERR_REDIRECT] 
2025-09-19 18:33:24,588 [ERROR] LogOutputStream:75 - [STDERR_REDIRECT] [Fatal Error] :1:1: Premature end of file.
2025-09-19 18:33:24,589 [ERROR] LogOutputStream:75 - [STDERR_REDIRECT] 
2025-09-19 18:33:25,575 [ERROR] LogOutputStream:75 - [STDERR_REDIRECT] [Fatal Error] :1:1: Premature end of file.
2025-09-19 18:33:25,576 [ERROR] LogOutputStream:75 - [STDERR_REDIRECT] 
2025-09-19 18:33:26,580 [ERROR] LogOutputStream:75 - [STDERR_REDIRECT] [Fatal Error] :1:1: Premature end of file.
2025-09-19 18:33:26,581 [ERROR] LogOutputStream:75 - [STDERR_REDIRECT] 
2025-09-19 18:33:27,571 [ERROR] LogOutputStream:75 - [STDERR_REDIRECT] [Fatal Error] :1:1: Premature end of file.
2025-09-19 18:33:27,572 [ERROR] LogOutputStream:75 - [STDERR_REDIRECT] 
2025-09-19 18:33:28,587 [ERROR] LogOutputStream:75 - [STDERR_REDIRECT] [Fatal Error] :1:1: Premature end of file.
2025-09-19 18:33:28,587 [ERROR] LogOutputStream:75 - [STDERR_REDIRECT] 
2025-09-19 18:33:29,581 [ERROR] LogOutputStream:75 - [STDERR_REDIRECT] [Fatal Error] :1:1: Premature end of file.
2025-09-19 18:33:29,582 [ERROR] LogOutputStream:75 - [STDERR_REDIRECT] 
2025-09-19 18:33:30,576 [ERROR] LogOutputStream:75 - [STDERR_REDIRECT] [Fatal Error] :1:1: Premature end of file.
2025-09-19 18:33:30,576 [ERROR] LogOutputStream:75 - [STDERR_REDIRECT] 
2025-09-19 18:33:31,577 [ERROR] LogOutputStream:75 - [STDERR_REDIRECT] [Fatal Error] :1:1: Premature end of file.
2025-09-19 18:33:31,577 [ERROR] LogOutputStream:75 - [STDERR_REDIRECT] 
2025-09-19 18:33:32,568 [ERROR] LogOutputStream:75 - [STDERR_REDIRECT] [Fatal Error] :1:1: Premature end of file.
2025-09-19 18:33:32,568 [ERROR] LogOutputStream:75 - [STDERR_REDIRECT] 
2025-09-19 18:33:33,585 [ERROR] LogOutputStream:75 - [STDERR_REDIRECT] [Fatal Error] :1:1: Premature end of file.
2025-09-19 18:33:33,585 [ERROR] LogOutputStream:75 - [STDERR_REDIRECT] 
2025-09-19 18:33:34,586 [ERROR] LogOutputStream:75 - [STDERR_REDIRECT] [Fatal Error] :1:1: Premature end of file.
2025-09-19 18:33:34,586 [ERROR] LogOutputStream:75 - [STDERR_REDIRECT] 
2025-09-19 18:33:35,579 [ERROR] LogOutputStream:75 - [STDERR_REDIRECT] [Fatal Error] :1:1: Premature end of file.
2025-09-19 18:33:35,579 [ERROR] LogOutputStream:75 - [STDERR_REDIRECT] 
2025-09-19 18:33:36,569 [ERROR] LogOutputStream:75 - [STDERR_REDIRECT] [Fatal Error] :1:1: Premature end of file.
2025-09-19 18:33:36,570 [ERROR] LogOutputStream:75 - [STDERR_REDIRECT] 
2025-09-19 18:33:37,574 [ERROR] LogOutputStream:75 - [STDERR_REDIRECT] [Fatal Error] :1:1: Premature end of file.
2025-09-19 18:33:37,575 [ERROR] LogOutputStream:75 - [STDERR_REDIRECT] 
2025-09-19 18:33:38,570 [ERROR] LogOutputStream:75 - [STDERR_REDIRECT] [Fatal Error] :1:1: Premature end of file.
2025-09-19 18:33:38,570 [ERROR] LogOutputStream:75 - [STDERR_REDIRECT] 
2025-09-19 18:33:39,573 [ERROR] LogOutputStream:75 - [STDERR_REDIRECT] [Fatal Error] :1:1: Premature end of file.
2025-09-19 18:33:39,573 [ERROR] LogOutputStream:75 - [STDERR_REDIRECT] 
2025-09-19 18:33:40,568 [ERROR] LogOutputStream:75 - [STDERR_REDIRECT] [Fatal Error] :1:1: Premature end of file.
2025-09-19 18:33:40,569 [ERROR] LogOutputStream:75 - [STDERR_REDIRECT] 
2025-09-19 18:33:41,591 [ERROR] LogOutputStream:75 - [STDERR_REDIRECT] [Fatal Error] :1:1: Premature end of file.
2025-09-19 18:33:41,591 [ERROR] LogOutputStream:75 - [STDERR_REDIRECT] 
2025-09-19 18:33:42,566 [ERROR] LogOutputStream:75 - [STDERR_REDIRECT] [Fatal Error] :1:1: Premature end of file.
2025-09-19 18:33:42,566 [ERROR] LogOutputStream:75 - [STDERR_REDIRECT] 
2025-09-19 18:33:43,598 [ERROR] LogOutputStream:75 - [STDERR_REDIRECT] [Fatal Error] :1:1: Premature end of file.
2025-09-19 18:33:43,599 [ERROR] LogOutputStream:75 - [STDERR_REDIRECT] 
2025-09-19 18:33:44,584 [ERROR] LogOutputStream:75 - [STDERR_REDIRECT] [Fatal Error] :1:1: Premature end of file.
2025-09-19 18:33:44,584 [ERROR] LogOutputStream:75 - [STDERR_REDIRECT] 
2025-09-19 18:33:45,573 [ERROR] LogOutputStream:75 - [STDERR_REDIRECT] [Fatal Error] :1:1: Premature end of file.
2025-09-19 18:33:45,575 [ERROR] LogOutputStream:75 - [STDERR_REDIRECT] 
2025-09-19 18:33:46,571 [ERROR] LogOutputStream:75 - [STDERR_REDIRECT] [Fatal Error] :1:1: Premature end of file.
2025-09-19 18:33:46,571 [ERROR] LogOutputStream:75 - [STDERR_REDIRECT] 
2025-09-19 18:33:47,570 [ERROR] LogOutputStream:75 - [STDERR_REDIRECT] [Fatal Error] :1:1: Premature end of file.
2025-09-19 18:33:47,570 [ERROR] LogOutputStream:75 - [STDERR_REDIRECT] 
2025-09-19 18:33:48,569 [ERROR] LogOutputStream:75 - [STDERR_REDIRECT] [Fatal Error] :1:1: Premature end of file.
2025-09-19 18:33:48,570 [ERROR] LogOutputStream:75 - [STDERR_REDIRECT] 
2025-09-19 18:33:49,573 [ERROR] LogOutputStream:75 - [STDERR_REDIRECT] [Fatal Error] :1:1: Premature end of file.
2025-09-19 18:33:49,573 [ERROR] LogOutputStream:75 - [STDERR_REDIRECT] 
2025-09-19 18:33:50,581 [ERROR] LogOutputStream:75 - [STDERR_REDIRECT] [Fatal Error] :1:1: Premature end of file.
2025-09-19 18:33:50,581 [ERROR] LogOutputStream:75 - [STDERR_REDIRECT] 
2025-09-19 18:33:51,586 [ERROR] LogOutputStream:75 - [STDERR_REDIRECT] [Fatal Error] :1:1: Premature end of file.
2025-09-19 18:33:51,587 [ERROR] LogOutputStream:75 - [STDERR_REDIRECT] 
2025-09-19 18:33:52,582 [ERROR] LogOutputStream:75 - [STDERR_REDIRECT] [Fatal Error] :1:1: Premature end of file.
2025-09-19 18:33:52,582 [ERROR] LogOutputStream:75 - [STDERR_REDIRECT] 
2025-09-19 18:33:53,596 [ERROR] LogOutputStream:75 - [STDERR_REDIRECT] [Fatal Error] :1:1: Premature end of file.
2025-09-19 18:33:53,598 [ERROR] LogOutputStream:75 - [STDERR_REDIRECT] 
2025-09-19 18:33:54,602 [ERROR] LogOutputStream:75 - [STDERR_REDIRECT] [Fatal Error] :1:1: Premature end of file.
2025-09-19 18:33:54,603 [ERROR] LogOutputStream:75 - [STDERR_REDIRECT] 
2025-09-19 18:33:55,579 [ERROR] LogOutputStream:75 - [STDERR_REDIRECT] [Fatal Error] :1:1: Premature end of file.
2025-09-19 18:33:55,579 [ERROR] LogOutputStream:75 - [STDERR_REDIRECT] 
2025-09-19 18:33:56,581 [ERROR] LogOutputStream:75 - [STDERR_REDIRECT] [Fatal Error] :1:1: Premature end of file.
2025-09-19 18:33:56,581 [ERROR] LogOutputStream:75 - [STDERR_REDIRECT] 
2025-09-19 18:33:57,589 [ERROR] LogOutputStream:75 - [STDERR_REDIRECT] [Fatal Error] :1:1: Premature end of file.
2025-09-19 18:33:57,590 [ERROR] LogOutputStream:75 - [STDERR_REDIRECT] 
2025-09-19 18:33:58,580 [ERROR] LogOutputStream:75 - [STDERR_REDIRECT] [Fatal Error] :1:1: Premature end of file.
2025-09-19 18:33:58,580 [ERROR] LogOutputStream:75 - [STDERR_REDIRECT] 
2025-09-19 18:33:59,576 [ERROR] LogOutputStream:75 - [STDERR_REDIRECT] [Fatal Error] :1:1: Premature end of file.
2025-09-19 18:33:59,576 [ERROR] LogOutputStream:75 - [STDERR_REDIRECT] 
2025-09-19 18:34:00,575 [ERROR] LogOutputStream:75 - [STDERR_REDIRECT] [Fatal Error] :1:1: Premature end of file.
2025-09-19 18:34:00,575 [ERROR] LogOutputStream:75 - [STDERR_REDIRECT] 
2025-09-19 18:34:01,575 [ERROR] LogOutputStream:75 - [STDERR_REDIRECT] [Fatal Error] :1:1: Premature end of file.
2025-09-19 18:34:01,576 [ERROR] LogOutputStream:75 - [STDERR_REDIRECT] 
2025-09-19 18:34:02,584 [ERROR] LogOutputStream:75 - [STDERR_REDIRECT] [Fatal Error] :1:1: Premature end of file.
2025-09-19 18:34:02,585 [ERROR] LogOutputStream:75 - [STDERR_REDIRECT] 
2025-09-19 18:34:03,581 [ERROR] LogOutputStream:75 - [STDERR_REDIRECT] [Fatal Error] :1:1: Premature end of file.
2025-09-19 18:34:03,581 [ERROR] LogOutputStream:75 - [STDERR_REDIRECT] 
2025-09-19 18:34:04,578 [ERROR] LogOutputStream:75 - [STDERR_REDIRECT] [Fatal Error] :1:1: Premature end of file.
2025-09-19 18:34:04,579 [ERROR] LogOutputStream:75 - [STDERR_REDIRECT] 
2025-09-19 18:34:05,583 [ERROR] LogOutputStream:75 - [STDERR_REDIRECT] [Fatal Error] :1:1: Premature end of file.
2025-09-19 18:34:05,583 [ERROR] LogOutputStream:75 - [STDERR_REDIRECT] 
2025-09-19 18:34:06,583 [ERROR] LogOutputStream:75 - [STDERR_REDIRECT] [Fatal Error] :1:1: Premature end of file.
2025-09-19 18:34:06,583 [ERROR] LogOutputStream:75 - [STDERR_REDIRECT] 
2025-09-19 18:34:07,583 [ERROR] LogOutputStream:75 - [STDERR_REDIRECT] [Fatal Error] :1:1: Premature end of file.
2025-09-19 18:34:07,583 [ERROR] LogOutputStream:75 - [STDERR_REDIRECT] 
2025-09-19 18:34:08,577 [ERROR] LogOutputStream:75 - [STDERR_REDIRECT] [Fatal Error] :1:1: Premature end of file.
2025-09-19 18:34:08,577 [ERROR] LogOutputStream:75 - [STDERR_REDIRECT] 
2025-09-19 18:34:09,583 [ERROR] LogOutputStream:75 - [STDERR_REDIRECT] [Fatal Error] :1:1: Premature end of file.
2025-09-19 18:34:09,583 [ERROR] LogOutputStream:75 - [STDERR_REDIRECT] 
2025-09-19 18:34:10,574 [ERROR] LogOutputStream:75 - [STDERR_REDIRECT] [Fatal Error] :1:1: Premature end of file.
2025-09-19 18:34:10,575 [ERROR] LogOutputStream:75 - [STDERR_REDIRECT] 
2025-09-19 18:34:11,571 [ERROR] LogOutputStream:75 - [STDERR_REDIRECT] [Fatal Error] :1:1: Premature end of file.
2025-09-19 18:34:11,571 [ERROR] LogOutputStream:75 - [STDERR_REDIRECT] 
2025-09-19 18:34:12,613 [ERROR] LogOutputStream:75 - [STDERR_REDIRECT] [Fatal Error] :1:1: Premature end of file.
2025-09-19 18:34:12,613 [ERROR] LogOutputStream:75 - [STDERR_REDIRECT] 
2025-09-19 18:34:13,584 [ERROR] LogOutputStream:75 - [STDERR_REDIRECT] [Fatal Error] :1:1: Premature end of file.
2025-09-19 18:34:13,584 [ERROR] LogOutputStream:75 - [STDERR_REDIRECT] 
2025-09-19 18:34:14,571 [ERROR] LogOutputStream:75 - [STDERR_REDIRECT] [Fatal Error] :1:1: Premature end of file.
2025-09-19 18:34:14,572 [ERROR] LogOutputStream:75 - [STDERR_REDIRECT] 
2025-09-19 18:34:15,574 [ERROR] LogOutputStream:75 - [STDERR_REDIRECT] [Fatal Error] :1:1: Premature end of file.
2025-09-19 18:34:15,574 [ERROR] LogOutputStream:75 - [STDERR_REDIRECT] 
2025-09-19 18:34:16,593 [ERROR] LogOutputStream:75 - [STDERR_REDIRECT] [Fatal Error] :1:1: Premature end of file.
2025-09-19 18:34:16,593 [ERROR] LogOutputStream:75 - [STDERR_REDIRECT] 
2025-09-19 18:34:17,584 [ERROR] LogOutputStream:75 - [STDERR_REDIRECT] [Fatal Error] :1:1: Premature end of file.
2025-09-19 18:34:17,585 [ERROR] LogOutputStream:75 - [STDERR_REDIRECT] 
2025-09-19 18:34:18,585 [ERROR] LogOutputStream:75 - [STDERR_REDIRECT] [Fatal Error] :1:1: Premature end of file.
2025-09-19 18:34:18,586 [ERROR] LogOutputStream:75 - [STDERR_REDIRECT] 
2025-09-19 18:34:19,578 [ERROR] LogOutputStream:75 - [STDERR_REDIRECT] [Fatal Error] :1:1: Premature end of file.
2025-09-19 18:34:19,578 [ERROR] LogOutputStream:75 - [STDERR_REDIRECT] 
2025-09-19 18:34:20,581 [ERROR] LogOutputStream:75 - [STDERR_REDIRECT] [Fatal Error] :1:1: Premature end of file.
2025-09-19 18:34:20,581 [ERROR] LogOutputStream:75 - [STDERR_REDIRECT] 
2025-09-19 18:34:21,579 [ERROR] LogOutputStream:75 - [STDERR_REDIRECT] [Fatal Error] :1:1: Premature end of file.
2025-09-19 18:34:21,579 [ERROR] LogOutputStream:75 - [STDERR_REDIRECT] 
2025-09-19 18:34:22,578 [ERROR] LogOutputStream:75 - [STDERR_REDIRECT] [Fatal Error] :1:1: Premature end of file.
2025-09-19 18:34:22,579 [ERROR] LogOutputStream:75 - [STDERR_REDIRECT] 
2025-09-19 18:34:23,583 [ERROR] LogOutputStream:75 - [STDERR_REDIRECT] [Fatal Error] :1:1: Premature end of file.
2025-09-19 18:34:23,584 [ERROR] LogOutputStream:75 - [STDERR_REDIRECT] 
2025-09-19 18:34:24,585 [ERROR] LogOutputStream:75 - [STDERR_REDIRECT] [Fatal Error] :1:1: Premature end of file.
2025-09-19 18:34:24,585 [ERROR] LogOutputStream:75 - [STDERR_REDIRECT] 
2025-09-19 18:34:25,578 [ERROR] LogOutputStream:75 - [STDERR_REDIRECT] [Fatal Error] :1:1: Premature end of file.
2025-09-19 18:34:25,578 [ERROR] LogOutputStream:75 - [STDERR_REDIRECT] 
2025-09-19 18:34:26,578 [ERROR] LogOutputStream:75 - [STDERR_REDIRECT] [Fatal Error] :1:1: Premature end of file.
2025-09-19 18:34:26,578 [ERROR] LogOutputStream:75 - [STDERR_REDIRECT] 
2025-09-19 18:34:27,575 [ERROR] LogOutputStream:75 - [STDERR_REDIRECT] [Fatal Error] :1:1: Premature end of file.
2025-09-19 18:34:27,576 [ERROR] LogOutputStream:75 - [STDERR_REDIRECT] 
2025-09-19 18:34:28,585 [ERROR] LogOutputStream:75 - [STDERR_REDIRECT] [Fatal Error] :1:1: Premature end of file.
2025-09-19 18:34:28,585 [ERROR] LogOutputStream:75 - [STDERR_REDIRECT] 
2025-09-19 18:34:29,584 [ERROR] LogOutputStream:75 - [STDERR_REDIRECT] [Fatal Error] :1:1: Premature end of file.
2025-09-19 18:34:29,584 [ERROR] LogOutputStream:75 - [STDERR_REDIRECT] 
2025-09-19 18:34:30,578 [ERROR] LogOutputStream:75 - [STDERR_REDIRECT] [Fatal Error] :1:1: Premature end of file.
2025-09-19 18:34:30,578 [ERROR] LogOutputStream:75 - [STDERR_REDIRECT] 
2025-09-19 18:34:31,583 [ERROR] LogOutputStream:75 - [STDERR_REDIRECT] [Fatal Error] :1:1: Premature end of file.
2025-09-19 18:34:31,584 [ERROR] LogOutputStream:75 - [STDERR_REDIRECT] 
2025-09-19 18:34:32,580 [ERROR] LogOutputStream:75 - [STDERR_REDIRECT] [Fatal Error] :1:1: Premature end of file.
2025-09-19 18:34:32,581 [ERROR] LogOutputStream:75 - [STDERR_REDIRECT] 
2025-09-19 18:34:33,582 [ERROR] LogOutputStream:75 - [STDERR_REDIRECT] [Fatal Error] :1:1: Premature end of file.
2025-09-19 18:34:33,583 [ERROR] LogOutputStream:75 - [STDERR_REDIRECT] 
2025-09-19 18:34:34,589 [ERROR] LogOutputStream:75 - [STDERR_REDIRECT] [Fatal Error] :1:1: Premature end of file.
2025-09-19 18:34:34,589 [ERROR] LogOutputStream:75 - [STDERR_REDIRECT] 
2025-09-19 18:34:35,576 [ERROR] LogOutputStream:75 - [STDERR_REDIRECT] [Fatal Error] :1:1: Premature end of file.
2025-09-19 18:34:35,577 [ERROR] LogOutputStream:75 - [STDERR_REDIRECT] 
2025-09-19 18:34:36,578 [ERROR] LogOutputStream:75 - [STDERR_REDIRECT] [Fatal Error] :1:1: Premature end of file.
2025-09-19 18:34:36,578 [ERROR] LogOutputStream:75 - [STDERR_REDIRECT] 
2025-09-19 18:34:37,573 [ERROR] LogOutputStream:75 - [STDERR_REDIRECT] [Fatal Error] :1:1: Premature end of file.
2025-09-19 18:34:37,573 [ERROR] LogOutputStream:75 - [STDERR_REDIRECT] 
2025-09-19 18:34:38,573 [ERROR] LogOutputStream:75 - [STDERR_REDIRECT] [Fatal Error] :1:1: Premature end of file.
2025-09-19 18:34:38,573 [ERROR] LogOutputStream:75 - [STDERR_REDIRECT] 
2025-09-19 18:34:39,576 [ERROR] LogOutputStream:75 - [STDERR_REDIRECT] [Fatal Error] :1:1: Premature end of file.
2025-09-19 18:34:39,576 [ERROR] LogOutputStream:75 - [STDERR_REDIRECT] 
2025-09-19 18:34:40,574 [ERROR] LogOutputStream:75 - [STDERR_REDIRECT] [Fatal Error] :1:1: Premature end of file.
2025-09-19 18:34:40,575 [ERROR] LogOutputStream:75 - [STDERR_REDIRECT] 
2025-09-19 18:34:41,583 [ERROR] LogOutputStream:75 - [STDERR_REDIRECT] [Fatal Error] :1:1: Premature end of file.
2025-09-19 18:34:41,583 [ERROR] LogOutputStream:75 - [STDERR_REDIRECT] 
2025-09-19 18:34:42,582 [ERROR] LogOutputStream:75 - [STDERR_REDIRECT] [Fatal Error] :1:1: Premature end of file.
2025-09-19 18:34:42,582 [ERROR] LogOutputStream:75 - [STDERR_REDIRECT] 
2025-09-19 18:34:43,577 [ERROR] LogOutputStream:75 - [STDERR_REDIRECT] [Fatal Error] :1:1: Premature end of file.
2025-09-19 18:34:43,577 [ERROR] LogOutputStream:75 - [STDERR_REDIRECT] 
2025-09-19 18:34:44,598 [ERROR] LogOutputStream:75 - [STDERR_REDIRECT] [Fatal Error] :1:1: Premature end of file.
2025-09-19 18:34:44,599 [ERROR] LogOutputStream:75 - [STDERR_REDIRECT] 
2025-09-19 18:34:45,590 [ERROR] LogOutputStream:75 - [STDERR_REDIRECT] [Fatal Error] :1:1: Premature end of file.
2025-09-19 18:34:45,590 [ERROR] LogOutputStream:75 - [STDERR_REDIRECT] 
2025-09-19 18:34:46,577 [ERROR] LogOutputStream:75 - [STDERR_REDIRECT] [Fatal Error] :1:1: Premature end of file.
2025-09-19 18:34:46,577 [ERROR] LogOutputStream:75 - [STDERR_REDIRECT] 
2025-09-19 18:34:47,568 [ERROR] LogOutputStream:75 - [STDERR_REDIRECT] [Fatal Error] :1:1: Premature end of file.
2025-09-19 18:34:47,570 [ERROR] LogOutputStream:75 - [STDERR_REDIRECT] 
2025-09-19 18:34:48,575 [ERROR] LogOutputStream:75 - [STDERR_REDIRECT] [Fatal Error] :1:1: Premature end of file.
2025-09-19 18:34:48,575 [ERROR] LogOutputStream:75 - [STDERR_REDIRECT] 
2025-09-19 18:34:49,576 [ERROR] LogOutputStream:75 - [STDERR_REDIRECT] [Fatal Error] :1:1: Premature end of file.
2025-09-19 18:34:49,576 [ERROR] LogOutputStream:75 - [STDERR_REDIRECT] 
2025-09-19 18:34:50,583 [ERROR] LogOutputStream:75 - [STDERR_REDIRECT] [Fatal Error] :1:1: Premature end of file.
2025-09-19 18:34:50,583 [ERROR] LogOutputStream:75 - [STDERR_REDIRECT] 
2025-09-19 18:34:51,583 [ERROR] LogOutputStream:75 - [STDERR_REDIRECT] [Fatal Error] :1:1: Premature end of file.
2025-09-19 18:34:51,584 [ERROR] LogOutputStream:75 - [STDERR_REDIRECT] 
2025-09-19 18:34:52,575 [ERROR] LogOutputStream:75 - [STDERR_REDIRECT] [Fatal Error] :1:1: Premature end of file.
2025-09-19 18:34:52,575 [ERROR] LogOutputStream:75 - [STDERR_REDIRECT] 
2025-09-19 18:34:53,582 [ERROR] LogOutputStream:75 - [STDERR_REDIRECT] [Fatal Error] :1:1: Premature end of file.
2025-09-19 18:34:53,583 [ERROR] LogOutputStream:75 - [STDERR_REDIRECT] 
2025-09-19 18:34:54,593 [ERROR] LogOutputStream:75 - [STDERR_REDIRECT] [Fatal Error] :1:1: Premature end of file.
2025-09-19 18:34:54,594 [ERROR] LogOutputStream:75 - [STDERR_REDIRECT] 
2025-09-19 18:34:55,580 [ERROR] LogOutputStream:75 - [STDERR_REDIRECT] [Fatal Error] :1:1: Premature end of file.
2025-09-19 18:34:55,580 [ERROR] LogOutputStream:75 - [STDERR_REDIRECT] 
2025-09-19 18:34:56,584 [ERROR] LogOutputStream:75 - [STDERR_REDIRECT] [Fatal Error] :1:1: Premature end of file.
2025-09-19 18:34:56,584 [ERROR] LogOutputStream:75 - [STDERR_REDIRECT] 
2025-09-19 18:34:57,576 [ERROR] LogOutputStream:75 - [STDERR_REDIRECT] [Fatal Error] :1:1: Premature end of file.
2025-09-19 18:34:57,576 [ERROR] LogOutputStream:75 - [STDERR_REDIRECT] 
2025-09-19 18:34:58,570 [ERROR] LogOutputStream:75 - [STDERR_REDIRECT] [Fatal Error] :1:1: Premature end of file.
2025-09-19 18:34:58,571 [ERROR] LogOutputStream:75 - [STDERR_REDIRECT] 
2025-09-19 18:34:59,574 [ERROR] LogOutputStream:75 - [STDERR_REDIRECT] [Fatal Error] :1:1: Premature end of file.
2025-09-19 18:34:59,575 [ERROR] LogOutputStream:75 - [STDERR_REDIRECT] 
2025-09-19 18:35:00,580 [ERROR] LogOutputStream:75 - [STDERR_REDIRECT] [Fatal Error] :1:1: Premature end of file.
2025-09-19 18:35:00,580 [ERROR] LogOutputStream:75 - [STDERR_REDIRECT] 
2025-09-19 18:35:01,570 [ERROR] LogOutputStream:75 - [STDERR_REDIRECT] [Fatal Error] :1:1: Premature end of file.
2025-09-19 18:35:01,572 [ERROR] LogOutputStream:75 - [STDERR_REDIRECT] 
2025-09-19 18:35:02,576 [ERROR] LogOutputStream:75 - [STDERR_REDIRECT] [Fatal Error] :1:1: Premature end of file.
2025-09-19 18:35:02,577 [ERROR] LogOutputStream:75 - [STDERR_REDIRECT] 
2025-09-19 18:35:03,595 [ERROR] LogOutputStream:75 - [STDERR_REDIRECT] [Fatal Error] :1:1: Premature end of file.
2025-09-19 18:35:03,595 [ERROR] LogOutputStream:75 - [STDERR_REDIRECT] 
2025-09-19 18:35:04,579 [ERROR] LogOutputStream:75 - [STDERR_REDIRECT] [Fatal Error] :1:1: Premature end of file.
2025-09-19 18:35:04,579 [ERROR] LogOutputStream:75 - [STDERR_REDIRECT] 
2025-09-19 18:35:05,599 [ERROR] LogOutputStream:75 - [STDERR_REDIRECT] [Fatal Error] :1:1: Premature end of file.
2025-09-19 18:35:05,601 [ERROR] LogOutputStream:75 - [STDERR_REDIRECT] 
2025-09-19 18:35:06,651 [ERROR] LogOutputStream:75 - [STDERR_REDIRECT] [Fatal Error] :1:1: Premature end of file.
2025-09-19 18:35:06,652 [ERROR] LogOutputStream:75 - [STDERR_REDIRECT] 
2025-09-19 18:35:07,597 [ERROR] LogOutputStream:75 - [STDERR_REDIRECT] [Fatal Error] :1:1: Premature end of file.
2025-09-19 18:35:07,597 [ERROR] LogOutputStream:75 - [STDERR_REDIRECT] 
2025-09-19 18:35:08,582 [ERROR] LogOutputStream:75 - [STDERR_REDIRECT] [Fatal Error] :1:1: Premature end of file.
2025-09-19 18:35:08,582 [ERROR] LogOutputStream:75 - [STDERR_REDIRECT] 
2025-09-19 18:35:09,588 [ERROR] LogOutputStream:75 - [STDERR_REDIRECT] [Fatal Error] :1:1: Premature end of file.
2025-09-19 18:35:09,589 [ERROR] LogOutputStream:75 - [STDERR_REDIRECT] 
2025-09-19 18:35:10,604 [ERROR] LogOutputStream:75 - [STDERR_REDIRECT] [Fatal Error] :1:1: Premature end of file.
2025-09-19 18:35:10,604 [ERROR] LogOutputStream:75 - [STDERR_REDIRECT] 
2025-09-19 18:35:11,574 [ERROR] LogOutputStream:75 - [STDERR_REDIRECT] [Fatal Error] :1:1: Premature end of file.
2025-09-19 18:35:11,574 [ERROR] LogOutputStream:75 - [STDERR_REDIRECT] 
2025-09-19 18:35:12,594 [ERROR] LogOutputStream:75 - [STDERR_REDIRECT] [Fatal Error] :1:1: Premature end of file.
2025-09-19 18:35:12,594 [ERROR] LogOutputStream:75 - [STDERR_REDIRECT] 
2025-09-19 18:35:13,583 [ERROR] LogOutputStream:75 - [STDERR_REDIRECT] [Fatal Error] :1:1: Premature end of file.
2025-09-19 18:35:13,583 [ERROR] LogOutputStream:75 - [STDERR_REDIRECT] 
2025-09-19 18:35:14,579 [ERROR] LogOutputStream:75 - [STDERR_REDIRECT] [Fatal Error] :1:1: Premature end of file.
2025-09-19 18:35:14,580 [ERROR] LogOutputStream:75 - [STDERR_REDIRECT] 
2025-09-19 18:35:15,579 [ERROR] LogOutputStream:75 - [STDERR_REDIRECT] [Fatal Error] :1:1: Premature end of file.
2025-09-19 18:35:15,579 [ERROR] LogOutputStream:75 - [STDERR_REDIRECT] 
2025-09-19 18:35:16,590 [ERROR] LogOutputStream:75 - [STDERR_REDIRECT] [Fatal Error] :1:1: Premature end of file.
2025-09-19 18:35:16,590 [ERROR] LogOutputStream:75 - [STDERR_REDIRECT] 
2025-09-19 18:35:17,593 [ERROR] LogOutputStream:75 - [STDERR_REDIRECT] [Fatal Error] :1:1: Premature end of file.
2025-09-19 18:35:17,593 [ERROR] LogOutputStream:75 - [STDERR_REDIRECT] 
2025-09-19 18:35:18,577 [ERROR] LogOutputStream:75 - [STDERR_REDIRECT] [Fatal Error] :1:1: Premature end of file.
2025-09-19 18:35:18,577 [ERROR] LogOutputStream:75 - [STDERR_REDIRECT] 
2025-09-19 18:35:19,577 [ERROR] LogOutputStream:75 - [STDERR_REDIRECT] [Fatal Error] :1:1: Premature end of file.
2025-09-19 18:35:19,577 [ERROR] LogOutputStream:75 - [STDERR_REDIRECT] 
2025-09-19 18:35:20,587 [ERROR] LogOutputStream:75 - [STDERR_REDIRECT] [Fatal Error] :1:1: Premature end of file.
2025-09-19 18:35:20,588 [ERROR] LogOutputStream:75 - [STDERR_REDIRECT] 
2025-09-19 18:35:21,580 [ERROR] LogOutputStream:75 - [STDERR_REDIRECT] [Fatal Error] :1:1: Premature end of file.
2025-09-19 18:35:21,580 [ERROR] LogOutputStream:75 - [STDERR_REDIRECT] 
2025-09-19 18:35:22,575 [ERROR] LogOutputStream:75 - [STDERR_REDIRECT] [Fatal Error] :1:1: Premature end of file.
2025-09-19 18:35:22,576 [ERROR] LogOutputStream:75 - [STDERR_REDIRECT] 
2025-09-19 18:35:23,580 [ERROR] LogOutputStream:75 - [STDERR_REDIRECT] [Fatal Error] :1:1: Premature end of file.
2025-09-19 18:35:23,580 [ERROR] LogOutputStream:75 - [STDERR_REDIRECT] 
2025-09-19 18:35:24,570 [ERROR] LogOutputStream:75 - [STDERR_REDIRECT] [Fatal Error] :1:1: Premature end of file.
2025-09-19 18:35:24,570 [ERROR] LogOutputStream:75 - [STDERR_REDIRECT] 
2025-09-19 18:35:25,617 [ERROR] LogOutputStream:75 - [STDERR_REDIRECT] [Fatal Error] :1:1: Premature end of file.
2025-09-19 18:35:25,618 [ERROR] LogOutputStream:75 - [STDERR_REDIRECT] 
2025-09-19 18:35:26,583 [ERROR] LogOutputStream:75 - [STDERR_REDIRECT] [Fatal Error] :1:1: Premature end of file.
2025-09-19 18:35:26,583 [ERROR] LogOutputStream:75 - [STDERR_REDIRECT] 
2025-09-19 18:35:27,580 [ERROR] LogOutputStream:75 - [STDERR_REDIRECT] [Fatal Error] :1:1: Premature end of file.
2025-09-19 18:35:27,580 [ERROR] LogOutputStream:75 - [STDERR_REDIRECT] 
2025-09-19 18:35:28,579 [ERROR] LogOutputStream:75 - [STDERR_REDIRECT] [Fatal Error] :1:1: Premature end of file.
2025-09-19 18:35:28,579 [ERROR] LogOutputStream:75 - [STDERR_REDIRECT] 
2025-09-19 18:35:29,575 [ERROR] LogOutputStream:75 - [STDERR_REDIRECT] [Fatal Error] :1:1: Premature end of file.
2025-09-19 18:35:29,575 [ERROR] LogOutputStream:75 - [STDERR_REDIRECT] 
2025-09-19 18:35:30,573 [ERROR] LogOutputStream:75 - [STDERR_REDIRECT] [Fatal Error] :1:1: Premature end of file.
2025-09-19 18:35:30,574 [ERROR] LogOutputStream:75 - [STDERR_REDIRECT] 
2025-09-19 18:35:31,577 [ERROR] LogOutputStream:75 - [STDERR_REDIRECT] [Fatal Error] :1:1: Premature end of file.
2025-09-19 18:35:31,577 [ERROR] LogOutputStream:75 - [STDERR_REDIRECT] 
2025-09-19 18:35:32,571 [ERROR] LogOutputStream:75 - [STDERR_REDIRECT] [Fatal Error] :1:1: Premature end of file.
2025-09-19 18:35:32,571 [ERROR] LogOutputStream:75 - [STDERR_REDIRECT] 
2025-09-19 18:35:33,579 [ERROR] LogOutputStream:75 - [STDERR_REDIRECT] [Fatal Error] :1:1: Premature end of file.
2025-09-19 18:35:33,579 [ERROR] LogOutputStream:75 - [STDERR_REDIRECT] 
2025-09-19 18:35:34,577 [ERROR] LogOutputStream:75 - [STDERR_REDIRECT] [Fatal Error] :1:1: Premature end of file.
2025-09-19 18:35:34,577 [ERROR] LogOutputStream:75 - [STDERR_REDIRECT] 
2025-09-19 18:35:35,570 [ERROR] LogOutputStream:75 - [STDERR_REDIRECT] [Fatal Error] :1:1: Premature end of file.
2025-09-19 18:35:35,570 [ERROR] LogOutputStream:75 - [STDERR_REDIRECT] 
2025-09-19 18:35:36,582 [ERROR] LogOutputStream:75 - [STDERR_REDIRECT] [Fatal Error] :1:1: Premature end of file.
2025-09-19 18:35:36,582 [ERROR] LogOutputStream:75 - [STDERR_REDIRECT] 
2025-09-19 18:35:37,578 [ERROR] LogOutputStream:75 - [STDERR_REDIRECT] [Fatal Error] :1:1: Premature end of file.
2025-09-19 18:35:37,578 [ERROR] LogOutputStream:75 - [STDERR_REDIRECT] 
2025-09-19 18:35:38,574 [ERROR] LogOutputStream:75 - [STDERR_REDIRECT] [Fatal Error] :1:1: Premature end of file.
2025-09-19 18:35:38,575 [ERROR] LogOutputStream:75 - [STDERR_REDIRECT] 
2025-09-19 18:35:39,579 [ERROR] LogOutputStream:75 - [STDERR_REDIRECT] [Fatal Error] :1:1: Premature end of file.
2025-09-19 18:35:39,580 [ERROR] LogOutputStream:75 - [STDERR_REDIRECT] 
2025-09-19 18:35:40,579 [ERROR] LogOutputStream:75 - [STDERR_REDIRECT] [Fatal Error] :1:1: Premature end of file.
2025-09-19 18:35:40,579 [ERROR] LogOutputStream:75 - [STDERR_REDIRECT] 
2025-09-19 18:35:41,576 [ERROR] LogOutputStream:75 - [STDERR_REDIRECT] [Fatal Error] :1:1: Premature end of file.
2025-09-19 18:35:41,576 [ERROR] LogOutputStream:75 - [STDERR_REDIRECT] 
2025-09-19 18:35:42,607 [ERROR] LogOutputStream:75 - [STDERR_REDIRECT] [Fatal Error] :1:1: Premature end of file.
2025-09-19 18:35:42,608 [ERROR] LogOutputStream:75 - [STDERR_REDIRECT] 
2025-09-19 18:35:43,577 [ERROR] LogOutputStream:75 - [STDERR_REDIRECT] [Fatal Error] :1:1: Premature end of file.
2025-09-19 18:35:43,578 [ERROR] LogOutputStream:75 - [STDERR_REDIRECT] 
2025-09-19 18:35:44,578 [ERROR] LogOutputStream:75 - [STDERR_REDIRECT] [Fatal Error] :1:1: Premature end of file.
2025-09-19 18:35:44,578 [ERROR] LogOutputStream:75 - [STDERR_REDIRECT] 
2025-09-19 18:35:45,587 [ERROR] LogOutputStream:75 - [STDERR_REDIRECT] [Fatal Error] :1:1: Premature end of file.
2025-09-19 18:35:45,587 [ERROR] LogOutputStream:75 - [STDERR_REDIRECT] 
2025-09-19 18:35:46,582 [ERROR] LogOutputStream:75 - [STDERR_REDIRECT] [Fatal Error] :1:1: Premature end of file.
2025-09-19 18:35:46,582 [ERROR] LogOutputStream:75 - [STDERR_REDIRECT] 
2025-09-19 18:35:47,586 [ERROR] LogOutputStream:75 - [STDERR_REDIRECT] [Fatal Error] :1:1: Premature end of file.
2025-09-19 18:35:47,587 [ERROR] LogOutputStream:75 - [STDERR_REDIRECT] 
2025-09-19 18:35:48,582 [ERROR] LogOutputStream:75 - [STDERR_REDIRECT] [Fatal Error] :1:1: Premature end of file.
2025-09-19 18:35:48,582 [ERROR] LogOutputStream:75 - [STDERR_REDIRECT] 
2025-09-19 18:35:49,577 [ERROR] LogOutputStream:75 - [STDERR_REDIRECT] [Fatal Error] :1:1: Premature end of file.
2025-09-19 18:35:49,577 [ERROR] LogOutputStream:75 - [STDERR_REDIRECT] 
2025-09-19 18:35:50,577 [ERROR] LogOutputStream:75 - [STDERR_REDIRECT] [Fatal Error] :1:1: Premature end of file.
2025-09-19 18:35:50,577 [ERROR] LogOutputStream:75 - [STDERR_REDIRECT] 
2025-09-19 18:35:51,580 [ERROR] LogOutputStream:75 - [STDERR_REDIRECT] [Fatal Error] :1:1: Premature end of file.
2025-09-19 18:35:51,580 [ERROR] LogOutputStream:75 - [STDERR_REDIRECT] 
2025-09-19 18:35:52,578 [ERROR] LogOutputStream:75 - [STDERR_REDIRECT] [Fatal Error] :1:1: Premature end of file.
2025-09-19 18:35:52,578 [ERROR] LogOutputStream:75 - [STDERR_REDIRECT] 
2025-09-19 18:35:53,579 [ERROR] LogOutputStream:75 - [STDERR_REDIRECT] [Fatal Error] :1:1: Premature end of file.
2025-09-19 18:35:53,579 [ERROR] LogOutputStream:75 - [STDERR_REDIRECT] 
2025-09-19 18:35:54,582 [ERROR] LogOutputStream:75 - [STDERR_REDIRECT] [Fatal Error] :1:1: Premature end of file.
2025-09-19 18:35:54,582 [ERROR] LogOutputStream:75 - [STDERR_REDIRECT] 
2025-09-19 18:35:55,583 [ERROR] LogOutputStream:75 - [STDERR_REDIRECT] [Fatal Error] :1:1: Premature end of file.
2025-09-19 18:35:55,583 [ERROR] LogOutputStream:75 - [STDERR_REDIRECT] 
2025-09-19 18:35:56,583 [ERROR] LogOutputStream:75 - [STDERR_REDIRECT] [Fatal Error] :1:1: Premature end of file.
2025-09-19 18:35:56,583 [ERROR] LogOutputStream:75 - [STDERR_REDIRECT] 
2025-09-19 18:35:57,577 [ERROR] LogOutputStream:75 - [STDERR_REDIRECT] [Fatal Error] :1:1: Premature end of file.
2025-09-19 18:35:57,577 [ERROR] LogOutputStream:75 - [STDERR_REDIRECT] 
2025-09-19 18:35:58,577 [ERROR] LogOutputStream:75 - [STDERR_REDIRECT] [Fatal Error] :1:1: Premature end of file.
2025-09-19 18:35:58,578 [ERROR] LogOutputStream:75 - [STDERR_REDIRECT] 
2025-09-19 18:35:59,574 [ERROR] LogOutputStream:75 - [STDERR_REDIRECT] [Fatal Error] :1:1: Premature end of file.
2025-09-19 18:35:59,575 [ERROR] LogOutputStream:75 - [STDERR_REDIRECT] 
2025-09-19 18:36:00,583 [ERROR] LogOutputStream:75 - [STDERR_REDIRECT] [Fatal Error] :1:1: Premature end of file.
2025-09-19 18:36:00,584 [ERROR] LogOutputStream:75 - [STDERR_REDIRECT] 
2025-09-19 18:36:01,585 [ERROR] LogOutputStream:75 - [STDERR_REDIRECT] [Fatal Error] :1:1: Premature end of file.
2025-09-19 18:36:01,586 [ERROR] LogOutputStream:75 - [STDERR_REDIRECT] 
2025-09-19 18:36:02,579 [ERROR] LogOutputStream:75 - [STDERR_REDIRECT] [Fatal Error] :1:1: Premature end of file.
2025-09-19 18:36:02,579 [ERROR] LogOutputStream:75 - [STDERR_REDIRECT] 
2025-09-19 18:36:03,574 [ERROR] LogOutputStream:75 - [STDERR_REDIRECT] [Fatal Error] :1:1: Premature end of file.
2025-09-19 18:36:03,574 [ERROR] LogOutputStream:75 - [STDERR_REDIRECT] 
2025-09-19 18:36:04,572 [ERROR] LogOutputStream:75 - [STDERR_REDIRECT] [Fatal Error] :1:1: Premature end of file.
2025-09-19 18:36:04,572 [ERROR] LogOutputStream:75 - [STDERR_REDIRECT] 
2025-09-19 18:36:05,583 [ERROR] LogOutputStream:75 - [STDERR_REDIRECT] [Fatal Error] :1:1: Premature end of file.
2025-09-19 18:36:05,583 [ERROR] LogOutputStream:75 - [STDERR_REDIRECT] 
2025-09-19 18:36:06,581 [ERROR] LogOutputStream:75 - [STDERR_REDIRECT] [Fatal Error] :1:1: Premature end of file.
2025-09-19 18:36:06,583 [ERROR] LogOutputStream:75 - [STDERR_REDIRECT] 
2025-09-19 18:36:07,577 [ERROR] LogOutputStream:75 - [STDERR_REDIRECT] [Fatal Error] :1:1: Premature end of file.
2025-09-19 18:36:07,577 [ERROR] LogOutputStream:75 - [STDERR_REDIRECT] 
2025-09-19 18:36:08,570 [ERROR] LogOutputStream:75 - [STDERR_REDIRECT] [Fatal Error] :1:1: Premature end of file.
2025-09-19 18:36:08,570 [ERROR] LogOutputStream:75 - [STDERR_REDIRECT] 
2025-09-19 18:36:09,583 [ERROR] LogOutputStream:75 - [STDERR_REDIRECT] [Fatal Error] :1:1: Premature end of file.
2025-09-19 18:36:09,583 [ERROR] LogOutputStream:75 - [STDERR_REDIRECT] 
2025-09-19 18:36:10,572 [ERROR] LogOutputStream:75 - [STDERR_REDIRECT] [Fatal Error] :1:1: Premature end of file.
2025-09-19 18:36:10,572 [ERROR] LogOutputStream:75 - [STDERR_REDIRECT] 
2025-09-19 18:36:11,575 [ERROR] LogOutputStream:75 - [STDERR_REDIRECT] [Fatal Error] :1:1: Premature end of file.
2025-09-19 18:36:11,576 [ERROR] LogOutputStream:75 - [STDERR_REDIRECT] 
2025-09-19 18:36:12,580 [ERROR] LogOutputStream:75 - [STDERR_REDIRECT] [Fatal Error] :1:1: Premature end of file.
2025-09-19 18:36:12,580 [ERROR] LogOutputStream:75 - [STDERR_REDIRECT] 
2025-09-19 18:36:13,575 [ERROR] LogOutputStream:75 - [STDERR_REDIRECT] [Fatal Error] :1:1: Premature end of file.
2025-09-19 18:36:13,575 [ERROR] LogOutputStream:75 - [STDERR_REDIRECT] 
2025-09-19 18:36:14,575 [ERROR] LogOutputStream:75 - [STDERR_REDIRECT] [Fatal Error] :1:1: Premature end of file.
2025-09-19 18:36:14,575 [ERROR] LogOutputStream:75 - [STDERR_REDIRECT] 
2025-09-19 18:36:15,569 [ERROR] LogOutputStream:75 - [STDERR_REDIRECT] [Fatal Error] :1:1: Premature end of file.
2025-09-19 18:36:15,569 [ERROR] LogOutputStream:75 - [STDERR_REDIRECT] 
2025-09-19 18:36:16,586 [ERROR] LogOutputStream:75 - [STDERR_REDIRECT] [Fatal Error] :1:1: Premature end of file.
2025-09-19 18:36:16,586 [ERROR] LogOutputStream:75 - [STDERR_REDIRECT] 
2025-09-19 18:36:17,570 [ERROR] LogOutputStream:75 - [STDERR_REDIRECT] [Fatal Error] :1:1: Premature end of file.
2025-09-19 18:36:17,571 [ERROR] LogOutputStream:75 - [STDERR_REDIRECT] 
2025-09-19 18:36:18,579 [ERROR] LogOutputStream:75 - [STDERR_REDIRECT] [Fatal Error] :1:1: Premature end of file.
2025-09-19 18:36:18,579 [ERROR] LogOutputStream:75 - [STDERR_REDIRECT] 
2025-09-19 18:36:19,579 [ERROR] LogOutputStream:75 - [STDERR_REDIRECT] [Fatal Error] :1:1: Premature end of file.
2025-09-19 18:36:19,579 [ERROR] LogOutputStream:75 - [STDERR_REDIRECT] 
2025-09-19 18:36:20,574 [ERROR] LogOutputStream:75 - [STDERR_REDIRECT] [Fatal Error] :1:1: Premature end of file.
2025-09-19 18:36:20,574 [ERROR] LogOutputStream:75 - [STDERR_REDIRECT] 
2025-09-19 18:36:21,588 [ERROR] LogOutputStream:75 - [STDERR_REDIRECT] [Fatal Error] :1:1: Premature end of file.
2025-09-19 18:36:21,588 [ERROR] LogOutputStream:75 - [STDERR_REDIRECT] 
2025-09-19 18:36:22,570 [ERROR] LogOutputStream:75 - [STDERR_REDIRECT] [Fatal Error] :1:1: Premature end of file.
2025-09-19 18:36:22,570 [ERROR] LogOutputStream:75 - [STDERR_REDIRECT] 
2025-09-19 18:36:23,570 [ERROR] LogOutputStream:75 - [STDERR_REDIRECT] [Fatal Error] :1:1: Premature end of file.
2025-09-19 18:36:23,570 [ERROR] LogOutputStream:75 - [STDERR_REDIRECT] 
2025-09-19 18:36:24,583 [ERROR] LogOutputStream:75 - [STDERR_REDIRECT] [Fatal Error] :1:1: Premature end of file.
2025-09-19 18:36:24,584 [ERROR] LogOutputStream:75 - [STDERR_REDIRECT] 
2025-09-19 18:36:25,584 [ERROR] LogOutputStream:75 - [STDERR_REDIRECT] [Fatal Error] :1:1: Premature end of file.
2025-09-19 18:36:25,585 [ERROR] LogOutputStream:75 - [STDERR_REDIRECT] 
2025-09-19 18:36:26,578 [ERROR] LogOutputStream:75 - [STDERR_REDIRECT] [Fatal Error] :1:1: Premature end of file.
2025-09-19 18:36:26,579 [ERROR] LogOutputStream:75 - [STDERR_REDIRECT] 
2025-09-19 18:36:27,574 [ERROR] LogOutputStream:75 - [STDERR_REDIRECT] [Fatal Error] :1:1: Premature end of file.
2025-09-19 18:36:27,574 [ERROR] LogOutputStream:75 - [STDERR_REDIRECT] 
2025-09-19 18:36:28,573 [ERROR] LogOutputStream:75 - [STDERR_REDIRECT] [Fatal Error] :1:1: Premature end of file.
2025-09-19 18:36:28,573 [ERROR] LogOutputStream:75 - [STDERR_REDIRECT] 
2025-09-19 18:36:29,574 [ERROR] LogOutputStream:75 - [STDERR_REDIRECT] [Fatal Error] :1:1: Premature end of file.
2025-09-19 18:36:29,575 [ERROR] LogOutputStream:75 - [STDERR_REDIRECT] 
2025-09-19 18:36:30,578 [ERROR] LogOutputStream:75 - [STDERR_REDIRECT] [Fatal Error] :1:1: Premature end of file.
2025-09-19 18:36:30,578 [ERROR] LogOutputStream:75 - [STDERR_REDIRECT] 
2025-09-19 18:36:31,575 [ERROR] LogOutputStream:75 - [STDERR_REDIRECT] [Fatal Error] :1:1: Premature end of file.
2025-09-19 18:36:31,575 [ERROR] LogOutputStream:75 - [STDERR_REDIRECT] 
2025-09-19 18:36:32,570 [ERROR] LogOutputStream:75 - [STDERR_REDIRECT] [Fatal Error] :1:1: Premature end of file.
2025-09-19 18:36:32,570 [ERROR] LogOutputStream:75 - [STDERR_REDIRECT] 
2025-09-19 18:36:33,574 [ERROR] LogOutputStream:75 - [STDERR_REDIRECT] [Fatal Error] :1:1: Premature end of file.
2025-09-19 18:36:33,574 [ERROR] LogOutputStream:75 - [STDERR_REDIRECT] 
2025-09-19 18:36:34,577 [ERROR] LogOutputStream:75 - [STDERR_REDIRECT] [Fatal Error] :1:1: Premature end of file.
2025-09-19 18:36:34,577 [ERROR] LogOutputStream:75 - [STDERR_REDIRECT] 
2025-09-19 18:36:35,574 [ERROR] LogOutputStream:75 - [STDERR_REDIRECT] [Fatal Error] :1:1: Premature end of file.
2025-09-19 18:36:35,575 [ERROR] LogOutputStream:75 - [STDERR_REDIRECT] 
2025-09-19 18:36:36,584 [ERROR] LogOutputStream:75 - [STDERR_REDIRECT] [Fatal Error] :1:1: Premature end of file.
2025-09-19 18:36:36,585 [ERROR] LogOutputStream:75 - [STDERR_REDIRECT] 
2025-09-19 18:36:37,567 [ERROR] LogOutputStream:75 - [STDERR_REDIRECT] [Fatal Error] :1:1: Premature end of file.
2025-09-19 18:36:37,568 [ERROR] LogOutputStream:75 - [STDERR_REDIRECT] 
2025-09-19 18:36:38,572 [ERROR] LogOutputStream:75 - [STDERR_REDIRECT] [Fatal Error] :1:1: Premature end of file.
2025-09-19 18:36:38,572 [ERROR] LogOutputStream:75 - [STDERR_REDIRECT] 
2025-09-19 18:36:39,569 [ERROR] LogOutputStream:75 - [STDERR_REDIRECT] [Fatal Error] :1:1: Premature end of file.
2025-09-19 18:36:39,569 [ERROR] LogOutputStream:75 - [STDERR_REDIRECT] 
2025-09-19 18:36:40,570 [ERROR] LogOutputStream:75 - [STDERR_REDIRECT] [Fatal Error] :1:1: Premature end of file.
2025-09-19 18:36:40,572 [ERROR] LogOutputStream:75 - [STDERR_REDIRECT] 
2025-09-19 18:36:41,580 [ERROR] LogOutputStream:75 - [STDERR_REDIRECT] [Fatal Error] :1:1: Premature end of file.
2025-09-19 18:36:41,581 [ERROR] LogOutputStream:75 - [STDERR_REDIRECT] 
2025-09-19 18:36:42,572 [ERROR] LogOutputStream:75 - [STDERR_REDIRECT] [Fatal Error] :1:1: Premature end of file.
2025-09-19 18:36:42,573 [ERROR] LogOutputStream:75 - [STDERR_REDIRECT] 
2025-09-19 18:36:43,580 [ERROR] LogOutputStream:75 - [STDERR_REDIRECT] [Fatal Error] :1:1: Premature end of file.
2025-09-19 18:36:43,580 [ERROR] LogOutputStream:75 - [STDERR_REDIRECT] 
2025-09-19 18:36:44,578 [ERROR] LogOutputStream:75 - [STDERR_REDIRECT] [Fatal Error] :1:1: Premature end of file.
2025-09-19 18:36:44,578 [ERROR] LogOutputStream:75 - [STDERR_REDIRECT] 
2025-09-19 18:36:45,578 [ERROR] LogOutputStream:75 - [STDERR_REDIRECT] [Fatal Error] :1:1: Premature end of file.
2025-09-19 18:36:45,578 [ERROR] LogOutputStream:75 - [STDERR_REDIRECT] 
2025-09-19 18:36:46,577 [ERROR] LogOutputStream:75 - [STDERR_REDIRECT] [Fatal Error] :1:1: Premature end of file.
2025-09-19 18:36:46,577 [ERROR] LogOutputStream:75 - [STDERR_REDIRECT] 
2025-09-19 18:36:47,580 [ERROR] LogOutputStream:75 - [STDERR_REDIRECT] [Fatal Error] :1:1: Premature end of file.
2025-09-19 18:36:47,580 [ERROR] LogOutputStream:75 - [STDERR_REDIRECT] 
2025-09-19 18:36:48,579 [ERROR] LogOutputStream:75 - [STDERR_REDIRECT] [Fatal Error] :1:1: Premature end of file.
2025-09-19 18:36:48,579 [ERROR] LogOutputStream:75 - [STDERR_REDIRECT] 
2025-09-19 18:36:49,581 [ERROR] LogOutputStream:75 - [STDERR_REDIRECT] [Fatal Error] :1:1: Premature end of file.
2025-09-19 18:36:49,581 [ERROR] LogOutputStream:75 - [STDERR_REDIRECT] 
2025-09-19 18:36:50,577 [ERROR] LogOutputStream:75 - [STDERR_REDIRECT] [Fatal Error] :1:1: Premature end of file.
2025-09-19 18:36:50,577 [ERROR] LogOutputStream:75 - [STDERR_REDIRECT] 
2025-09-19 18:36:51,578 [ERROR] LogOutputStream:75 - [STDERR_REDIRECT] [Fatal Error] :1:1: Premature end of file.
2025-09-19 18:36:51,578 [ERROR] LogOutputStream:75 - [STDERR_REDIRECT] 
2025-09-19 18:36:52,568 [ERROR] LogOutputStream:75 - [STDERR_REDIRECT] [Fatal Error] :1:1: Premature end of file.
2025-09-19 18:36:52,570 [ERROR] LogOutputStream:75 - [STDERR_REDIRECT] 
2025-09-19 18:36:53,584 [ERROR] LogOutputStream:75 - [STDERR_REDIRECT] [Fatal Error] :1:1: Premature end of file.
2025-09-19 18:36:53,585 [ERROR] LogOutputStream:75 - [STDERR_REDIRECT] 
2025-09-19 18:36:54,575 [ERROR] LogOutputStream:75 - [STDERR_REDIRECT] [Fatal Error] :1:1: Premature end of file.
2025-09-19 18:36:54,575 [ERROR] LogOutputStream:75 - [STDERR_REDIRECT] 
2025-09-19 18:36:55,576 [ERROR] LogOutputStream:75 - [STDERR_REDIRECT] [Fatal Error] :1:1: Premature end of file.
2025-09-19 18:36:55,576 [ERROR] LogOutputStream:75 - [STDERR_REDIRECT] 
2025-09-19 18:36:56,576 [ERROR] LogOutputStream:75 - [STDERR_REDIRECT] [Fatal Error] :1:1: Premature end of file.
2025-09-19 18:36:56,576 [ERROR] LogOutputStream:75 - [STDERR_REDIRECT] 
2025-09-19 18:36:57,598 [ERROR] LogOutputStream:75 - [STDERR_REDIRECT] [Fatal Error] :1:1: Premature end of file.
2025-09-19 18:36:57,598 [ERROR] LogOutputStream:75 - [STDERR_REDIRECT] 
2025-09-19 18:36:58,573 [ERROR] LogOutputStream:75 - [STDERR_REDIRECT] [Fatal Error] :1:1: Premature end of file.
2025-09-19 18:36:58,574 [ERROR] LogOutputStream:75 - [STDERR_REDIRECT] 
2025-09-19 18:36:59,575 [ERROR] LogOutputStream:75 - [STDERR_REDIRECT] [Fatal Error] :1:1: Premature end of file.
2025-09-19 18:36:59,575 [ERROR] LogOutputStream:75 - [STDERR_REDIRECT] 
2025-09-19 18:37:00,570 [ERROR] LogOutputStream:75 - [STDERR_REDIRECT] [Fatal Error] :1:1: Premature end of file.
2025-09-19 18:37:00,570 [ERROR] LogOutputStream:75 - [STDERR_REDIRECT] 
2025-09-19 18:37:01,569 [ERROR] LogOutputStream:75 - [STDERR_REDIRECT] [Fatal Error] :1:1: Premature end of file.
2025-09-19 18:37:01,570 [ERROR] LogOutputStream:75 - [STDERR_REDIRECT] 
2025-09-19 18:37:02,569 [ERROR] LogOutputStream:75 - [STDERR_REDIRECT] [Fatal Error] :1:1: Premature end of file.
2025-09-19 18:37:02,570 [ERROR] LogOutputStream:75 - [STDERR_REDIRECT] 
2025-09-19 18:37:03,572 [ERROR] LogOutputStream:75 - [STDERR_REDIRECT] [Fatal Error] :1:1: Premature end of file.
2025-09-19 18:37:03,573 [ERROR] LogOutputStream:75 - [STDERR_REDIRECT] 
2025-09-19 18:37:04,584 [ERROR] LogOutputStream:75 - [STDERR_REDIRECT] [Fatal Error] :1:1: Premature end of file.
2025-09-19 18:37:04,584 [ERROR] LogOutputStream:75 - [STDERR_REDIRECT] 
2025-09-19 18:37:05,579 [ERROR] LogOutputStream:75 - [STDERR_REDIRECT] [Fatal Error] :1:1: Premature end of file.
2025-09-19 18:37:05,580 [ERROR] LogOutputStream:75 - [STDERR_REDIRECT] 
2025-09-19 18:37:06,579 [ERROR] LogOutputStream:75 - [STDERR_REDIRECT] [Fatal Error] :1:1: Premature end of file.
2025-09-19 18:37:06,579 [ERROR] LogOutputStream:75 - [STDERR_REDIRECT] 
2025-09-19 18:37:07,576 [ERROR] LogOutputStream:75 - [STDERR_REDIRECT] [Fatal Error] :1:1: Premature end of file.
2025-09-19 18:37:07,577 [ERROR] LogOutputStream:75 - [STDERR_REDIRECT] 
2025-09-19 18:37:08,569 [ERROR] LogOutputStream:75 - [STDERR_REDIRECT] [Fatal Error] :1:1: Premature end of file.
2025-09-19 18:37:08,569 [ERROR] LogOutputStream:75 - [STDERR_REDIRECT] 
2025-09-19 18:37:09,578 [ERROR] LogOutputStream:75 - [STDERR_REDIRECT] [Fatal Error] :1:1: Premature end of file.
2025-09-19 18:37:09,578 [ERROR] LogOutputStream:75 - [STDERR_REDIRECT] 
2025-09-19 18:37:10,581 [ERROR] LogOutputStream:75 - [STDERR_REDIRECT] [Fatal Error] :1:1: Premature end of file.
2025-09-19 18:37:10,582 [ERROR] LogOutputStream:75 - [STDERR_REDIRECT] 
2025-09-19 18:37:11,580 [ERROR] LogOutputStream:75 - [STDERR_REDIRECT] [Fatal Error] :1:1: Premature end of file.
2025-09-19 18:37:11,580 [ERROR] LogOutputStream:75 - [STDERR_REDIRECT] 
2025-09-19 18:37:12,574 [ERROR] LogOutputStream:75 - [STDERR_REDIRECT] [Fatal Error] :1:1: Premature end of file.
2025-09-19 18:37:12,575 [ERROR] LogOutputStream:75 - [STDERR_REDIRECT] 
2025-09-19 18:37:13,578 [ERROR] LogOutputStream:75 - [STDERR_REDIRECT] [Fatal Error] :1:1: Premature end of file.
2025-09-19 18:37:13,580 [ERROR] LogOutputStream:75 - [STDERR_REDIRECT] 
2025-09-19 18:37:14,604 [ERROR] LogOutputStream:75 - [STDERR_REDIRECT] [Fatal Error] :1:1: Premature end of file.
2025-09-19 18:37:14,604 [ERROR] LogOutputStream:75 - [STDERR_REDIRECT] 
2025-09-19 18:37:15,597 [ERROR] LogOutputStream:75 - [STDERR_REDIRECT] [Fatal Error] :1:1: Premature end of file.
2025-09-19 18:37:15,597 [ERROR] LogOutputStream:75 - [STDERR_REDIRECT] 
2025-09-19 18:37:16,573 [ERROR] LogOutputStream:75 - [STDERR_REDIRECT] [Fatal Error] :1:1: Premature end of file.
2025-09-19 18:37:16,573 [ERROR] LogOutputStream:75 - [STDERR_REDIRECT] 
2025-09-19 18:37:17,585 [ERROR] LogOutputStream:75 - [STDERR_REDIRECT] [Fatal Error] :1:1: Premature end of file.
2025-09-19 18:37:17,585 [ERROR] LogOutputStream:75 - [STDERR_REDIRECT] 
2025-09-19 18:37:18,596 [ERROR] LogOutputStream:75 - [STDERR_REDIRECT] [Fatal Error] :1:1: Premature end of file.
2025-09-19 18:37:18,596 [ERROR] LogOutputStream:75 - [STDERR_REDIRECT] 
2025-09-19 18:37:19,595 [ERROR] LogOutputStream:75 - [STDERR_REDIRECT] [Fatal Error] :1:1: Premature end of file.
2025-09-19 18:37:19,595 [ERROR] LogOutputStream:75 - [STDERR_REDIRECT] 
2025-09-19 18:37:20,593 [ERROR] LogOutputStream:75 - [STDERR_REDIRECT] [Fatal Error] :1:1: Premature end of file.
2025-09-19 18:37:20,593 [ERROR] LogOutputStream:75 - [STDERR_REDIRECT] 
2025-09-19 18:37:21,583 [ERROR] LogOutputStream:75 - [STDERR_REDIRECT] [Fatal Error] :1:1: Premature end of file.
2025-09-19 18:37:21,585 [ERROR] LogOutputStream:75 - [STDERR_REDIRECT] 
2025-09-19 18:37:22,575 [ERROR] LogOutputStream:75 - [STDERR_REDIRECT] [Fatal Error] :1:1: Premature end of file.
2025-09-19 18:37:22,575 [ERROR] LogOutputStream:75 - [STDERR_REDIRECT] 
2025-09-19 18:37:23,576 [ERROR] LogOutputStream:75 - [STDERR_REDIRECT] [Fatal Error] :1:1: Premature end of file.
2025-09-19 18:37:23,576 [ERROR] LogOutputStream:75 - [STDERR_REDIRECT] 
2025-09-19 18:37:24,569 [ERROR] LogOutputStream:75 - [STDERR_REDIRECT] [Fatal Error] :1:1: Premature end of file.
2025-09-19 18:37:24,570 [ERROR] LogOutputStream:75 - [STDERR_REDIRECT] 
2025-09-19 18:37:25,596 [ERROR] LogOutputStream:75 - [STDERR_REDIRECT] [Fatal Error] :1:1: Premature end of file.
2025-09-19 18:37:25,597 [ERROR] LogOutputStream:75 - [STDERR_REDIRECT] 
2025-09-19 18:37:26,576 [ERROR] LogOutputStream:75 - [STDERR_REDIRECT] [Fatal Error] :1:1: Premature end of file.
2025-09-19 18:37:26,576 [ERROR] LogOutputStream:75 - [STDERR_REDIRECT] 
2025-09-19 18:37:27,580 [ERROR] LogOutputStream:75 - [STDERR_REDIRECT] [Fatal Error] :1:1: Premature end of file.
2025-09-19 18:37:27,580 [ERROR] LogOutputStream:75 - [STDERR_REDIRECT] 
2025-09-19 18:37:28,574 [ERROR] LogOutputStream:75 - [STDERR_REDIRECT] [Fatal Error] :1:1: Premature end of file.
2025-09-19 18:37:28,574 [ERROR] LogOutputStream:75 - [STDERR_REDIRECT] 
2025-09-19 18:37:29,569 [ERROR] LogOutputStream:75 - [STDERR_REDIRECT] [Fatal Error] :1:1: Premature end of file.
2025-09-19 18:37:29,569 [ERROR] LogOutputStream:75 - [STDERR_REDIRECT] 
2025-09-19 18:37:30,573 [ERROR] LogOutputStream:75 - [STDERR_REDIRECT] [Fatal Error] :1:1: Premature end of file.
2025-09-19 18:37:30,574 [ERROR] LogOutputStream:75 - [STDERR_REDIRECT] 
2025-09-19 18:37:31,579 [ERROR] LogOutputStream:75 - [STDERR_REDIRECT] [Fatal Error] :1:1: Premature end of file.
2025-09-19 18:37:31,579 [ERROR] LogOutputStream:75 - [STDERR_REDIRECT] 
2025-09-19 18:37:32,580 [ERROR] LogOutputStream:75 - [STDERR_REDIRECT] [Fatal Error] :1:1: Premature end of file.
2025-09-19 18:37:32,580 [ERROR] LogOutputStream:75 - [STDERR_REDIRECT] 
2025-09-19 18:37:33,582 [ERROR] LogOutputStream:75 - [STDERR_REDIRECT] [Fatal Error] :1:1: Premature end of file.
2025-09-19 18:37:33,583 [ERROR] LogOutputStream:75 - [STDERR_REDIRECT] 
2025-09-19 18:37:34,574 [ERROR] LogOutputStream:75 - [STDERR_REDIRECT] [Fatal Error] :1:1: Premature end of file.
2025-09-19 18:37:34,574 [ERROR] LogOutputStream:75 - [STDERR_REDIRECT] 
2025-09-19 18:37:35,572 [ERROR] LogOutputStream:75 - [STDERR_REDIRECT] [Fatal Error] :1:1: Premature end of file.
2025-09-19 18:37:35,572 [ERROR] LogOutputStream:75 - [STDERR_REDIRECT] 
2025-09-19 18:37:36,570 [ERROR] LogOutputStream:75 - [STDERR_REDIRECT] [Fatal Error] :1:1: Premature end of file.
2025-09-19 18:37:36,570 [ERROR] LogOutputStream:75 - [STDERR_REDIRECT] 
2025-09-19 18:37:37,573 [ERROR] LogOutputStream:75 - [STDERR_REDIRECT] [Fatal Error] :1:1: Premature end of file.
2025-09-19 18:37:37,573 [ERROR] LogOutputStream:75 - [STDERR_REDIRECT] 
2025-09-19 18:37:38,582 [ERROR] LogOutputStream:75 - [STDERR_REDIRECT] [Fatal Error] :1:1: Premature end of file.
2025-09-19 18:37:38,582 [ERROR] LogOutputStream:75 - [STDERR_REDIRECT] 
2025-09-19 18:37:39,568 [ERROR] LogOutputStream:75 - [STDERR_REDIRECT] [Fatal Error] :1:1: Premature end of file.
2025-09-19 18:37:39,569 [ERROR] LogOutputStream:75 - [STDERR_REDIRECT] 
2025-09-19 18:37:40,574 [ERROR] LogOutputStream:75 - [STDERR_REDIRECT] [Fatal Error] :1:1: Premature end of file.
2025-09-19 18:37:40,574 [ERROR] LogOutputStream:75 - [STDERR_REDIRECT] 
2025-09-19 18:37:41,583 [ERROR] LogOutputStream:75 - [STDERR_REDIRECT] [Fatal Error] :1:1: Premature end of file.
2025-09-19 18:37:41,583 [ERROR] LogOutputStream:75 - [STDERR_REDIRECT] 
2025-09-19 18:37:42,579 [ERROR] LogOutputStream:75 - [STDERR_REDIRECT] [Fatal Error] :1:1: Premature end of file.
2025-09-19 18:37:42,579 [ERROR] LogOutputStream:75 - [STDERR_REDIRECT] 
2025-09-19 18:37:43,586 [ERROR] LogOutputStream:75 - [STDERR_REDIRECT] [Fatal Error] :1:1: Premature end of file.
2025-09-19 18:37:43,586 [ERROR] LogOutputStream:75 - [STDERR_REDIRECT] 
2025-09-19 18:37:44,579 [ERROR] LogOutputStream:75 - [STDERR_REDIRECT] [Fatal Error] :1:1: Premature end of file.
2025-09-19 18:37:44,579 [ERROR] LogOutputStream:75 - [STDERR_REDIRECT] 
2025-09-19 18:37:45,579 [ERROR] LogOutputStream:75 - [STDERR_REDIRECT] [Fatal Error] :1:1: Premature end of file.
2025-09-19 18:37:45,579 [ERROR] LogOutputStream:75 - [STDERR_REDIRECT] 
2025-09-19 18:37:46,581 [ERROR] LogOutputStream:75 - [STDERR_REDIRECT] [Fatal Error] :1:1: Premature end of file.
2025-09-19 18:37:46,581 [ERROR] LogOutputStream:75 - [STDERR_REDIRECT] 
2025-09-19 18:37:47,581 [ERROR] LogOutputStream:75 - [STDERR_REDIRECT] [Fatal Error] :1:1: Premature end of file.
2025-09-19 18:37:47,582 [ERROR] LogOutputStream:75 - [STDERR_REDIRECT] 
2025-09-19 18:37:48,580 [ERROR] LogOutputStream:75 - [STDERR_REDIRECT] [Fatal Error] :1:1: Premature end of file.
2025-09-19 18:37:48,580 [ERROR] LogOutputStream:75 - [STDERR_REDIRECT] 
2025-09-19 18:37:49,583 [ERROR] LogOutputStream:75 - [STDERR_REDIRECT] [Fatal Error] :1:1: Premature end of file.
2025-09-19 18:37:49,583 [ERROR] LogOutputStream:75 - [STDERR_REDIRECT] 
2025-09-19 18:37:50,583 [ERROR] LogOutputStream:75 - [STDERR_REDIRECT] [Fatal Error] :1:1: Premature end of file.
2025-09-19 18:37:50,583 [ERROR] LogOutputStream:75 - [STDERR_REDIRECT] 
2025-09-19 18:37:51,588 [ERROR] LogOutputStream:75 - [STDERR_REDIRECT] [Fatal Error] :1:1: Premature end of file.
2025-09-19 18:37:51,588 [ERROR] LogOutputStream:75 - [STDERR_REDIRECT] 
2025-09-19 18:37:52,580 [ERROR] LogOutputStream:75 - [STDERR_REDIRECT] [Fatal Error] :1:1: Premature end of file.
2025-09-19 18:37:52,580 [ERROR] LogOutputStream:75 - [STDERR_REDIRECT] 
2025-09-19 18:37:53,580 [ERROR] LogOutputStream:75 - [STDERR_REDIRECT] [Fatal Error] :1:1: Premature end of file.
2025-09-19 18:37:53,580 [ERROR] LogOutputStream:75 - [STDERR_REDIRECT] 
2025-09-19 18:37:54,579 [ERROR] LogOutputStream:75 - [STDERR_REDIRECT] [Fatal Error] :1:1: Premature end of file.
2025-09-19 18:37:54,580 [ERROR] LogOutputStream:75 - [STDERR_REDIRECT] 
2025-09-19 18:37:55,583 [ERROR] LogOutputStream:75 - [STDERR_REDIRECT] [Fatal Error] :1:1: Premature end of file.
2025-09-19 18:37:55,583 [ERROR] LogOutputStream:75 - [STDERR_REDIRECT] 
2025-09-19 18:37:56,579 [ERROR] LogOutputStream:75 - [STDERR_REDIRECT] [Fatal Error] :1:1: Premature end of file.
2025-09-19 18:37:56,579 [ERROR] LogOutputStream:75 - [STDERR_REDIRECT] 
2025-09-19 18:37:57,587 [ERROR] LogOutputStream:75 - [STDERR_REDIRECT] [Fatal Error] :1:1: Premature end of file.
2025-09-19 18:37:57,587 [ERROR] LogOutputStream:75 - [STDERR_REDIRECT] 
2025-09-19 18:37:58,581 [ERROR] LogOutputStream:75 - [STDERR_REDIRECT] [Fatal Error] :1:1: Premature end of file.
2025-09-19 18:37:58,581 [ERROR] LogOutputStream:75 - [STDERR_REDIRECT] 
2025-09-19 18:37:59,582 [ERROR] LogOutputStream:75 - [STDERR_REDIRECT] [Fatal Error] :1:1: Premature end of file.
2025-09-19 18:37:59,582 [ERROR] LogOutputStream:75 - [STDERR_REDIRECT] 
2025-09-19 18:38:00,576 [ERROR] LogOutputStream:75 - [STDERR_REDIRECT] [Fatal Error] :1:1: Premature end of file.
2025-09-19 18:38:00,576 [ERROR] LogOutputStream:75 - [STDERR_REDIRECT] 
2025-09-19 18:38:01,577 [ERROR] LogOutputStream:75 - [STDERR_REDIRECT] [Fatal Error] :1:1: Premature end of file.
2025-09-19 18:38:01,577 [ERROR] LogOutputStream:75 - [STDERR_REDIRECT] 
2025-09-19 18:38:02,577 [ERROR] LogOutputStream:75 - [STDERR_REDIRECT] [Fatal Error] :1:1: Premature end of file.
2025-09-19 18:38:02,577 [ERROR] LogOutputStream:75 - [STDERR_REDIRECT] 
2025-09-19 18:38:03,580 [ERROR] LogOutputStream:75 - [STDERR_REDIRECT] [Fatal Error] :1:1: Premature end of file.
2025-09-19 18:38:03,580 [ERROR] LogOutputStream:75 - [STDERR_REDIRECT] 
2025-09-19 18:38:04,577 [ERROR] LogOutputStream:75 - [STDERR_REDIRECT] [Fatal Error] :1:1: Premature end of file.
2025-09-19 18:38:04,577 [ERROR] LogOutputStream:75 - [STDERR_REDIRECT] 
2025-09-19 18:38:05,578 [ERROR] LogOutputStream:75 - [STDERR_REDIRECT] [Fatal Error] :1:1: Premature end of file.
2025-09-19 18:38:05,578 [ERROR] LogOutputStream:75 - [STDERR_REDIRECT] 
2025-09-19 18:38:06,580 [ERROR] LogOutputStream:75 - [STDERR_REDIRECT] [Fatal Error] :1:1: Premature end of file.
2025-09-19 18:38:06,580 [ERROR] LogOutputStream:75 - [STDERR_REDIRECT] 
2025-09-19 18:38:07,579 [ERROR] LogOutputStream:75 - [STDERR_REDIRECT] [Fatal Error] :1:1: Premature end of file.
2025-09-19 18:38:07,579 [ERROR] LogOutputStream:75 - [STDERR_REDIRECT] 
2025-09-19 18:38:08,570 [ERROR] LogOutputStream:75 - [STDERR_REDIRECT] [Fatal Error] :1:1: Premature end of file.
2025-09-19 18:38:08,570 [ERROR] LogOutputStream:75 - [STDERR_REDIRECT] 
2025-09-19 18:38:09,566 [ERROR] LogOutputStream:75 - [STDERR_REDIRECT] [Fatal Error] :1:1: Premature end of file.
2025-09-19 18:38:09,566 [ERROR] LogOutputStream:75 - [STDERR_REDIRECT] 
2025-09-19 18:38:10,570 [ERROR] LogOutputStream:75 - [STDERR_REDIRECT] [Fatal Error] :1:1: Premature end of file.
2025-09-19 18:38:10,570 [ERROR] LogOutputStream:75 - [STDERR_REDIRECT] 
2025-09-19 18:38:11,583 [ERROR] LogOutputStream:75 - [STDERR_REDIRECT] [Fatal Error] :1:1: Premature end of file.
2025-09-19 18:38:11,583 [ERROR] LogOutputStream:75 - [STDERR_REDIRECT] 
2025-09-19 18:38:12,571 [ERROR] LogOutputStream:75 - [STDERR_REDIRECT] [Fatal Error] :1:1: Premature end of file.
2025-09-19 18:38:12,573 [ERROR] LogOutputStream:75 - [STDERR_REDIRECT] 
2025-09-19 18:38:13,583 [ERROR] LogOutputStream:75 - [STDERR_REDIRECT] [Fatal Error] :1:1: Premature end of file.
2025-09-19 18:38:13,584 [ERROR] LogOutputStream:75 - [STDERR_REDIRECT] 
2025-09-19 18:38:14,574 [ERROR] LogOutputStream:75 - [STDERR_REDIRECT] [Fatal Error] :1:1: Premature end of file.
2025-09-19 18:38:14,575 [ERROR] LogOutputStream:75 - [STDERR_REDIRECT] 
2025-09-19 18:38:15,575 [ERROR] LogOutputStream:75 - [STDERR_REDIRECT] [Fatal Error] :1:1: Premature end of file.
2025-09-19 18:38:15,575 [ERROR] LogOutputStream:75 - [STDERR_REDIRECT] 
2025-09-19 18:38:16,573 [ERROR] LogOutputStream:75 - [STDERR_REDIRECT] [Fatal Error] :1:1: Premature end of file.
2025-09-19 18:38:16,573 [ERROR] LogOutputStream:75 - [STDERR_REDIRECT] 
2025-09-19 18:38:17,573 [ERROR] LogOutputStream:75 - [STDERR_REDIRECT] [Fatal Error] :1:1: Premature end of file.
2025-09-19 18:38:17,573 [ERROR] LogOutputStream:75 - [STDERR_REDIRECT] 
2025-09-19 18:38:18,570 [ERROR] LogOutputStream:75 - [STDERR_REDIRECT] [Fatal Error] :1:1: Premature end of file.
2025-09-19 18:38:18,570 [ERROR] LogOutputStream:75 - [STDERR_REDIRECT] 
2025-09-19 18:38:19,586 [ERROR] LogOutputStream:75 - [STDERR_REDIRECT] [Fatal Error] :1:1: Premature end of file.
2025-09-19 18:38:19,587 [ERROR] LogOutputStream:75 - [STDERR_REDIRECT] 
2025-09-19 18:38:20,581 [ERROR] LogOutputStream:75 - [STDERR_REDIRECT] [Fatal Error] :1:1: Premature end of file.
2025-09-19 18:38:20,581 [ERROR] LogOutputStream:75 - [STDERR_REDIRECT] 
2025-09-19 18:38:21,582 [ERROR] LogOutputStream:75 - [STDERR_REDIRECT] [Fatal Error] :1:1: Premature end of file.
2025-09-19 18:38:21,582 [ERROR] LogOutputStream:75 - [STDERR_REDIRECT] 
2025-09-19 18:38:22,578 [ERROR] LogOutputStream:75 - [STDERR_REDIRECT] [Fatal Error] :1:1: Premature end of file.
2025-09-19 18:38:22,578 [ERROR] LogOutputStream:75 - [STDERR_REDIRECT] 
2025-09-19 18:38:23,582 [ERROR] LogOutputStream:75 - [STDERR_REDIRECT] [Fatal Error] :1:1: Premature end of file.
2025-09-19 18:38:23,582 [ERROR] LogOutputStream:75 - [STDERR_REDIRECT] 
2025-09-19 18:38:24,576 [ERROR] LogOutputStream:75 - [STDERR_REDIRECT] [Fatal Error] :1:1: Premature end of file.
2025-09-19 18:38:24,576 [ERROR] LogOutputStream:75 - [STDERR_REDIRECT] 
2025-09-19 18:38:25,571 [ERROR] LogOutputStream:75 - [STDERR_REDIRECT] [Fatal Error] :1:1: Premature end of file.
2025-09-19 18:38:25,571 [ERROR] LogOutputStream:75 - [STDERR_REDIRECT] 
2025-09-19 18:38:26,574 [ERROR] LogOutputStream:75 - [STDERR_REDIRECT] [Fatal Error] :1:1: Premature end of file.
2025-09-19 18:38:26,574 [ERROR] LogOutputStream:75 - [STDERR_REDIRECT] 
2025-09-19 18:38:27,570 [ERROR] LogOutputStream:75 - [STDERR_REDIRECT] [Fatal Error] :1:1: Premature end of file.
2025-09-19 18:38:27,570 [ERROR] LogOutputStream:75 - [STDERR_REDIRECT] 
2025-09-19 18:38:28,571 [ERROR] LogOutputStream:75 - [STDERR_REDIRECT] [Fatal Error] :1:1: Premature end of file.
2025-09-19 18:38:28,571 [ERROR] LogOutputStream:75 - [STDERR_REDIRECT] 
2025-09-19 18:38:29,570 [ERROR] LogOutputStream:75 - [STDERR_REDIRECT] [Fatal Error] :1:1: Premature end of file.
2025-09-19 18:38:29,571 [ERROR] LogOutputStream:75 - [STDERR_REDIRECT] 
2025-09-19 18:38:30,568 [ERROR] LogOutputStream:75 - [STDERR_REDIRECT] [Fatal Error] :1:1: Premature end of file.
2025-09-19 18:38:30,569 [ERROR] LogOutputStream:75 - [STDERR_REDIRECT] 
2025-09-19 18:38:31,581 [ERROR] LogOutputStream:75 - [STDERR_REDIRECT] [Fatal Error] :1:1: Premature end of file.
2025-09-19 18:38:31,582 [ERROR] LogOutputStream:75 - [STDERR_REDIRECT] 
2025-09-19 18:38:32,580 [ERROR] LogOutputStream:75 - [STDERR_REDIRECT] [Fatal Error] :1:1: Premature end of file.
2025-09-19 18:38:32,580 [ERROR] LogOutputStream:75 - [STDERR_REDIRECT] 
2025-09-19 18:38:33,576 [ERROR] LogOutputStream:75 - [STDERR_REDIRECT] [Fatal Error] :1:1: Premature end of file.
2025-09-19 18:38:33,576 [ERROR] LogOutputStream:75 - [STDERR_REDIRECT] 
2025-09-19 18:38:34,574 [ERROR] LogOutputStream:75 - [STDERR_REDIRECT] [Fatal Error] :1:1: Premature end of file.
2025-09-19 18:38:34,574 [ERROR] LogOutputStream:75 - [STDERR_REDIRECT] 
2025-09-19 18:38:35,575 [ERROR] LogOutputStream:75 - [STDERR_REDIRECT] [Fatal Error] :1:1: Premature end of file.
2025-09-19 18:38:35,576 [ERROR] LogOutputStream:75 - [STDERR_REDIRECT] 
2025-09-19 18:38:36,575 [ERROR] LogOutputStream:75 - [STDERR_REDIRECT] [Fatal Error] :1:1: Premature end of file.
2025-09-19 18:38:36,575 [ERROR] LogOutputStream:75 - [STDERR_REDIRECT] 
2025-09-19 18:38:37,578 [ERROR] LogOutputStream:75 - [STDERR_REDIRECT] [Fatal Error] :1:1: Premature end of file.
2025-09-19 18:38:37,578 [ERROR] LogOutputStream:75 - [STDERR_REDIRECT] 
2025-09-19 18:38:38,576 [ERROR] LogOutputStream:75 - [STDERR_REDIRECT] [Fatal Error] :1:1: Premature end of file.
2025-09-19 18:38:38,576 [ERROR] LogOutputStream:75 - [STDERR_REDIRECT] 
2025-09-19 18:38:39,585 [ERROR] LogOutputStream:75 - [STDERR_REDIRECT] [Fatal Error] :1:1: Premature end of file.
2025-09-19 18:38:39,585 [ERROR] LogOutputStream:75 - [STDERR_REDIRECT] 
2025-09-19 18:38:40,569 [ERROR] LogOutputStream:75 - [STDERR_REDIRECT] [Fatal Error] :1:1: Premature end of file.
2025-09-19 18:38:40,570 [ERROR] LogOutputStream:75 - [STDERR_REDIRECT] 
2025-09-19 18:38:41,570 [ERROR] LogOutputStream:75 - [STDERR_REDIRECT] [Fatal Error] :1:1: Premature end of file.
2025-09-19 18:38:41,570 [ERROR] LogOutputStream:75 - [STDERR_REDIRECT] 
2025-09-19 18:38:42,583 [ERROR] LogOutputStream:75 - [STDERR_REDIRECT] [Fatal Error] :1:1: Premature end of file.
2025-09-19 18:38:42,583 [ERROR] LogOutputStream:75 - [STDERR_REDIRECT] 
2025-09-19 18:38:43,568 [ERROR] LogOutputStream:75 - [STDERR_REDIRECT] [Fatal Error] :1:1: Premature end of file.
2025-09-19 18:38:43,568 [ERROR] LogOutputStream:75 - [STDERR_REDIRECT] 
2025-09-19 18:38:44,567 [ERROR] LogOutputStream:75 - [STDERR_REDIRECT] [Fatal Error] :1:1: Premature end of file.
2025-09-19 18:38:44,568 [ERROR] LogOutputStream:75 - [STDERR_REDIRECT] 
2025-09-19 18:38:45,580 [ERROR] LogOutputStream:75 - [STDERR_REDIRECT] [Fatal Error] :1:1: Premature end of file.
2025-09-19 18:38:45,580 [ERROR] LogOutputStream:75 - [STDERR_REDIRECT] 
2025-09-19 18:38:46,592 [ERROR] LogOutputStream:75 - [STDERR_REDIRECT] [Fatal Error] :1:1: Premature end of file.
2025-09-19 18:38:46,592 [ERROR] LogOutputStream:75 - [STDERR_REDIRECT] 
2025-09-19 18:38:47,570 [ERROR] LogOutputStream:75 - [STDERR_REDIRECT] [Fatal Error] :1:1: Premature end of file.
2025-09-19 18:38:47,570 [ERROR] LogOutputStream:75 - [STDERR_REDIRECT] 
2025-09-19 18:38:48,572 [ERROR] LogOutputStream:75 - [STDERR_REDIRECT] [Fatal Error] :1:1: Premature end of file.
2025-09-19 18:38:48,572 [ERROR] LogOutputStream:75 - [STDERR_REDIRECT] 
2025-09-19 18:38:49,575 [ERROR] LogOutputStream:75 - [STDERR_REDIRECT] [Fatal Error] :1:1: Premature end of file.
2025-09-19 18:38:49,575 [ERROR] LogOutputStream:75 - [STDERR_REDIRECT] 
2025-09-19 18:38:50,577 [ERROR] LogOutputStream:75 - [STDERR_REDIRECT] [Fatal Error] :1:1: Premature end of file.
2025-09-19 18:38:50,577 [ERROR] LogOutputStream:75 - [STDERR_REDIRECT] 
2025-09-19 18:38:51,575 [ERROR] LogOutputStream:75 - [STDERR_REDIRECT] [Fatal Error] :1:1: Premature end of file.
2025-09-19 18:38:51,575 [ERROR] LogOutputStream:75 - [STDERR_REDIRECT] 
2025-09-19 18:38:52,575 [ERROR] LogOutputStream:75 - [STDERR_REDIRECT] [Fatal Error] :1:1: Premature end of file.
2025-09-19 18:38:52,575 [ERROR] LogOutputStream:75 - [STDERR_REDIRECT] 
2025-09-19 18:38:53,573 [ERROR] LogOutputStream:75 - [STDERR_REDIRECT] [Fatal Error] :1:1: Premature end of file.
2025-09-19 18:38:53,573 [ERROR] LogOutputStream:75 - [STDERR_REDIRECT] 
2025-09-19 18:38:54,568 [ERROR] LogOutputStream:75 - [STDERR_REDIRECT] [Fatal Error] :1:1: Premature end of file.
2025-09-19 18:38:54,569 [ERROR] LogOutputStream:75 - [STDERR_REDIRECT] 
2025-09-19 18:38:55,581 [ERROR] LogOutputStream:75 - [STDERR_REDIRECT] [Fatal Error] :1:1: Premature end of file.
2025-09-19 18:38:55,582 [ERROR] LogOutputStream:75 - [STDERR_REDIRECT] 
2025-09-19 18:38:56,569 [ERROR] LogOutputStream:75 - [STDERR_REDIRECT] [Fatal Error] :1:1: Premature end of file.
2025-09-19 18:38:56,570 [ERROR] LogOutputStream:75 - [STDERR_REDIRECT] 
2025-09-19 18:38:57,579 [ERROR] LogOutputStream:75 - [STDERR_REDIRECT] [Fatal Error] :1:1: Premature end of file.
2025-09-19 18:38:57,580 [ERROR] LogOutputStream:75 - [STDERR_REDIRECT] 
2025-09-19 18:38:58,578 [ERROR] LogOutputStream:75 - [STDERR_REDIRECT] [Fatal Error] :1:1: Premature end of file.
2025-09-19 18:38:58,578 [ERROR] LogOutputStream:75 - [STDERR_REDIRECT] 
2025-09-19 18:38:59,574 [ERROR] LogOutputStream:75 - [STDERR_REDIRECT] [Fatal Error] :1:1: Premature end of file.
2025-09-19 18:38:59,574 [ERROR] LogOutputStream:75 - [STDERR_REDIRECT] 
2025-09-19 18:39:00,580 [ERROR] LogOutputStream:75 - [STDERR_REDIRECT] [Fatal Error] :1:1: Premature end of file.
2025-09-19 18:39:00,580 [ERROR] LogOutputStream:75 - [STDERR_REDIRECT] 
2025-09-19 18:39:01,577 [ERROR] LogOutputStream:75 - [STDERR_REDIRECT] [Fatal Error] :1:1: Premature end of file.
2025-09-19 18:39:01,577 [ERROR] LogOutputStream:75 - [STDERR_REDIRECT] 
2025-09-19 18:39:02,579 [ERROR] LogOutputStream:75 - [STDERR_REDIRECT] [Fatal Error] :1:1: Premature end of file.
2025-09-19 18:39:02,579 [ERROR] LogOutputStream:75 - [STDERR_REDIRECT] 
2025-09-19 18:39:03,578 [ERROR] LogOutputStream:75 - [STDERR_REDIRECT] [Fatal Error] :1:1: Premature end of file.
2025-09-19 18:39:03,578 [ERROR] LogOutputStream:75 - [STDERR_REDIRECT] 
2025-09-19 18:39:04,578 [ERROR] LogOutputStream:75 - [STDERR_REDIRECT] [Fatal Error] :1:1: Premature end of file.
2025-09-19 18:39:04,578 [ERROR] LogOutputStream:75 - [STDERR_REDIRECT] 
2025-09-19 18:39:05,583 [ERROR] LogOutputStream:75 - [STDERR_REDIRECT] [Fatal Error] :1:1: Premature end of file.
2025-09-19 18:39:05,583 [ERROR] LogOutputStream:75 - [STDERR_REDIRECT] 
2025-09-19 18:39:06,574 [ERROR] LogOutputStream:75 - [STDERR_REDIRECT] [Fatal Error] :1:1: Premature end of file.
2025-09-19 18:39:06,574 [ERROR] LogOutputStream:75 - [STDERR_REDIRECT] 
2025-09-19 18:39:07,576 [ERROR] LogOutputStream:75 - [STDERR_REDIRECT] [Fatal Error] :1:1: Premature end of file.
2025-09-19 18:39:07,577 [ERROR] LogOutputStream:75 - [STDERR_REDIRECT] 
2025-09-19 18:39:08,571 [ERROR] LogOutputStream:75 - [STDERR_REDIRECT] [Fatal Error] :1:1: Premature end of file.
2025-09-19 18:39:08,571 [ERROR] LogOutputStream:75 - [STDERR_REDIRECT] 
2025-09-19 18:39:09,580 [ERROR] LogOutputStream:75 - [STDERR_REDIRECT] [Fatal Error] :1:1: Premature end of file.
2025-09-19 18:39:09,580 [ERROR] LogOutputStream:75 - [STDERR_REDIRECT] 
2025-09-19 18:39:10,580 [ERROR] LogOutputStream:75 - [STDERR_REDIRECT] [Fatal Error] :1:1: Premature end of file.
2025-09-19 18:39:10,580 [ERROR] LogOutputStream:75 - [STDERR_REDIRECT] 
2025-09-19 18:39:11,583 [ERROR] LogOutputStream:75 - [STDERR_REDIRECT] [Fatal Error] :1:1: Premature end of file.
2025-09-19 18:39:11,583 [ERROR] LogOutputStream:75 - [STDERR_REDIRECT] 
2025-09-19 18:39:12,584 [ERROR] LogOutputStream:75 - [STDERR_REDIRECT] [Fatal Error] :1:1: Premature end of file.
2025-09-19 18:39:12,585 [ERROR] LogOutputStream:75 - [STDERR_REDIRECT] 
2025-09-19 18:39:13,586 [ERROR] LogOutputStream:75 - [STDERR_REDIRECT] [Fatal Error] :1:1: Premature end of file.
2025-09-19 18:39:13,587 [ERROR] LogOutputStream:75 - [STDERR_REDIRECT] 
2025-09-19 18:39:14,575 [ERROR] LogOutputStream:75 - [STDERR_REDIRECT] [Fatal Error] :1:1: Premature end of file.
2025-09-19 18:39:14,575 [ERROR] LogOutputStream:75 - [STDERR_REDIRECT] 
2025-09-19 18:39:15,572 [ERROR] LogOutputStream:75 - [STDERR_REDIRECT] [Fatal Error] :1:1: Premature end of file.
2025-09-19 18:39:15,572 [ERROR] LogOutputStream:75 - [STDERR_REDIRECT] 
2025-09-19 18:39:16,574 [ERROR] LogOutputStream:75 - [STDERR_REDIRECT] [Fatal Error] :1:1: Premature end of file.
2025-09-19 18:39:16,575 [ERROR] LogOutputStream:75 - [STDERR_REDIRECT] 
2025-09-19 18:39:17,573 [ERROR] LogOutputStream:75 - [STDERR_REDIRECT] [Fatal Error] :1:1: Premature end of file.
2025-09-19 18:39:17,573 [ERROR] LogOutputStream:75 - [STDERR_REDIRECT] 
2025-09-19 18:39:18,571 [ERROR] LogOutputStream:75 - [STDERR_REDIRECT] [Fatal Error] :1:1: Premature end of file.
2025-09-19 18:39:18,571 [ERROR] LogOutputStream:75 - [STDERR_REDIRECT] 
2025-09-19 18:39:19,571 [ERROR] LogOutputStream:75 - [STDERR_REDIRECT] [Fatal Error] :1:1: Premature end of file.
2025-09-19 18:39:19,572 [ERROR] LogOutputStream:75 - [STDERR_REDIRECT] 
2025-09-19 18:39:20,580 [ERROR] LogOutputStream:75 - [STDERR_REDIRECT] [Fatal Error] :1:1: Premature end of file.
2025-09-19 18:39:20,580 [ERROR] LogOutputStream:75 - [STDERR_REDIRECT] 
2025-09-19 18:39:21,580 [ERROR] LogOutputStream:75 - [STDERR_REDIRECT] [Fatal Error] :1:1: Premature end of file.
2025-09-19 18:39:21,580 [ERROR] LogOutputStream:75 - [STDERR_REDIRECT] 
2025-09-19 18:39:22,578 [ERROR] LogOutputStream:75 - [STDERR_REDIRECT] [Fatal Error] :1:1: Premature end of file.
2025-09-19 18:39:22,578 [ERROR] LogOutputStream:75 - [STDERR_REDIRECT] 
2025-09-19 18:39:23,578 [ERROR] LogOutputStream:75 - [STDERR_REDIRECT] [Fatal Error] :1:1: Premature end of file.
2025-09-19 18:39:23,578 [ERROR] LogOutputStream:75 - [STDERR_REDIRECT] 
2025-09-19 18:39:24,575 [ERROR] LogOutputStream:75 - [STDERR_REDIRECT] [Fatal Error] :1:1: Premature end of file.
2025-09-19 18:39:24,575 [ERROR] LogOutputStream:75 - [STDERR_REDIRECT] 
2025-09-19 18:39:25,569 [ERROR] LogOutputStream:75 - [STDERR_REDIRECT] [Fatal Error] :1:1: Premature end of file.
2025-09-19 18:39:25,569 [ERROR] LogOutputStream:75 - [STDERR_REDIRECT] 
2025-09-19 18:39:26,585 [ERROR] LogOutputStream:75 - [STDERR_REDIRECT] [Fatal Error] :1:1: Premature end of file.
2025-09-19 18:39:26,586 [ERROR] LogOutputStream:75 - [STDERR_REDIRECT] 
2025-09-19 18:39:27,580 [ERROR] LogOutputStream:75 - [STDERR_REDIRECT] [Fatal Error] :1:1: Premature end of file.
2025-09-19 18:39:27,580 [ERROR] LogOutputStream:75 - [STDERR_REDIRECT] 
2025-09-19 18:39:28,568 [ERROR] LogOutputStream:75 - [STDERR_REDIRECT] [Fatal Error] :1:1: Premature end of file.
2025-09-19 18:39:28,568 [ERROR] LogOutputStream:75 - [STDERR_REDIRECT] 
2025-09-19 18:39:29,569 [ERROR] LogOutputStream:75 - [STDERR_REDIRECT] [Fatal Error] :1:1: Premature end of file.
2025-09-19 18:39:29,569 [ERROR] LogOutputStream:75 - [STDERR_REDIRECT] 
2025-09-19 18:39:30,583 [ERROR] LogOutputStream:75 - [STDERR_REDIRECT] [Fatal Error] :1:1: Premature end of file.
2025-09-19 18:39:30,584 [ERROR] LogOutputStream:75 - [STDERR_REDIRECT] 
2025-09-19 18:39:31,577 [ERROR] LogOutputStream:75 - [STDERR_REDIRECT] [Fatal Error] :1:1: Premature end of file.
2025-09-19 18:39:31,578 [ERROR] LogOutputStream:75 - [STDERR_REDIRECT] 
2025-09-19 18:39:32,575 [ERROR] LogOutputStream:75 - [STDERR_REDIRECT] [Fatal Error] :1:1: Premature end of file.
2025-09-19 18:39:32,575 [ERROR] LogOutputStream:75 - [STDERR_REDIRECT] 
2025-09-19 18:39:33,576 [ERROR] LogOutputStream:75 - [STDERR_REDIRECT] [Fatal Error] :1:1: Premature end of file.
2025-09-19 18:39:33,576 [ERROR] LogOutputStream:75 - [STDERR_REDIRECT] 
2025-09-19 18:39:34,581 [ERROR] LogOutputStream:75 - [STDERR_REDIRECT] [Fatal Error] :1:1: Premature end of file.
2025-09-19 18:39:34,581 [ERROR] LogOutputStream:75 - [STDERR_REDIRECT] 
2025-09-19 18:39:35,575 [ERROR] LogOutputStream:75 - [STDERR_REDIRECT] [Fatal Error] :1:1: Premature end of file.
2025-09-19 18:39:35,575 [ERROR] LogOutputStream:75 - [STDERR_REDIRECT] 
2025-09-19 18:39:36,591 [ERROR] LogOutputStream:75 - [STDERR_REDIRECT] [Fatal Error] :1:1: Premature end of file.
2025-09-19 18:39:36,591 [ERROR] LogOutputStream:75 - [STDERR_REDIRECT] 
2025-09-19 18:39:37,616 [ERROR] LogOutputStream:75 - [STDERR_REDIRECT] [Fatal Error] :1:1: Premature end of file.
2025-09-19 18:39:37,616 [ERROR] LogOutputStream:75 - [STDERR_REDIRECT] 
2025-09-19 18:39:38,631 [ERROR] LogOutputStream:75 - [STDERR_REDIRECT] [Fatal Error] :1:1: Premature end of file.
2025-09-19 18:39:38,631 [ERROR] LogOutputStream:75 - [STDERR_REDIRECT] 
2025-09-19 18:39:39,590 [ERROR] LogOutputStream:75 - [STDERR_REDIRECT] [Fatal Error] :1:1: Premature end of file.
2025-09-19 18:39:39,590 [ERROR] LogOutputStream:75 - [STDERR_REDIRECT] 
2025-09-19 18:39:40,605 [ERROR] LogOutputStream:75 - [STDERR_REDIRECT] [Fatal Error] :1:1: Premature end of file.
2025-09-19 18:39:40,605 [ERROR] LogOutputStream:75 - [STDERR_REDIRECT] 
2025-09-19 18:39:41,589 [ERROR] LogOutputStream:75 - [STDERR_REDIRECT] [Fatal Error] :1:1: Premature end of file.
2025-09-19 18:39:41,589 [ERROR] LogOutputStream:75 - [STDERR_REDIRECT] 
2025-09-19 18:39:42,599 [ERROR] LogOutputStream:75 - [STDERR_REDIRECT] [Fatal Error] :1:1: Premature end of file.
2025-09-19 18:39:42,600 [ERROR] LogOutputStream:75 - [STDERR_REDIRECT] 
2025-09-19 18:39:43,602 [ERROR] LogOutputStream:75 - [STDERR_REDIRECT] [Fatal Error] :1:1: Premature end of file.
2025-09-19 18:39:43,602 [ERROR] LogOutputStream:75 - [STDERR_REDIRECT] 
2025-09-19 18:39:44,593 [ERROR] LogOutputStream:75 - [STDERR_REDIRECT] [Fatal Error] :1:1: Premature end of file.
2025-09-19 18:39:44,594 [ERROR] LogOutputStream:75 - [STDERR_REDIRECT] 
2025-09-19 18:39:45,574 [ERROR] LogOutputStream:75 - [STDERR_REDIRECT] [Fatal Error] :1:1: Premature end of file.
2025-09-19 18:39:45,574 [ERROR] LogOutputStream:75 - [STDERR_REDIRECT] 
2025-09-19 18:39:46,588 [ERROR] LogOutputStream:75 - [STDERR_REDIRECT] [Fatal Error] :1:1: Premature end of file.
2025-09-19 18:39:46,588 [ERROR] LogOutputStream:75 - [STDERR_REDIRECT] 
2025-09-19 18:39:47,574 [ERROR] LogOutputStream:75 - [STDERR_REDIRECT] [Fatal Error] :1:1: Premature end of file.
2025-09-19 18:39:47,574 [ERROR] LogOutputStream:75 - [STDERR_REDIRECT] 
2025-09-19 18:39:48,579 [ERROR] LogOutputStream:75 - [STDERR_REDIRECT] [Fatal Error] :1:1: Premature end of file.
2025-09-19 18:39:48,580 [ERROR] LogOutputStream:75 - [STDERR_REDIRECT] 
2025-09-19 18:39:49,590 [ERROR] LogOutputStream:75 - [STDERR_REDIRECT] [Fatal Error] :1:1: Premature end of file.
2025-09-19 18:39:49,590 [ERROR] LogOutputStream:75 - [STDERR_REDIRECT] 
2025-09-19 18:39:50,582 [ERROR] LogOutputStream:75 - [STDERR_REDIRECT] [Fatal Error] :1:1: Premature end of file.
2025-09-19 18:39:50,582 [ERROR] LogOutputStream:75 - [STDERR_REDIRECT] 
2025-09-19 18:39:51,578 [ERROR] LogOutputStream:75 - [STDERR_REDIRECT] [Fatal Error] :1:1: Premature end of file.
2025-09-19 18:39:51,578 [ERROR] LogOutputStream:75 - [STDERR_REDIRECT] 
2025-09-19 18:39:52,572 [ERROR] LogOutputStream:75 - [STDERR_REDIRECT] [Fatal Error] :1:1: Premature end of file.
2025-09-19 18:39:52,572 [ERROR] LogOutputStream:75 - [STDERR_REDIRECT] 
2025-09-19 18:39:53,608 [ERROR] LogOutputStream:75 - [STDERR_REDIRECT] [Fatal Error] :1:1: Premature end of file.
2025-09-19 18:39:53,608 [ERROR] LogOutputStream:75 - [STDERR_REDIRECT] 
2025-09-19 18:39:54,581 [ERROR] LogOutputStream:75 - [STDERR_REDIRECT] [Fatal Error] :1:1: Premature end of file.
2025-09-19 18:39:54,581 [ERROR] LogOutputStream:75 - [STDERR_REDIRECT] 
2025-09-19 18:39:55,578 [ERROR] LogOutputStream:75 - [STDERR_REDIRECT] [Fatal Error] :1:1: Premature end of file.
2025-09-19 18:39:55,578 [ERROR] LogOutputStream:75 - [STDERR_REDIRECT] 
2025-09-19 18:39:56,659 [ERROR] LogOutputStream:75 - [STDERR_REDIRECT] [Fatal Error] :1:1: Premature end of file.
2025-09-19 18:39:56,660 [ERROR] LogOutputStream:75 - [STDERR_REDIRECT] 
2025-09-19 18:39:57,577 [ERROR] LogOutputStream:75 - [STDERR_REDIRECT] [Fatal Error] :1:1: Premature end of file.
2025-09-19 18:39:57,577 [ERROR] LogOutputStream:75 - [STDERR_REDIRECT] 
2025-09-19 18:39:58,581 [ERROR] LogOutputStream:75 - [STDERR_REDIRECT] [Fatal Error] :1:1: Premature end of file.
2025-09-19 18:39:58,581 [ERROR] LogOutputStream:75 - [STDERR_REDIRECT] 
2025-09-19 18:39:59,579 [ERROR] LogOutputStream:75 - [STDERR_REDIRECT] [Fatal Error] :1:1: Premature end of file.
2025-09-19 18:39:59,579 [ERROR] LogOutputStream:75 - [STDERR_REDIRECT] 
2025-09-19 18:40:00,587 [ERROR] LogOutputStream:75 - [STDERR_REDIRECT] [Fatal Error] :1:1: Premature end of file.
2025-09-19 18:40:00,587 [ERROR] LogOutputStream:75 - [STDERR_REDIRECT] 
2025-09-19 18:40:01,616 [ERROR] LogOutputStream:75 - [STDERR_REDIRECT] [Fatal Error] :1:1: Premature end of file.
2025-09-19 18:40:01,617 [ERROR] LogOutputStream:75 - [STDERR_REDIRECT] 
2025-09-19 18:40:02,589 [ERROR] LogOutputStream:75 - [STDERR_REDIRECT] [Fatal Error] :1:1: Premature end of file.
2025-09-19 18:40:02,589 [ERROR] LogOutputStream:75 - [STDERR_REDIRECT] 
2025-09-19 18:40:03,580 [ERROR] LogOutputStream:75 - [STDERR_REDIRECT] [Fatal Error] :1:1: Premature end of file.
2025-09-19 18:40:03,580 [ERROR] LogOutputStream:75 - [STDERR_REDIRECT] 
2025-09-19 18:40:04,578 [ERROR] LogOutputStream:75 - [STDERR_REDIRECT] [Fatal Error] :1:1: Premature end of file.
2025-09-19 18:40:04,578 [ERROR] LogOutputStream:75 - [STDERR_REDIRECT] 
2025-09-19 18:40:05,590 [ERROR] LogOutputStream:75 - [STDERR_REDIRECT] [Fatal Error] :1:1: Premature end of file.
2025-09-19 18:40:05,591 [ERROR] LogOutputStream:75 - [STDERR_REDIRECT] 
2025-09-19 18:40:06,601 [ERROR] LogOutputStream:75 - [STDERR_REDIRECT] [Fatal Error] :1:1: Premature end of file.
2025-09-19 18:40:06,601 [ERROR] LogOutputStream:75 - [STDERR_REDIRECT] 
2025-09-19 18:40:07,613 [ERROR] LogOutputStream:75 - [STDERR_REDIRECT] [Fatal Error] :1:1: Premature end of file.
2025-09-19 18:40:07,614 [ERROR] LogOutputStream:75 - [STDERR_REDIRECT] 
2025-09-19 18:40:08,584 [ERROR] LogOutputStream:75 - [STDERR_REDIRECT] [Fatal Error] :1:1: Premature end of file.
2025-09-19 18:40:08,587 [ERROR] LogOutputStream:75 - [STDERR_REDIRECT] 
2025-09-19 18:40:09,595 [ERROR] LogOutputStream:75 - [STDERR_REDIRECT] [Fatal Error] :1:1: Premature end of file.
2025-09-19 18:40:09,596 [ERROR] LogOutputStream:75 - [STDERR_REDIRECT] 
2025-09-19 18:40:10,577 [ERROR] LogOutputStream:75 - [STDERR_REDIRECT] [Fatal Error] :1:1: Premature end of file.
2025-09-19 18:40:10,579 [ERROR] LogOutputStream:75 - [STDERR_REDIRECT] 
2025-09-19 18:40:11,569 [ERROR] LogOutputStream:75 - [STDERR_REDIRECT] [Fatal Error] :1:1: Premature end of file.
2025-09-19 18:40:11,569 [ERROR] LogOutputStream:75 - [STDERR_REDIRECT] 
2025-09-19 18:40:12,613 [ERROR] LogOutputStream:75 - [STDERR_REDIRECT] [Fatal Error] :1:1: Premature end of file.
2025-09-19 18:40:12,613 [ERROR] LogOutputStream:75 - [STDERR_REDIRECT] 
2025-09-19 18:40:13,590 [ERROR] LogOutputStream:75 - [STDERR_REDIRECT] [Fatal Error] :1:1: Premature end of file.
2025-09-19 18:40:13,590 [ERROR] LogOutputStream:75 - [STDERR_REDIRECT] 
2025-09-19 18:40:14,591 [ERROR] LogOutputStream:75 - [STDERR_REDIRECT] [Fatal Error] :1:1: Premature end of file.
2025-09-19 18:40:14,591 [ERROR] LogOutputStream:75 - [STDERR_REDIRECT] 
2025-09-19 18:40:15,582 [ERROR] LogOutputStream:75 - [STDERR_REDIRECT] [Fatal Error] :1:1: Premature end of file.
2025-09-19 18:40:15,582 [ERROR] LogOutputStream:75 - [STDERR_REDIRECT] 
2025-09-19 18:40:16,581 [ERROR] LogOutputStream:75 - [STDERR_REDIRECT] [Fatal Error] :1:1: Premature end of file.
2025-09-19 18:40:16,582 [ERROR] LogOutputStream:75 - [STDERR_REDIRECT] 
2025-09-19 18:40:17,605 [ERROR] LogOutputStream:75 - [STDERR_REDIRECT] [Fatal Error] :1:1: Premature end of file.
2025-09-19 18:40:17,606 [ERROR] LogOutputStream:75 - [STDERR_REDIRECT] 
2025-09-19 18:40:18,603 [ERROR] LogOutputStream:75 - [STDERR_REDIRECT] [Fatal Error] :1:1: Premature end of file.
2025-09-19 18:40:18,603 [ERROR] LogOutputStream:75 - [STDERR_REDIRECT] 
2025-09-19 18:40:19,602 [ERROR] LogOutputStream:75 - [STDERR_REDIRECT] [Fatal Error] :1:1: Premature end of file.
2025-09-19 18:40:19,602 [ERROR] LogOutputStream:75 - [STDERR_REDIRECT] 
2025-09-19 18:40:20,630 [ERROR] LogOutputStream:75 - [STDERR_REDIRECT] [Fatal Error] :1:1: Premature end of file.
2025-09-19 18:40:20,631 [ERROR] LogOutputStream:75 - [STDERR_REDIRECT] 
2025-09-19 18:40:21,596 [ERROR] LogOutputStream:75 - [STDERR_REDIRECT] [Fatal Error] :1:1: Premature end of file.
2025-09-19 18:40:21,596 [ERROR] LogOutputStream:75 - [STDERR_REDIRECT] 
2025-09-19 18:40:22,596 [ERROR] LogOutputStream:75 - [STDERR_REDIRECT] [Fatal Error] :1:1: Premature end of file.
2025-09-19 18:40:22,596 [ERROR] LogOutputStream:75 - [STDERR_REDIRECT] 
2025-09-19 18:40:23,592 [ERROR] LogOutputStream:75 - [STDERR_REDIRECT] [Fatal Error] :1:1: Premature end of file.
2025-09-19 18:40:23,593 [ERROR] LogOutputStream:75 - [STDERR_REDIRECT] 
2025-09-19 18:40:24,670 [ERROR] LogOutputStream:75 - [STDERR_REDIRECT] [Fatal Error] :1:1: Premature end of file.
2025-09-19 18:40:24,670 [ERROR] LogOutputStream:75 - [STDERR_REDIRECT] 
2025-09-19 18:40:25,601 [ERROR] LogOutputStream:75 - [STDERR_REDIRECT] [Fatal Error] :1:1: Premature end of file.
2025-09-19 18:40:25,601 [ERROR] LogOutputStream:75 - [STDERR_REDIRECT] 
2025-09-19 18:40:26,644 [ERROR] LogOutputStream:75 - [STDERR_REDIRECT] [Fatal Error] :1:1: Premature end of file.
2025-09-19 18:40:26,645 [ERROR] LogOutputStream:75 - [STDERR_REDIRECT] 
2025-09-19 18:40:27,825 [ERROR] LogOutputStream:75 - [STDERR_REDIRECT] [Fatal Error] :1:1: Premature end of file.
2025-09-19 18:40:27,827 [ERROR] LogOutputStream:75 - [STDERR_REDIRECT] 
2025-09-19 18:40:28,629 [ERROR] LogOutputStream:75 - [STDERR_REDIRECT] [Fatal Error] :1:1: Premature end of file.
2025-09-19 18:40:28,630 [ERROR] LogOutputStream:75 - [STDERR_REDIRECT] 
2025-09-19 18:40:29,641 [ERROR] LogOutputStream:75 - [STDERR_REDIRECT] [Fatal Error] :1:1: Premature end of file.
2025-09-19 18:40:29,645 [ERROR] LogOutputStream:75 - [STDERR_REDIRECT] 
2025-09-19 18:40:30,610 [ERROR] LogOutputStream:75 - [STDERR_REDIRECT] [Fatal Error] :1:1: Premature end of file.
2025-09-19 18:40:30,610 [ERROR] LogOutputStream:75 - [STDERR_REDIRECT] 
2025-09-19 18:40:31,594 [ERROR] LogOutputStream:75 - [STDERR_REDIRECT] [Fatal Error] :1:1: Premature end of file.
2025-09-19 18:40:31,595 [ERROR] LogOutputStream:75 - [STDERR_REDIRECT] 
2025-09-19 18:40:32,588 [ERROR] LogOutputStream:75 - [STDERR_REDIRECT] [Fatal Error] :1:1: Premature end of file.
2025-09-19 18:40:32,588 [ERROR] LogOutputStream:75 - [STDERR_REDIRECT] 
2025-09-19 18:40:33,587 [ERROR] LogOutputStream:75 - [STDERR_REDIRECT] [Fatal Error] :1:1: Premature end of file.
2025-09-19 18:40:33,587 [ERROR] LogOutputStream:75 - [STDERR_REDIRECT] 
2025-09-19 18:40:34,573 [ERROR] LogOutputStream:75 - [STDERR_REDIRECT] [Fatal Error] :1:1: Premature end of file.
2025-09-19 18:40:34,573 [ERROR] LogOutputStream:75 - [STDERR_REDIRECT] 
2025-09-19 18:40:35,574 [ERROR] LogOutputStream:75 - [STDERR_REDIRECT] [Fatal Error] :1:1: Premature end of file.
2025-09-19 18:40:35,574 [ERROR] LogOutputStream:75 - [STDERR_REDIRECT] 
2025-09-19 18:40:36,570 [ERROR] LogOutputStream:75 - [STDERR_REDIRECT] [Fatal Error] :1:1: Premature end of file.
2025-09-19 18:40:36,571 [ERROR] LogOutputStream:75 - [STDERR_REDIRECT] 
2025-09-19 18:40:37,571 [ERROR] LogOutputStream:75 - [STDERR_REDIRECT] [Fatal Error] :1:1: Premature end of file.
2025-09-19 18:40:37,571 [ERROR] LogOutputStream:75 - [STDERR_REDIRECT] 
2025-09-19 18:40:38,583 [ERROR] LogOutputStream:75 - [STDERR_REDIRECT] [Fatal Error] :1:1: Premature end of file.
2025-09-19 18:40:38,585 [ERROR] LogOutputStream:75 - [STDERR_REDIRECT] 
2025-09-19 18:40:39,578 [ERROR] LogOutputStream:75 - [STDERR_REDIRECT] [Fatal Error] :1:1: Premature end of file.
2025-09-19 18:40:39,578 [ERROR] LogOutputStream:75 - [STDERR_REDIRECT] 
2025-09-19 18:40:40,579 [ERROR] LogOutputStream:75 - [STDERR_REDIRECT] [Fatal Error] :1:1: Premature end of file.
2025-09-19 18:40:40,579 [ERROR] LogOutputStream:75 - [STDERR_REDIRECT] 
2025-09-19 18:40:41,570 [ERROR] LogOutputStream:75 - [STDERR_REDIRECT] [Fatal Error] :1:1: Premature end of file.
2025-09-19 18:40:41,570 [ERROR] LogOutputStream:75 - [STDERR_REDIRECT] 
2025-09-19 18:40:42,577 [ERROR] LogOutputStream:75 - [STDERR_REDIRECT] [Fatal Error] :1:1: Premature end of file.
2025-09-19 18:40:42,577 [ERROR] LogOutputStream:75 - [STDERR_REDIRECT] 
2025-09-19 18:40:43,585 [ERROR] LogOutputStream:75 - [STDERR_REDIRECT] [Fatal Error] :1:1: Premature end of file.
2025-09-19 18:40:43,585 [ERROR] LogOutputStream:75 - [STDERR_REDIRECT] 
2025-09-19 18:40:44,570 [ERROR] LogOutputStream:75 - [STDERR_REDIRECT] [Fatal Error] :1:1: Premature end of file.
2025-09-19 18:40:44,570 [ERROR] LogOutputStream:75 - [STDERR_REDIRECT] 
2025-09-19 18:40:45,575 [ERROR] LogOutputStream:75 - [STDERR_REDIRECT] [Fatal Error] :1:1: Premature end of file.
2025-09-19 18:40:45,576 [ERROR] LogOutputStream:75 - [STDERR_REDIRECT] 
2025-09-19 18:40:46,569 [ERROR] LogOutputStream:75 - [STDERR_REDIRECT] [Fatal Error] :1:1: Premature end of file.
2025-09-19 18:40:46,569 [ERROR] LogOutputStream:75 - [STDERR_REDIRECT] 
2025-09-19 18:40:47,575 [ERROR] LogOutputStream:75 - [STDERR_REDIRECT] [Fatal Error] :1:1: Premature end of file.
2025-09-19 18:40:47,575 [ERROR] LogOutputStream:75 - [STDERR_REDIRECT] 
2025-09-19 18:40:48,582 [ERROR] LogOutputStream:75 - [STDERR_REDIRECT] [Fatal Error] :1:1: Premature end of file.
2025-09-19 18:40:48,582 [ERROR] LogOutputStream:75 - [STDERR_REDIRECT] 
2025-09-19 18:40:49,576 [ERROR] LogOutputStream:75 - [STDERR_REDIRECT] [Fatal Error] :1:1: Premature end of file.
2025-09-19 18:40:49,576 [ERROR] LogOutputStream:75 - [STDERR_REDIRECT] 
2025-09-19 18:40:50,581 [ERROR] LogOutputStream:75 - [STDERR_REDIRECT] [Fatal Error] :1:1: Premature end of file.
2025-09-19 18:40:50,581 [ERROR] LogOutputStream:75 - [STDERR_REDIRECT] 
2025-09-19 18:40:51,582 [ERROR] LogOutputStream:75 - [STDERR_REDIRECT] [Fatal Error] :1:1: Premature end of file.
2025-09-19 18:40:51,583 [ERROR] LogOutputStream:75 - [STDERR_REDIRECT] 
2025-09-19 18:40:52,573 [ERROR] LogOutputStream:75 - [STDERR_REDIRECT] [Fatal Error] :1:1: Premature end of file.
2025-09-19 18:40:52,573 [ERROR] LogOutputStream:75 - [STDERR_REDIRECT] 
2025-09-19 18:40:53,574 [ERROR] LogOutputStream:75 - [STDERR_REDIRECT] [Fatal Error] :1:1: Premature end of file.
2025-09-19 18:40:53,574 [ERROR] LogOutputStream:75 - [STDERR_REDIRECT] 
2025-09-19 18:40:54,577 [ERROR] LogOutputStream:75 - [STDERR_REDIRECT] [Fatal Error] :1:1: Premature end of file.
2025-09-19 18:40:54,578 [ERROR] LogOutputStream:75 - [STDERR_REDIRECT] 
2025-09-19 18:40:55,578 [ERROR] LogOutputStream:75 - [STDERR_REDIRECT] [Fatal Error] :1:1: Premature end of file.
2025-09-19 18:40:55,578 [ERROR] LogOutputStream:75 - [STDERR_REDIRECT] 
2025-09-19 18:40:56,569 [ERROR] LogOutputStream:75 - [STDERR_REDIRECT] [Fatal Error] :1:1: Premature end of file.
2025-09-19 18:40:56,569 [ERROR] LogOutputStream:75 - [STDERR_REDIRECT] 
2025-09-19 18:40:57,580 [ERROR] LogOutputStream:75 - [STDERR_REDIRECT] [Fatal Error] :1:1: Premature end of file.
2025-09-19 18:40:57,580 [ERROR] LogOutputStream:75 - [STDERR_REDIRECT] 
2025-09-19 18:40:58,582 [ERROR] LogOutputStream:75 - [STDERR_REDIRECT] [Fatal Error] :1:1: Premature end of file.
2025-09-19 18:40:58,582 [ERROR] LogOutputStream:75 - [STDERR_REDIRECT] 
2025-09-19 18:40:59,597 [ERROR] LogOutputStream:75 - [STDERR_REDIRECT] [Fatal Error] :1:1: Premature end of file.
2025-09-19 18:40:59,597 [ERROR] LogOutputStream:75 - [STDERR_REDIRECT] 
2025-09-19 18:41:00,583 [ERROR] LogOutputStream:75 - [STDERR_REDIRECT] [Fatal Error] :1:1: Premature end of file.
2025-09-19 18:41:00,584 [ERROR] LogOutputStream:75 - [STDERR_REDIRECT] 
2025-09-19 18:41:01,576 [ERROR] LogOutputStream:75 - [STDERR_REDIRECT] [Fatal Error] :1:1: Premature end of file.
2025-09-19 18:41:01,576 [ERROR] LogOutputStream:75 - [STDERR_REDIRECT] 
2025-09-19 18:41:02,588 [ERROR] LogOutputStream:75 - [STDERR_REDIRECT] [Fatal Error] :1:1: Premature end of file.
2025-09-19 18:41:02,588 [ERROR] LogOutputStream:75 - [STDERR_REDIRECT] 
2025-09-19 18:41:03,607 [ERROR] LogOutputStream:75 - [STDERR_REDIRECT] [Fatal Error] :1:1: Premature end of file.
2025-09-19 18:41:03,607 [ERROR] LogOutputStream:75 - [STDERR_REDIRECT] 
2025-09-19 18:41:04,701 [ERROR] LogOutputStream:75 - [STDERR_REDIRECT] [Fatal Error] :1:1: Premature end of file.
2025-09-19 18:41:04,702 [ERROR] LogOutputStream:75 - [STDERR_REDIRECT] 
2025-09-19 18:41:05,615 [ERROR] LogOutputStream:75 - [STDERR_REDIRECT] [Fatal Error] :1:1: Premature end of file.
2025-09-19 18:41:05,615 [ERROR] LogOutputStream:75 - [STDERR_REDIRECT] 
2025-09-19 18:41:06,615 [ERROR] LogOutputStream:75 - [STDERR_REDIRECT] [Fatal Error] :1:1: Premature end of file.
2025-09-19 18:41:06,615 [ERROR] LogOutputStream:75 - [STDERR_REDIRECT] 
2025-09-19 18:41:07,579 [ERROR] LogOutputStream:75 - [STDERR_REDIRECT] [Fatal Error] :1:1: Premature end of file.
2025-09-19 18:41:07,579 [ERROR] LogOutputStream:75 - [STDERR_REDIRECT] 
2025-09-19 18:41:08,582 [ERROR] LogOutputStream:75 - [STDERR_REDIRECT] [Fatal Error] :1:1: Premature end of file.
2025-09-19 18:41:08,582 [ERROR] LogOutputStream:75 - [STDERR_REDIRECT] 
2025-09-19 18:41:09,580 [ERROR] LogOutputStream:75 - [STDERR_REDIRECT] [Fatal Error] :1:1: Premature end of file.
2025-09-19 18:41:09,580 [ERROR] LogOutputStream:75 - [STDERR_REDIRECT] 
2025-09-19 18:41:10,570 [ERROR] LogOutputStream:75 - [STDERR_REDIRECT] [Fatal Error] :1:1: Premature end of file.
2025-09-19 18:41:10,571 [ERROR] LogOutputStream:75 - [STDERR_REDIRECT] 
2025-09-19 18:41:11,586 [ERROR] LogOutputStream:75 - [STDERR_REDIRECT] [Fatal Error] :1:1: Premature end of file.
2025-09-19 18:41:11,586 [ERROR] LogOutputStream:75 - [STDERR_REDIRECT] 
2025-09-19 18:41:12,580 [ERROR] LogOutputStream:75 - [STDERR_REDIRECT] [Fatal Error] :1:1: Premature end of file.
2025-09-19 18:41:12,580 [ERROR] LogOutputStream:75 - [STDERR_REDIRECT] 
2025-09-19 18:41:13,571 [ERROR] LogOutputStream:75 - [STDERR_REDIRECT] [Fatal Error] :1:1: Premature end of file.
2025-09-19 18:41:13,571 [ERROR] LogOutputStream:75 - [STDERR_REDIRECT] 
2025-09-19 18:41:14,576 [ERROR] LogOutputStream:75 - [STDERR_REDIRECT] [Fatal Error] :1:1: Premature end of file.
2025-09-19 18:41:14,576 [ERROR] LogOutputStream:75 - [STDERR_REDIRECT] 
2025-09-19 18:41:15,581 [ERROR] LogOutputStream:75 - [STDERR_REDIRECT] [Fatal Error] :1:1: Premature end of file.
2025-09-19 18:41:15,581 [ERROR] LogOutputStream:75 - [STDERR_REDIRECT] 
2025-09-19 18:41:16,574 [ERROR] LogOutputStream:75 - [STDERR_REDIRECT] [Fatal Error] :1:1: Premature end of file.
2025-09-19 18:41:16,574 [ERROR] LogOutputStream:75 - [STDERR_REDIRECT] 
2025-09-19 18:41:17,571 [ERROR] LogOutputStream:75 - [STDERR_REDIRECT] [Fatal Error] :1:1: Premature end of file.
2025-09-19 18:41:17,571 [ERROR] LogOutputStream:75 - [STDERR_REDIRECT] 
2025-09-19 18:41:18,577 [ERROR] LogOutputStream:75 - [STDERR_REDIRECT] [Fatal Error] :1:1: Premature end of file.
2025-09-19 18:41:18,577 [ERROR] LogOutputStream:75 - [STDERR_REDIRECT] 
2025-09-19 18:41:19,579 [ERROR] LogOutputStream:75 - [STDERR_REDIRECT] [Fatal Error] :1:1: Premature end of file.
2025-09-19 18:41:19,579 [ERROR] LogOutputStream:75 - [STDERR_REDIRECT] 
2025-09-19 18:41:20,572 [ERROR] LogOutputStream:75 - [STDERR_REDIRECT] [Fatal Error] :1:1: Premature end of file.
2025-09-19 18:41:20,572 [ERROR] LogOutputStream:75 - [STDERR_REDIRECT] 
2025-09-19 18:41:21,572 [ERROR] LogOutputStream:75 - [STDERR_REDIRECT] [Fatal Error] :1:1: Premature end of file.
2025-09-19 18:41:21,572 [ERROR] LogOutputStream:75 - [STDERR_REDIRECT] 
2025-09-19 18:41:22,570 [ERROR] LogOutputStream:75 - [STDERR_REDIRECT] [Fatal Error] :1:1: Premature end of file.
2025-09-19 18:41:22,570 [ERROR] LogOutputStream:75 - [STDERR_REDIRECT] 
2025-09-19 18:41:23,580 [ERROR] LogOutputStream:75 - [STDERR_REDIRECT] [Fatal Error] :1:1: Premature end of file.
2025-09-19 18:41:23,580 [ERROR] LogOutputStream:75 - [STDERR_REDIRECT] 
2025-09-19 18:41:24,576 [ERROR] LogOutputStream:75 - [STDERR_REDIRECT] [Fatal Error] :1:1: Premature end of file.
2025-09-19 18:41:24,576 [ERROR] LogOutputStream:75 - [STDERR_REDIRECT] 
2025-09-19 18:41:25,583 [ERROR] LogOutputStream:75 - [STDERR_REDIRECT] [Fatal Error] :1:1: Premature end of file.
2025-09-19 18:41:25,583 [ERROR] LogOutputStream:75 - [STDERR_REDIRECT] 
2025-09-19 18:41:26,582 [ERROR] LogOutputStream:75 - [STDERR_REDIRECT] [Fatal Error] :1:1: Premature end of file.
2025-09-19 18:41:26,582 [ERROR] LogOutputStream:75 - [STDERR_REDIRECT] 
2025-09-19 18:41:27,590 [ERROR] LogOutputStream:75 - [STDERR_REDIRECT] [Fatal Error] :1:1: Premature end of file.
2025-09-19 18:41:27,590 [ERROR] LogOutputStream:75 - [STDERR_REDIRECT] 
2025-09-19 18:41:28,588 [ERROR] LogOutputStream:75 - [STDERR_REDIRECT] [Fatal Error] :1:1: Premature end of file.
2025-09-19 18:41:28,588 [ERROR] LogOutputStream:75 - [STDERR_REDIRECT] 
2025-09-19 18:41:29,571 [ERROR] LogOutputStream:75 - [STDERR_REDIRECT] [Fatal Error] :1:1: Premature end of file.
2025-09-19 18:41:29,571 [ERROR] LogOutputStream:75 - [STDERR_REDIRECT] 
2025-09-19 18:41:30,580 [ERROR] LogOutputStream:75 - [STDERR_REDIRECT] [Fatal Error] :1:1: Premature end of file.
2025-09-19 18:41:30,580 [ERROR] LogOutputStream:75 - [STDERR_REDIRECT] 
2025-09-19 18:41:31,578 [ERROR] LogOutputStream:75 - [STDERR_REDIRECT] [Fatal Error] :1:1: Premature end of file.
2025-09-19 18:41:31,578 [ERROR] LogOutputStream:75 - [STDERR_REDIRECT] 
2025-09-19 18:41:32,574 [ERROR] LogOutputStream:75 - [STDERR_REDIRECT] [Fatal Error] :1:1: Premature end of file.
2025-09-19 18:41:32,574 [ERROR] LogOutputStream:75 - [STDERR_REDIRECT] 
2025-09-19 18:41:33,576 [ERROR] LogOutputStream:75 - [STDERR_REDIRECT] [Fatal Error] :1:1: Premature end of file.
2025-09-19 18:41:33,576 [ERROR] LogOutputStream:75 - [STDERR_REDIRECT] 
2025-09-19 18:41:34,587 [ERROR] LogOutputStream:75 - [STDERR_REDIRECT] [Fatal Error] :1:1: Premature end of file.
2025-09-19 18:41:34,588 [ERROR] LogOutputStream:75 - [STDERR_REDIRECT] 
2025-09-19 18:41:35,581 [ERROR] LogOutputStream:75 - [STDERR_REDIRECT] [Fatal Error] :1:1: Premature end of file.
2025-09-19 18:41:35,581 [ERROR] LogOutputStream:75 - [STDERR_REDIRECT] 
2025-09-19 18:41:36,571 [ERROR] LogOutputStream:75 - [STDERR_REDIRECT] [Fatal Error] :1:1: Premature end of file.
2025-09-19 18:41:36,571 [ERROR] LogOutputStream:75 - [STDERR_REDIRECT] 
2025-09-19 18:41:37,583 [ERROR] LogOutputStream:75 - [STDERR_REDIRECT] [Fatal Error] :1:1: Premature end of file.
2025-09-19 18:41:37,583 [ERROR] LogOutputStream:75 - [STDERR_REDIRECT] 
2025-09-19 18:41:38,574 [ERROR] LogOutputStream:75 - [STDERR_REDIRECT] [Fatal Error] :1:1: Premature end of file.
2025-09-19 18:41:38,574 [ERROR] LogOutputStream:75 - [STDERR_REDIRECT] 
2025-09-19 18:41:39,592 [ERROR] LogOutputStream:75 - [STDERR_REDIRECT] [Fatal Error] :1:1: Premature end of file.
2025-09-19 18:41:39,592 [ERROR] LogOutputStream:75 - [STDERR_REDIRECT] 
2025-09-19 18:41:40,581 [ERROR] LogOutputStream:75 - [STDERR_REDIRECT] [Fatal Error] :1:1: Premature end of file.
2025-09-19 18:41:40,582 [ERROR] LogOutputStream:75 - [STDERR_REDIRECT] 
2025-09-19 18:41:41,578 [ERROR] LogOutputStream:75 - [STDERR_REDIRECT] [Fatal Error] :1:1: Premature end of file.
2025-09-19 18:41:41,578 [ERROR] LogOutputStream:75 - [STDERR_REDIRECT] 
2025-09-19 18:41:42,572 [ERROR] LogOutputStream:75 - [STDERR_REDIRECT] [Fatal Error] :1:1: Premature end of file.
2025-09-19 18:41:42,572 [ERROR] LogOutputStream:75 - [STDERR_REDIRECT] 
2025-09-19 18:41:43,584 [ERROR] LogOutputStream:75 - [STDERR_REDIRECT] [Fatal Error] :1:1: Premature end of file.
2025-09-19 18:41:43,584 [ERROR] LogOutputStream:75 - [STDERR_REDIRECT] 
2025-09-19 18:41:44,578 [ERROR] LogOutputStream:75 - [STDERR_REDIRECT] [Fatal Error] :1:1: Premature end of file.
2025-09-19 18:41:44,578 [ERROR] LogOutputStream:75 - [STDERR_REDIRECT] 
2025-09-19 18:41:45,613 [ERROR] LogOutputStream:75 - [STDERR_REDIRECT] [Fatal Error] :1:1: Premature end of file.
2025-09-19 18:41:45,614 [ERROR] LogOutputStream:75 - [STDERR_REDIRECT] 
2025-09-19 18:41:46,575 [ERROR] LogOutputStream:75 - [STDERR_REDIRECT] [Fatal Error] :1:1: Premature end of file.
2025-09-19 18:41:46,576 [ERROR] LogOutputStream:75 - [STDERR_REDIRECT] 
2025-09-19 18:41:47,569 [ERROR] LogOutputStream:75 - [STDERR_REDIRECT] [Fatal Error] :1:1: Premature end of file.
2025-09-19 18:41:47,569 [ERROR] LogOutputStream:75 - [STDERR_REDIRECT] 
2025-09-19 18:41:48,572 [ERROR] LogOutputStream:75 - [STDERR_REDIRECT] [Fatal Error] :1:1: Premature end of file.
2025-09-19 18:41:48,572 [ERROR] LogOutputStream:75 - [STDERR_REDIRECT] 
2025-09-19 18:41:49,582 [ERROR] LogOutputStream:75 - [STDERR_REDIRECT] [Fatal Error] :1:1: Premature end of file.
2025-09-19 18:41:49,582 [ERROR] LogOutputStream:75 - [STDERR_REDIRECT] 
2025-09-19 18:41:50,575 [ERROR] LogOutputStream:75 - [STDERR_REDIRECT] [Fatal Error] :1:1: Premature end of file.
2025-09-19 18:41:50,575 [ERROR] LogOutputStream:75 - [STDERR_REDIRECT] 
2025-09-19 18:41:51,583 [ERROR] LogOutputStream:75 - [STDERR_REDIRECT] [Fatal Error] :1:1: Premature end of file.
2025-09-19 18:41:51,583 [ERROR] LogOutputStream:75 - [STDERR_REDIRECT] 
2025-09-19 18:41:52,578 [ERROR] LogOutputStream:75 - [STDERR_REDIRECT] [Fatal Error] :1:1: Premature end of file.
2025-09-19 18:41:52,579 [ERROR] LogOutputStream:75 - [STDERR_REDIRECT] 
2025-09-19 18:41:53,585 [ERROR] LogOutputStream:75 - [STDERR_REDIRECT] [Fatal Error] :1:1: Premature end of file.
2025-09-19 18:41:53,585 [ERROR] LogOutputStream:75 - [STDERR_REDIRECT] 
2025-09-19 18:41:54,581 [ERROR] LogOutputStream:75 - [STDERR_REDIRECT] [Fatal Error] :1:1: Premature end of file.
2025-09-19 18:41:54,582 [ERROR] LogOutputStream:75 - [STDERR_REDIRECT] 
2025-09-19 18:41:55,573 [ERROR] LogOutputStream:75 - [STDERR_REDIRECT] [Fatal Error] :1:1: Premature end of file.
2025-09-19 18:41:55,574 [ERROR] LogOutputStream:75 - [STDERR_REDIRECT] 
2025-09-19 18:41:56,574 [ERROR] LogOutputStream:75 - [STDERR_REDIRECT] [Fatal Error] :1:1: Premature end of file.
2025-09-19 18:41:56,574 [ERROR] LogOutputStream:75 - [STDERR_REDIRECT] 
2025-09-19 18:41:57,596 [ERROR] LogOutputStream:75 - [STDERR_REDIRECT] [Fatal Error] :1:1: Premature end of file.
2025-09-19 18:41:57,596 [ERROR] LogOutputStream:75 - [STDERR_REDIRECT] 
2025-09-19 18:41:58,589 [ERROR] LogOutputStream:75 - [STDERR_REDIRECT] [Fatal Error] :1:1: Premature end of file.
2025-09-19 18:41:58,589 [ERROR] LogOutputStream:75 - [STDERR_REDIRECT] 
2025-09-19 18:41:59,585 [ERROR] LogOutputStream:75 - [STDERR_REDIRECT] [Fatal Error] :1:1: Premature end of file.
2025-09-19 18:41:59,586 [ERROR] LogOutputStream:75 - [STDERR_REDIRECT] 
2025-09-19 18:42:00,570 [ERROR] LogOutputStream:75 - [STDERR_REDIRECT] [Fatal Error] :1:1: Premature end of file.
2025-09-19 18:42:00,570 [ERROR] LogOutputStream:75 - [STDERR_REDIRECT] 
2025-09-19 18:42:01,576 [ERROR] LogOutputStream:75 - [STDERR_REDIRECT] [Fatal Error] :1:1: Premature end of file.
2025-09-19 18:42:01,577 [ERROR] LogOutputStream:75 - [STDERR_REDIRECT] 
2025-09-19 18:42:02,595 [ERROR] LogOutputStream:75 - [STDERR_REDIRECT] [Fatal Error] :1:1: Premature end of file.
2025-09-19 18:42:02,596 [ERROR] LogOutputStream:75 - [STDERR_REDIRECT] 
2025-09-19 18:42:03,581 [ERROR] LogOutputStream:75 - [STDERR_REDIRECT] [Fatal Error] :1:1: Premature end of file.
2025-09-19 18:42:03,581 [ERROR] LogOutputStream:75 - [STDERR_REDIRECT] 
2025-09-19 18:42:04,571 [ERROR] LogOutputStream:75 - [STDERR_REDIRECT] [Fatal Error] :1:1: Premature end of file.
2025-09-19 18:42:04,571 [ERROR] LogOutputStream:75 - [STDERR_REDIRECT] 
2025-09-19 18:42:05,576 [ERROR] LogOutputStream:75 - [STDERR_REDIRECT] [Fatal Error] :1:1: Premature end of file.
2025-09-19 18:42:05,576 [ERROR] LogOutputStream:75 - [STDERR_REDIRECT] 
2025-09-19 18:42:06,586 [ERROR] LogOutputStream:75 - [STDERR_REDIRECT] [Fatal Error] :1:1: Premature end of file.
2025-09-19 18:42:06,587 [ERROR] LogOutputStream:75 - [STDERR_REDIRECT] 
2025-09-19 18:42:07,582 [ERROR] LogOutputStream:75 - [STDERR_REDIRECT] [Fatal Error] :1:1: Premature end of file.
2025-09-19 18:42:07,582 [ERROR] LogOutputStream:75 - [STDERR_REDIRECT] 
2025-09-19 18:42:08,573 [ERROR] LogOutputStream:75 - [STDERR_REDIRECT] [Fatal Error] :1:1: Premature end of file.
2025-09-19 18:42:08,573 [ERROR] LogOutputStream:75 - [STDERR_REDIRECT] 
2025-09-19 18:42:09,580 [ERROR] LogOutputStream:75 - [STDERR_REDIRECT] [Fatal Error] :1:1: Premature end of file.
2025-09-19 18:42:09,580 [ERROR] LogOutputStream:75 - [STDERR_REDIRECT] 
2025-09-19 18:42:10,577 [ERROR] LogOutputStream:75 - [STDERR_REDIRECT] [Fatal Error] :1:1: Premature end of file.
2025-09-19 18:42:10,578 [ERROR] LogOutputStream:75 - [STDERR_REDIRECT] 
2025-09-19 18:42:11,574 [ERROR] LogOutputStream:75 - [STDERR_REDIRECT] [Fatal Error] :1:1: Premature end of file.
2025-09-19 18:42:11,574 [ERROR] LogOutputStream:75 - [STDERR_REDIRECT] 
2025-09-19 18:42:12,576 [ERROR] LogOutputStream:75 - [STDERR_REDIRECT] [Fatal Error] :1:1: Premature end of file.
2025-09-19 18:42:12,576 [ERROR] LogOutputStream:75 - [STDERR_REDIRECT] 
2025-09-19 18:42:13,584 [ERROR] LogOutputStream:75 - [STDERR_REDIRECT] [Fatal Error] :1:1: Premature end of file.
2025-09-19 18:42:13,584 [ERROR] LogOutputStream:75 - [STDERR_REDIRECT] 
2025-09-19 18:42:14,573 [ERROR] LogOutputStream:75 - [STDERR_REDIRECT] [Fatal Error] :1:1: Premature end of file.
2025-09-19 18:42:14,573 [ERROR] LogOutputStream:75 - [STDERR_REDIRECT] 
2025-09-19 18:42:15,578 [ERROR] LogOutputStream:75 - [STDERR_REDIRECT] [Fatal Error] :1:1: Premature end of file.
2025-09-19 18:42:15,578 [ERROR] LogOutputStream:75 - [STDERR_REDIRECT] 
2025-09-19 18:42:16,582 [ERROR] LogOutputStream:75 - [STDERR_REDIRECT] [Fatal Error] :1:1: Premature end of file.
2025-09-19 18:42:16,582 [ERROR] LogOutputStream:75 - [STDERR_REDIRECT] 
2025-09-19 18:42:17,580 [ERROR] LogOutputStream:75 - [STDERR_REDIRECT] [Fatal Error] :1:1: Premature end of file.
2025-09-19 18:42:17,581 [ERROR] LogOutputStream:75 - [STDERR_REDIRECT] 
2025-09-19 18:42:18,570 [ERROR] LogOutputStream:75 - [STDERR_REDIRECT] [Fatal Error] :1:1: Premature end of file.
2025-09-19 18:42:18,570 [ERROR] LogOutputStream:75 - [STDERR_REDIRECT] 
2025-09-19 18:42:19,586 [ERROR] LogOutputStream:75 - [STDERR_REDIRECT] [Fatal Error] :1:1: Premature end of file.
2025-09-19 18:42:19,586 [ERROR] LogOutputStream:75 - [STDERR_REDIRECT] 
2025-09-19 18:42:20,572 [ERROR] LogOutputStream:75 - [STDERR_REDIRECT] [Fatal Error] :1:1: Premature end of file.
2025-09-19 18:42:20,572 [ERROR] LogOutputStream:75 - [STDERR_REDIRECT] 
2025-09-19 18:42:21,582 [ERROR] LogOutputStream:75 - [STDERR_REDIRECT] [Fatal Error] :1:1: Premature end of file.
2025-09-19 18:42:21,582 [ERROR] LogOutputStream:75 - [STDERR_REDIRECT] 
2025-09-19 18:42:22,583 [ERROR] LogOutputStream:75 - [STDERR_REDIRECT] [Fatal Error] :1:1: Premature end of file.
2025-09-19 18:42:22,584 [ERROR] LogOutputStream:75 - [STDERR_REDIRECT] 
2025-09-19 18:42:23,573 [ERROR] LogOutputStream:75 - [STDERR_REDIRECT] [Fatal Error] :1:1: Premature end of file.
2025-09-19 18:42:23,575 [ERROR] LogOutputStream:75 - [STDERR_REDIRECT] 
2025-09-19 18:42:24,568 [ERROR] LogOutputStream:75 - [STDERR_REDIRECT] [Fatal Error] :1:1: Premature end of file.
2025-09-19 18:42:24,568 [ERROR] LogOutputStream:75 - [STDERR_REDIRECT] 
2025-09-19 18:42:25,573 [ERROR] LogOutputStream:75 - [STDERR_REDIRECT] [Fatal Error] :1:1: Premature end of file.
2025-09-19 18:42:25,573 [ERROR] LogOutputStream:75 - [STDERR_REDIRECT] 
2025-09-19 18:42:26,571 [ERROR] LogOutputStream:75 - [STDERR_REDIRECT] [Fatal Error] :1:1: Premature end of file.
2025-09-19 18:42:26,571 [ERROR] LogOutputStream:75 - [STDERR_REDIRECT] 
2025-09-19 18:42:27,577 [ERROR] LogOutputStream:75 - [STDERR_REDIRECT] [Fatal Error] :1:1: Premature end of file.
2025-09-19 18:42:27,577 [ERROR] LogOutputStream:75 - [STDERR_REDIRECT] 
2025-09-19 18:42:28,576 [ERROR] LogOutputStream:75 - [STDERR_REDIRECT] [Fatal Error] :1:1: Premature end of file.
2025-09-19 18:42:28,576 [ERROR] LogOutputStream:75 - [STDERR_REDIRECT] 
2025-09-19 18:42:29,581 [ERROR] LogOutputStream:75 - [STDERR_REDIRECT] [Fatal Error] :1:1: Premature end of file.
2025-09-19 18:42:29,581 [ERROR] LogOutputStream:75 - [STDERR_REDIRECT] 
2025-09-19 18:42:30,573 [ERROR] LogOutputStream:75 - [STDERR_REDIRECT] [Fatal Error] :1:1: Premature end of file.
2025-09-19 18:42:30,573 [ERROR] LogOutputStream:75 - [STDERR_REDIRECT] 
2025-09-19 18:42:31,571 [ERROR] LogOutputStream:75 - [STDERR_REDIRECT] [Fatal Error] :1:1: Premature end of file.
2025-09-19 18:42:31,571 [ERROR] LogOutputStream:75 - [STDERR_REDIRECT] 
2025-09-19 18:42:32,573 [ERROR] LogOutputStream:75 - [STDERR_REDIRECT] [Fatal Error] :1:1: Premature end of file.
2025-09-19 18:42:32,573 [ERROR] LogOutputStream:75 - [STDERR_REDIRECT] 
2025-09-19 18:42:33,571 [ERROR] LogOutputStream:75 - [STDERR_REDIRECT] [Fatal Error] :1:1: Premature end of file.
2025-09-19 18:42:33,571 [ERROR] LogOutputStream:75 - [STDERR_REDIRECT] 
2025-09-19 18:42:34,584 [ERROR] LogOutputStream:75 - [STDERR_REDIRECT] [Fatal Error] :1:1: Premature end of file.
2025-09-19 18:42:34,584 [ERROR] LogOutputStream:75 - [STDERR_REDIRECT] 
2025-09-19 18:42:35,587 [ERROR] LogOutputStream:75 - [STDERR_REDIRECT] [Fatal Error] :1:1: Premature end of file.
2025-09-19 18:42:35,588 [ERROR] LogOutputStream:75 - [STDERR_REDIRECT] 
2025-09-19 18:42:36,578 [ERROR] LogOutputStream:75 - [STDERR_REDIRECT] [Fatal Error] :1:1: Premature end of file.
2025-09-19 18:42:36,578 [ERROR] LogOutputStream:75 - [STDERR_REDIRECT] 
2025-09-19 18:42:37,577 [ERROR] LogOutputStream:75 - [STDERR_REDIRECT] [Fatal Error] :1:1: Premature end of file.
2025-09-19 18:42:37,577 [ERROR] LogOutputStream:75 - [STDERR_REDIRECT] 
2025-09-19 18:42:38,585 [ERROR] LogOutputStream:75 - [STDERR_REDIRECT] [Fatal Error] :1:1: Premature end of file.
2025-09-19 18:42:38,585 [ERROR] LogOutputStream:75 - [STDERR_REDIRECT] 
2025-09-19 18:42:39,574 [ERROR] LogOutputStream:75 - [STDERR_REDIRECT] [Fatal Error] :1:1: Premature end of file.
2025-09-19 18:42:39,575 [ERROR] LogOutputStream:75 - [STDERR_REDIRECT] 
2025-09-19 18:42:40,577 [ERROR] LogOutputStream:75 - [STDERR_REDIRECT] [Fatal Error] :1:1: Premature end of file.
2025-09-19 18:42:40,577 [ERROR] LogOutputStream:75 - [STDERR_REDIRECT] 
2025-09-19 18:42:41,582 [ERROR] LogOutputStream:75 - [STDERR_REDIRECT] [Fatal Error] :1:1: Premature end of file.
2025-09-19 18:42:41,583 [ERROR] LogOutputStream:75 - [STDERR_REDIRECT] 
2025-09-19 18:42:42,588 [ERROR] LogOutputStream:75 - [STDERR_REDIRECT] [Fatal Error] :1:1: Premature end of file.
2025-09-19 18:42:42,588 [ERROR] LogOutputStream:75 - [STDERR_REDIRECT] 
2025-09-19 18:42:43,578 [ERROR] LogOutputStream:75 - [STDERR_REDIRECT] [Fatal Error] :1:1: Premature end of file.
2025-09-19 18:42:43,578 [ERROR] LogOutputStream:75 - [STDERR_REDIRECT] 
2025-09-19 18:42:44,575 [ERROR] LogOutputStream:75 - [STDERR_REDIRECT] [Fatal Error] :1:1: Premature end of file.
2025-09-19 18:42:44,575 [ERROR] LogOutputStream:75 - [STDERR_REDIRECT] 
2025-09-19 18:42:45,580 [ERROR] LogOutputStream:75 - [STDERR_REDIRECT] [Fatal Error] :1:1: Premature end of file.
2025-09-19 18:42:45,580 [ERROR] LogOutputStream:75 - [STDERR_REDIRECT] 
2025-09-19 18:42:46,576 [ERROR] LogOutputStream:75 - [STDERR_REDIRECT] [Fatal Error] :1:1: Premature end of file.
2025-09-19 18:42:46,576 [ERROR] LogOutputStream:75 - [STDERR_REDIRECT] 
2025-09-19 18:42:47,568 [ERROR] LogOutputStream:75 - [STDERR_REDIRECT] [Fatal Error] :1:1: Premature end of file.
2025-09-19 18:42:47,569 [ERROR] LogOutputStream:75 - [STDERR_REDIRECT] 
2025-09-19 18:42:48,581 [ERROR] LogOutputStream:75 - [STDERR_REDIRECT] [Fatal Error] :1:1: Premature end of file.
2025-09-19 18:42:48,581 [ERROR] LogOutputStream:75 - [STDERR_REDIRECT] 
2025-09-19 18:42:49,572 [ERROR] LogOutputStream:75 - [STDERR_REDIRECT] [Fatal Error] :1:1: Premature end of file.
2025-09-19 18:42:49,574 [ERROR] LogOutputStream:75 - [STDERR_REDIRECT] 
2025-09-19 18:42:50,575 [ERROR] LogOutputStream:75 - [STDERR_REDIRECT] [Fatal Error] :1:1: Premature end of file.
2025-09-19 18:42:50,575 [ERROR] LogOutputStream:75 - [STDERR_REDIRECT] 
2025-09-19 18:42:51,572 [ERROR] LogOutputStream:75 - [STDERR_REDIRECT] [Fatal Error] :1:1: Premature end of file.
2025-09-19 18:42:51,572 [ERROR] LogOutputStream:75 - [STDERR_REDIRECT] 
2025-09-19 18:42:52,571 [ERROR] LogOutputStream:75 - [STDERR_REDIRECT] [Fatal Error] :1:1: Premature end of file.
2025-09-19 18:42:52,571 [ERROR] LogOutputStream:75 - [STDERR_REDIRECT] 
2025-09-19 18:42:53,586 [ERROR] LogOutputStream:75 - [STDERR_REDIRECT] [Fatal Error] :1:1: Premature end of file.
2025-09-19 18:42:53,586 [ERROR] LogOutputStream:75 - [STDERR_REDIRECT] 
2025-09-19 18:42:54,587 [ERROR] LogOutputStream:75 - [STDERR_REDIRECT] [Fatal Error] :1:1: Premature end of file.
2025-09-19 18:42:54,587 [ERROR] LogOutputStream:75 - [STDERR_REDIRECT] 
2025-09-19 18:42:55,573 [ERROR] LogOutputStream:75 - [STDERR_REDIRECT] [Fatal Error] :1:1: Premature end of file.
2025-09-19 18:42:55,573 [ERROR] LogOutputStream:75 - [STDERR_REDIRECT] 
2025-09-19 18:42:56,577 [ERROR] LogOutputStream:75 - [STDERR_REDIRECT] [Fatal Error] :1:1: Premature end of file.
2025-09-19 18:42:56,577 [ERROR] LogOutputStream:75 - [STDERR_REDIRECT] 
2025-09-19 18:42:57,576 [ERROR] LogOutputStream:75 - [STDERR_REDIRECT] [Fatal Error] :1:1: Premature end of file.
2025-09-19 18:42:57,577 [ERROR] LogOutputStream:75 - [STDERR_REDIRECT] 
2025-09-19 18:42:58,580 [ERROR] LogOutputStream:75 - [STDERR_REDIRECT] [Fatal Error] :1:1: Premature end of file.
2025-09-19 18:42:58,581 [ERROR] LogOutputStream:75 - [STDERR_REDIRECT] 
2025-09-19 18:42:59,579 [ERROR] LogOutputStream:75 - [STDERR_REDIRECT] [Fatal Error] :1:1: Premature end of file.
2025-09-19 18:42:59,579 [ERROR] LogOutputStream:75 - [STDERR_REDIRECT] 
2025-09-19 18:43:00,575 [ERROR] LogOutputStream:75 - [STDERR_REDIRECT] [Fatal Error] :1:1: Premature end of file.
2025-09-19 18:43:00,576 [ERROR] LogOutputStream:75 - [STDERR_REDIRECT] 
2025-09-19 18:43:01,578 [ERROR] LogOutputStream:75 - [STDERR_REDIRECT] [Fatal Error] :1:1: Premature end of file.
2025-09-19 18:43:01,578 [ERROR] LogOutputStream:75 - [STDERR_REDIRECT] 
2025-09-19 18:43:02,575 [ERROR] LogOutputStream:75 - [STDERR_REDIRECT] [Fatal Error] :1:1: Premature end of file.
2025-09-19 18:43:02,577 [ERROR] LogOutputStream:75 - [STDERR_REDIRECT] 
2025-09-19 18:43:03,573 [ERROR] LogOutputStream:75 - [STDERR_REDIRECT] [Fatal Error] :1:1: Premature end of file.
2025-09-19 18:43:03,573 [ERROR] LogOutputStream:75 - [STDERR_REDIRECT] 
2025-09-19 18:43:04,585 [ERROR] LogOutputStream:75 - [STDERR_REDIRECT] [Fatal Error] :1:1: Premature end of file.
2025-09-19 18:43:04,586 [ERROR] LogOutputStream:75 - [STDERR_REDIRECT] 
2025-09-19 18:43:05,578 [ERROR] LogOutputStream:75 - [STDERR_REDIRECT] [Fatal Error] :1:1: Premature end of file.
2025-09-19 18:43:05,578 [ERROR] LogOutputStream:75 - [STDERR_REDIRECT] 
2025-09-19 18:43:06,577 [ERROR] LogOutputStream:75 - [STDERR_REDIRECT] [Fatal Error] :1:1: Premature end of file.
2025-09-19 18:43:06,577 [ERROR] LogOutputStream:75 - [STDERR_REDIRECT] 
2025-09-19 18:43:07,569 [ERROR] LogOutputStream:75 - [STDERR_REDIRECT] [Fatal Error] :1:1: Premature end of file.
2025-09-19 18:43:07,569 [ERROR] LogOutputStream:75 - [STDERR_REDIRECT] 
2025-09-19 18:43:08,571 [ERROR] LogOutputStream:75 - [STDERR_REDIRECT] [Fatal Error] :1:1: Premature end of file.
2025-09-19 18:43:08,571 [ERROR] LogOutputStream:75 - [STDERR_REDIRECT] 
2025-09-19 18:43:09,571 [ERROR] LogOutputStream:75 - [STDERR_REDIRECT] [Fatal Error] :1:1: Premature end of file.
2025-09-19 18:43:09,571 [ERROR] LogOutputStream:75 - [STDERR_REDIRECT] 
2025-09-19 18:43:10,585 [ERROR] LogOutputStream:75 - [STDERR_REDIRECT] [Fatal Error] :1:1: Premature end of file.
2025-09-19 18:43:10,586 [ERROR] LogOutputStream:75 - [STDERR_REDIRECT] 
2025-09-19 18:43:11,579 [ERROR] LogOutputStream:75 - [STDERR_REDIRECT] [Fatal Error] :1:1: Premature end of file.
2025-09-19 18:43:11,579 [ERROR] LogOutputStream:75 - [STDERR_REDIRECT] 
2025-09-19 18:43:12,585 [ERROR] LogOutputStream:75 - [STDERR_REDIRECT] [Fatal Error] :1:1: Premature end of file.
2025-09-19 18:43:12,585 [ERROR] LogOutputStream:75 - [STDERR_REDIRECT] 
2025-09-19 18:43:13,585 [ERROR] LogOutputStream:75 - [STDERR_REDIRECT] [Fatal Error] :1:1: Premature end of file.
2025-09-19 18:43:13,586 [ERROR] LogOutputStream:75 - [STDERR_REDIRECT] 
2025-09-19 18:43:14,583 [ERROR] LogOutputStream:75 - [STDERR_REDIRECT] [Fatal Error] :1:1: Premature end of file.
2025-09-19 18:43:14,584 [ERROR] LogOutputStream:75 - [STDERR_REDIRECT] 
2025-09-19 18:43:15,585 [ERROR] LogOutputStream:75 - [STDERR_REDIRECT] [Fatal Error] :1:1: Premature end of file.
2025-09-19 18:43:15,585 [ERROR] LogOutputStream:75 - [STDERR_REDIRECT] 
2025-09-19 18:43:16,579 [ERROR] LogOutputStream:75 - [STDERR_REDIRECT] [Fatal Error] :1:1: Premature end of file.
2025-09-19 18:43:16,579 [ERROR] LogOutputStream:75 - [STDERR_REDIRECT] 
2025-09-19 18:43:17,577 [ERROR] LogOutputStream:75 - [STDERR_REDIRECT] [Fatal Error] :1:1: Premature end of file.
2025-09-19 18:43:17,578 [ERROR] LogOutputStream:75 - [STDERR_REDIRECT] 
2025-09-19 18:43:18,579 [ERROR] LogOutputStream:75 - [STDERR_REDIRECT] [Fatal Error] :1:1: Premature end of file.
2025-09-19 18:43:18,580 [ERROR] LogOutputStream:75 - [STDERR_REDIRECT] 
2025-09-19 18:43:19,575 [ERROR] LogOutputStream:75 - [STDERR_REDIRECT] [Fatal Error] :1:1: Premature end of file.
2025-09-19 18:43:19,575 [ERROR] LogOutputStream:75 - [STDERR_REDIRECT] 
2025-09-19 18:43:20,574 [ERROR] LogOutputStream:75 - [STDERR_REDIRECT] [Fatal Error] :1:1: Premature end of file.
2025-09-19 18:43:20,574 [ERROR] LogOutputStream:75 - [STDERR_REDIRECT] 
2025-09-19 18:43:21,570 [ERROR] LogOutputStream:75 - [STDERR_REDIRECT] [Fatal Error] :1:1: Premature end of file.
2025-09-19 18:43:21,570 [ERROR] LogOutputStream:75 - [STDERR_REDIRECT] 
2025-09-19 18:43:22,581 [ERROR] LogOutputStream:75 - [STDERR_REDIRECT] [Fatal Error] :1:1: Premature end of file.
2025-09-19 18:43:22,581 [ERROR] LogOutputStream:75 - [STDERR_REDIRECT] 
2025-09-19 18:43:23,573 [ERROR] LogOutputStream:75 - [STDERR_REDIRECT] [Fatal Error] :1:1: Premature end of file.
2025-09-19 18:43:23,573 [ERROR] LogOutputStream:75 - [STDERR_REDIRECT] 
2025-09-19 18:43:24,586 [ERROR] LogOutputStream:75 - [STDERR_REDIRECT] [Fatal Error] :1:1: Premature end of file.
2025-09-19 18:43:24,587 [ERROR] LogOutputStream:75 - [STDERR_REDIRECT] 
2025-09-19 18:43:25,581 [ERROR] LogOutputStream:75 - [STDERR_REDIRECT] [Fatal Error] :1:1: Premature end of file.
2025-09-19 18:43:25,581 [ERROR] LogOutputStream:75 - [STDERR_REDIRECT] 
2025-09-19 18:43:26,587 [ERROR] LogOutputStream:75 - [STDERR_REDIRECT] [Fatal Error] :1:1: Premature end of file.
2025-09-19 18:43:26,587 [ERROR] LogOutputStream:75 - [STDERR_REDIRECT] 
2025-09-19 18:43:27,586 [ERROR] LogOutputStream:75 - [STDERR_REDIRECT] [Fatal Error] :1:1: Premature end of file.
2025-09-19 18:43:27,586 [ERROR] LogOutputStream:75 - [STDERR_REDIRECT] 
2025-09-19 18:43:28,583 [ERROR] LogOutputStream:75 - [STDERR_REDIRECT] [Fatal Error] :1:1: Premature end of file.
2025-09-19 18:43:28,584 [ERROR] LogOutputStream:75 - [STDERR_REDIRECT] 
2025-09-19 18:43:29,587 [ERROR] LogOutputStream:75 - [STDERR_REDIRECT] [Fatal Error] :1:1: Premature end of file.
2025-09-19 18:43:29,587 [ERROR] LogOutputStream:75 - [STDERR_REDIRECT] 
2025-09-19 18:43:30,569 [ERROR] LogOutputStream:75 - [STDERR_REDIRECT] [Fatal Error] :1:1: Premature end of file.
2025-09-19 18:43:30,569 [ERROR] LogOutputStream:75 - [STDERR_REDIRECT] 
2025-09-19 18:43:31,568 [ERROR] LogOutputStream:75 - [STDERR_REDIRECT] [Fatal Error] :1:1: Premature end of file.
2025-09-19 18:43:31,568 [ERROR] LogOutputStream:75 - [STDERR_REDIRECT] 
2025-09-19 18:43:32,584 [ERROR] LogOutputStream:75 - [STDERR_REDIRECT] [Fatal Error] :1:1: Premature end of file.
2025-09-19 18:43:32,584 [ERROR] LogOutputStream:75 - [STDERR_REDIRECT] 
2025-09-19 18:43:33,591 [ERROR] LogOutputStream:75 - [STDERR_REDIRECT] [Fatal Error] :1:1: Premature end of file.
2025-09-19 18:43:33,591 [ERROR] LogOutputStream:75 - [STDERR_REDIRECT] 
2025-09-19 18:43:34,572 [ERROR] LogOutputStream:75 - [STDERR_REDIRECT] [Fatal Error] :1:1: Premature end of file.
2025-09-19 18:43:34,573 [ERROR] LogOutputStream:75 - [STDERR_REDIRECT] 
2025-09-19 18:43:35,575 [ERROR] LogOutputStream:75 - [STDERR_REDIRECT] [Fatal Error] :1:1: Premature end of file.
2025-09-19 18:43:35,575 [ERROR] LogOutputStream:75 - [STDERR_REDIRECT] 
2025-09-19 18:43:36,571 [ERROR] LogOutputStream:75 - [STDERR_REDIRECT] [Fatal Error] :1:1: Premature end of file.
2025-09-19 18:43:36,571 [ERROR] LogOutputStream:75 - [STDERR_REDIRECT] 
2025-09-19 18:43:37,571 [ERROR] LogOutputStream:75 - [STDERR_REDIRECT] [Fatal Error] :1:1: Premature end of file.
2025-09-19 18:43:37,571 [ERROR] LogOutputStream:75 - [STDERR_REDIRECT] 
2025-09-19 18:43:38,569 [ERROR] LogOutputStream:75 - [STDERR_REDIRECT] [Fatal Error] :1:1: Premature end of file.
2025-09-19 18:43:38,569 [ERROR] LogOutputStream:75 - [STDERR_REDIRECT] 
2025-09-19 18:43:39,577 [ERROR] LogOutputStream:75 - [STDERR_REDIRECT] [Fatal Error] :1:1: Premature end of file.
2025-09-19 18:43:39,577 [ERROR] LogOutputStream:75 - [STDERR_REDIRECT] 
2025-09-19 18:43:40,577 [ERROR] LogOutputStream:75 - [STDERR_REDIRECT] [Fatal Error] :1:1: Premature end of file.
2025-09-19 18:43:40,577 [ERROR] LogOutputStream:75 - [STDERR_REDIRECT] 
2025-09-19 18:43:41,577 [ERROR] LogOutputStream:75 - [STDERR_REDIRECT] [Fatal Error] :1:1: Premature end of file.
2025-09-19 18:43:41,577 [ERROR] LogOutputStream:75 - [STDERR_REDIRECT] 
2025-09-19 18:43:42,574 [ERROR] LogOutputStream:75 - [STDERR_REDIRECT] [Fatal Error] :1:1: Premature end of file.
2025-09-19 18:43:42,574 [ERROR] LogOutputStream:75 - [STDERR_REDIRECT] 
2025-09-19 18:43:43,573 [ERROR] LogOutputStream:75 - [STDERR_REDIRECT] [Fatal Error] :1:1: Premature end of file.
2025-09-19 18:43:43,573 [ERROR] LogOutputStream:75 - [STDERR_REDIRECT] 
2025-09-19 18:43:44,575 [ERROR] LogOutputStream:75 - [STDERR_REDIRECT] [Fatal Error] :1:1: Premature end of file.
2025-09-19 18:43:44,575 [ERROR] LogOutputStream:75 - [STDERR_REDIRECT] 
2025-09-19 18:43:45,574 [ERROR] LogOutputStream:75 - [STDERR_REDIRECT] [Fatal Error] :1:1: Premature end of file.
2025-09-19 18:43:45,574 [ERROR] LogOutputStream:75 - [STDERR_REDIRECT] 
2025-09-19 18:43:46,574 [ERROR] LogOutputStream:75 - [STDERR_REDIRECT] [Fatal Error] :1:1: Premature end of file.
2025-09-19 18:43:46,574 [ERROR] LogOutputStream:75 - [STDERR_REDIRECT] 
2025-09-19 18:43:47,571 [ERROR] LogOutputStream:75 - [STDERR_REDIRECT] [Fatal Error] :1:1: Premature end of file.
2025-09-19 18:43:47,572 [ERROR] LogOutputStream:75 - [STDERR_REDIRECT] 
2025-09-19 18:43:48,575 [ERROR] LogOutputStream:75 - [STDERR_REDIRECT] [Fatal Error] :1:1: Premature end of file.
2025-09-19 18:43:48,575 [ERROR] LogOutputStream:75 - [STDERR_REDIRECT] 
2025-09-19 18:43:49,586 [ERROR] LogOutputStream:75 - [STDERR_REDIRECT] [Fatal Error] :1:1: Premature end of file.
2025-09-19 18:43:49,586 [ERROR] LogOutputStream:75 - [STDERR_REDIRECT] 
2025-09-19 18:43:50,581 [ERROR] LogOutputStream:75 - [STDERR_REDIRECT] [Fatal Error] :1:1: Premature end of file.
2025-09-19 18:43:50,582 [ERROR] LogOutputStream:75 - [STDERR_REDIRECT] 
2025-09-19 18:43:51,584 [ERROR] LogOutputStream:75 - [STDERR_REDIRECT] [Fatal Error] :1:1: Premature end of file.
2025-09-19 18:43:51,584 [ERROR] LogOutputStream:75 - [STDERR_REDIRECT] 
2025-09-19 18:43:52,574 [ERROR] LogOutputStream:75 - [STDERR_REDIRECT] [Fatal Error] :1:1: Premature end of file.
2025-09-19 18:43:52,574 [ERROR] LogOutputStream:75 - [STDERR_REDIRECT] 
2025-09-19 18:43:53,581 [ERROR] LogOutputStream:75 - [STDERR_REDIRECT] [Fatal Error] :1:1: Premature end of file.
2025-09-19 18:43:53,582 [ERROR] LogOutputStream:75 - [STDERR_REDIRECT] 
2025-09-19 18:43:54,567 [ERROR] LogOutputStream:75 - [STDERR_REDIRECT] [Fatal Error] :1:1: Premature end of file.
2025-09-19 18:43:54,567 [ERROR] LogOutputStream:75 - [STDERR_REDIRECT] 
2025-09-19 18:43:55,581 [ERROR] LogOutputStream:75 - [STDERR_REDIRECT] [Fatal Error] :1:1: Premature end of file.
2025-09-19 18:43:55,581 [ERROR] LogOutputStream:75 - [STDERR_REDIRECT] 
2025-09-19 18:43:56,575 [ERROR] LogOutputStream:75 - [STDERR_REDIRECT] [Fatal Error] :1:1: Premature end of file.
2025-09-19 18:43:56,575 [ERROR] LogOutputStream:75 - [STDERR_REDIRECT] 
2025-09-19 18:43:57,573 [ERROR] LogOutputStream:75 - [STDERR_REDIRECT] [Fatal Error] :1:1: Premature end of file.
2025-09-19 18:43:57,573 [ERROR] LogOutputStream:75 - [STDERR_REDIRECT] 
2025-09-19 18:43:58,573 [ERROR] LogOutputStream:75 - [STDERR_REDIRECT] [Fatal Error] :1:1: Premature end of file.
2025-09-19 18:43:58,573 [ERROR] LogOutputStream:75 - [STDERR_REDIRECT] 
2025-09-19 18:43:59,570 [ERROR] LogOutputStream:75 - [STDERR_REDIRECT] [Fatal Error] :1:1: Premature end of file.
2025-09-19 18:43:59,570 [ERROR] LogOutputStream:75 - [STDERR_REDIRECT] 
2025-09-19 18:44:00,573 [ERROR] LogOutputStream:75 - [STDERR_REDIRECT] [Fatal Error] :1:1: Premature end of file.
2025-09-19 18:44:00,573 [ERROR] LogOutputStream:75 - [STDERR_REDIRECT] 
2025-09-19 18:44:01,583 [ERROR] LogOutputStream:75 - [STDERR_REDIRECT] [Fatal Error] :1:1: Premature end of file.
2025-09-19 18:44:01,583 [ERROR] LogOutputStream:75 - [STDERR_REDIRECT] 
2025-09-19 18:44:02,579 [ERROR] LogOutputStream:75 - [STDERR_REDIRECT] [Fatal Error] :1:1: Premature end of file.
2025-09-19 18:44:02,579 [ERROR] LogOutputStream:75 - [STDERR_REDIRECT] 
2025-09-19 18:44:03,573 [ERROR] LogOutputStream:75 - [STDERR_REDIRECT] [Fatal Error] :1:1: Premature end of file.
2025-09-19 18:44:03,573 [ERROR] LogOutputStream:75 - [STDERR_REDIRECT] 
2025-09-19 18:44:04,582 [ERROR] LogOutputStream:75 - [STDERR_REDIRECT] [Fatal Error] :1:1: Premature end of file.
2025-09-19 18:44:04,584 [ERROR] LogOutputStream:75 - [STDERR_REDIRECT] 
2025-09-19 18:44:05,578 [ERROR] LogOutputStream:75 - [STDERR_REDIRECT] [Fatal Error] :1:1: Premature end of file.
2025-09-19 18:44:05,578 [ERROR] LogOutputStream:75 - [STDERR_REDIRECT] 
2025-09-19 18:44:06,573 [ERROR] LogOutputStream:75 - [STDERR_REDIRECT] [Fatal Error] :1:1: Premature end of file.
2025-09-19 18:44:06,573 [ERROR] LogOutputStream:75 - [STDERR_REDIRECT] 
2025-09-19 18:44:07,581 [ERROR] LogOutputStream:75 - [STDERR_REDIRECT] [Fatal Error] :1:1: Premature end of file.
2025-09-19 18:44:07,581 [ERROR] LogOutputStream:75 - [STDERR_REDIRECT] 
2025-09-19 18:44:08,578 [ERROR] LogOutputStream:75 - [STDERR_REDIRECT] [Fatal Error] :1:1: Premature end of file.
2025-09-19 18:44:08,578 [ERROR] LogOutputStream:75 - [STDERR_REDIRECT] 
2025-09-19 18:44:09,571 [ERROR] LogOutputStream:75 - [STDERR_REDIRECT] [Fatal Error] :1:1: Premature end of file.
2025-09-19 18:44:09,571 [ERROR] LogOutputStream:75 - [STDERR_REDIRECT] 
2025-09-19 18:44:10,579 [ERROR] LogOutputStream:75 - [STDERR_REDIRECT] [Fatal Error] :1:1: Premature end of file.
2025-09-19 18:44:10,580 [ERROR] LogOutputStream:75 - [STDERR_REDIRECT] 
2025-09-19 18:44:11,576 [ERROR] LogOutputStream:75 - [STDERR_REDIRECT] [Fatal Error] :1:1: Premature end of file.
2025-09-19 18:44:11,576 [ERROR] LogOutputStream:75 - [STDERR_REDIRECT] 
2025-09-19 18:44:12,569 [ERROR] LogOutputStream:75 - [STDERR_REDIRECT] [Fatal Error] :1:1: Premature end of file.
2025-09-19 18:44:12,569 [ERROR] LogOutputStream:75 - [STDERR_REDIRECT] 
2025-09-19 18:44:13,574 [ERROR] LogOutputStream:75 - [STDERR_REDIRECT] [Fatal Error] :1:1: Premature end of file.
2025-09-19 18:44:13,575 [ERROR] LogOutputStream:75 - [STDERR_REDIRECT] 
2025-09-19 18:44:14,567 [ERROR] LogOutputStream:75 - [STDERR_REDIRECT] [Fatal Error] :1:1: Premature end of file.
2025-09-19 18:44:14,567 [ERROR] LogOutputStream:75 - [STDERR_REDIRECT] 
2025-09-19 18:44:15,578 [ERROR] LogOutputStream:75 - [STDERR_REDIRECT] [Fatal Error] :1:1: Premature end of file.
2025-09-19 18:44:15,579 [ERROR] LogOutputStream:75 - [STDERR_REDIRECT] 
2025-09-19 18:44:16,571 [ERROR] LogOutputStream:75 - [STDERR_REDIRECT] [Fatal Error] :1:1: Premature end of file.
2025-09-19 18:44:16,571 [ERROR] LogOutputStream:75 - [STDERR_REDIRECT] 
2025-09-19 18:44:17,580 [ERROR] LogOutputStream:75 - [STDERR_REDIRECT] [Fatal Error] :1:1: Premature end of file.
2025-09-19 18:44:17,580 [ERROR] LogOutputStream:75 - [STDERR_REDIRECT] 
2025-09-19 18:44:18,575 [ERROR] LogOutputStream:75 - [STDERR_REDIRECT] [Fatal Error] :1:1: Premature end of file.
2025-09-19 18:44:18,577 [ERROR] LogOutputStream:75 - [STDERR_REDIRECT] 
2025-09-19 18:44:19,566 [ERROR] LogOutputStream:75 - [STDERR_REDIRECT] [Fatal Error] :1:1: Premature end of file.
2025-09-19 18:44:19,568 [ERROR] LogOutputStream:75 - [STDERR_REDIRECT] 
2025-09-19 18:44:20,575 [ERROR] LogOutputStream:75 - [STDERR_REDIRECT] [Fatal Error] :1:1: Premature end of file.
2025-09-19 18:44:20,575 [ERROR] LogOutputStream:75 - [STDERR_REDIRECT] 
2025-09-19 18:44:21,581 [ERROR] LogOutputStream:75 - [STDERR_REDIRECT] [Fatal Error] :1:1: Premature end of file.
2025-09-19 18:44:21,581 [ERROR] LogOutputStream:75 - [STDERR_REDIRECT] 
2025-09-19 18:44:22,584 [ERROR] LogOutputStream:75 - [STDERR_REDIRECT] [Fatal Error] :1:1: Premature end of file.
2025-09-19 18:44:22,584 [ERROR] LogOutputStream:75 - [STDERR_REDIRECT] 
2025-09-19 18:44:23,578 [ERROR] LogOutputStream:75 - [STDERR_REDIRECT] [Fatal Error] :1:1: Premature end of file.
2025-09-19 18:44:23,578 [ERROR] LogOutputStream:75 - [STDERR_REDIRECT] 
2025-09-19 18:44:24,575 [ERROR] LogOutputStream:75 - [STDERR_REDIRECT] [Fatal Error] :1:1: Premature end of file.
2025-09-19 18:44:24,575 [ERROR] LogOutputStream:75 - [STDERR_REDIRECT] 
2025-09-19 18:44:25,576 [ERROR] LogOutputStream:75 - [STDERR_REDIRECT] [Fatal Error] :1:1: Premature end of file.
2025-09-19 18:44:25,576 [ERROR] LogOutputStream:75 - [STDERR_REDIRECT] 
2025-09-19 18:44:26,568 [ERROR] LogOutputStream:75 - [STDERR_REDIRECT] [Fatal Error] :1:1: Premature end of file.
2025-09-19 18:44:26,568 [ERROR] LogOutputStream:75 - [STDERR_REDIRECT] 
2025-09-19 18:44:27,586 [ERROR] LogOutputStream:75 - [STDERR_REDIRECT] [Fatal Error] :1:1: Premature end of file.
2025-09-19 18:44:27,586 [ERROR] LogOutputStream:75 - [STDERR_REDIRECT] 
2025-09-19 18:44:28,577 [ERROR] LogOutputStream:75 - [STDERR_REDIRECT] [Fatal Error] :1:1: Premature end of file.
2025-09-19 18:44:28,578 [ERROR] LogOutputStream:75 - [STDERR_REDIRECT] 
2025-09-19 18:44:29,575 [ERROR] LogOutputStream:75 - [STDERR_REDIRECT] [Fatal Error] :1:1: Premature end of file.
2025-09-19 18:44:29,575 [ERROR] LogOutputStream:75 - [STDERR_REDIRECT] 
2025-09-19 18:44:30,570 [ERROR] LogOutputStream:75 - [STDERR_REDIRECT] [Fatal Error] :1:1: Premature end of file.
2025-09-19 18:44:30,571 [ERROR] LogOutputStream:75 - [STDERR_REDIRECT] 
2025-09-19 18:44:31,578 [ERROR] LogOutputStream:75 - [STDERR_REDIRECT] [Fatal Error] :1:1: Premature end of file.
2025-09-19 18:44:31,578 [ERROR] LogOutputStream:75 - [STDERR_REDIRECT] 
2025-09-19 18:44:32,576 [ERROR] LogOutputStream:75 - [STDERR_REDIRECT] [Fatal Error] :1:1: Premature end of file.
2025-09-19 18:44:32,576 [ERROR] LogOutputStream:75 - [STDERR_REDIRECT] 
2025-09-19 18:44:33,575 [ERROR] LogOutputStream:75 - [STDERR_REDIRECT] [Fatal Error] :1:1: Premature end of file.
2025-09-19 18:44:33,575 [ERROR] LogOutputStream:75 - [STDERR_REDIRECT] 
2025-09-19 18:44:34,570 [ERROR] LogOutputStream:75 - [STDERR_REDIRECT] [Fatal Error] :1:1: Premature end of file.
2025-09-19 18:44:34,570 [ERROR] LogOutputStream:75 - [STDERR_REDIRECT] 
2025-09-19 18:44:35,578 [ERROR] LogOutputStream:75 - [STDERR_REDIRECT] [Fatal Error] :1:1: Premature end of file.
2025-09-19 18:44:35,578 [ERROR] LogOutputStream:75 - [STDERR_REDIRECT] 
2025-09-19 18:44:36,575 [ERROR] LogOutputStream:75 - [STDERR_REDIRECT] [Fatal Error] :1:1: Premature end of file.
2025-09-19 18:44:36,575 [ERROR] LogOutputStream:75 - [STDERR_REDIRECT] 
2025-09-19 18:44:37,569 [ERROR] LogOutputStream:75 - [STDERR_REDIRECT] [Fatal Error] :1:1: Premature end of file.
2025-09-19 18:44:37,569 [ERROR] LogOutputStream:75 - [STDERR_REDIRECT] 
2025-09-19 18:44:38,580 [ERROR] LogOutputStream:75 - [STDERR_REDIRECT] [Fatal Error] :1:1: Premature end of file.
2025-09-19 18:44:38,581 [ERROR] LogOutputStream:75 - [STDERR_REDIRECT] 
2025-09-19 18:44:39,607 [ERROR] LogOutputStream:75 - [STDERR_REDIRECT] [Fatal Error] :1:1: Premature end of file.
2025-09-19 18:44:39,607 [ERROR] LogOutputStream:75 - [STDERR_REDIRECT] 
2025-09-19 18:44:40,574 [ERROR] LogOutputStream:75 - [STDERR_REDIRECT] [Fatal Error] :1:1: Premature end of file.
2025-09-19 18:44:40,574 [ERROR] LogOutputStream:75 - [STDERR_REDIRECT] 
2025-09-19 18:44:41,585 [ERROR] LogOutputStream:75 - [STDERR_REDIRECT] [Fatal Error] :1:1: Premature end of file.
2025-09-19 18:44:41,585 [ERROR] LogOutputStream:75 - [STDERR_REDIRECT] 
2025-09-19 18:44:42,575 [ERROR] LogOutputStream:75 - [STDERR_REDIRECT] [Fatal Error] :1:1: Premature end of file.
2025-09-19 18:44:42,575 [ERROR] LogOutputStream:75 - [STDERR_REDIRECT] 
2025-09-19 18:44:43,585 [ERROR] LogOutputStream:75 - [STDERR_REDIRECT] [Fatal Error] :1:1: Premature end of file.
2025-09-19 18:44:43,585 [ERROR] LogOutputStream:75 - [STDERR_REDIRECT] 
2025-09-19 18:44:44,578 [ERROR] LogOutputStream:75 - [STDERR_REDIRECT] [Fatal Error] :1:1: Premature end of file.
2025-09-19 18:44:44,578 [ERROR] LogOutputStream:75 - [STDERR_REDIRECT] 
2025-09-19 18:44:45,582 [ERROR] LogOutputStream:75 - [STDERR_REDIRECT] [Fatal Error] :1:1: Premature end of file.
2025-09-19 18:44:45,583 [ERROR] LogOutputStream:75 - [STDERR_REDIRECT] 
2025-09-19 18:44:46,579 [ERROR] LogOutputStream:75 - [STDERR_REDIRECT] [Fatal Error] :1:1: Premature end of file.
2025-09-19 18:44:46,579 [ERROR] LogOutputStream:75 - [STDERR_REDIRECT] 
2025-09-19 18:44:47,581 [ERROR] LogOutputStream:75 - [STDERR_REDIRECT] [Fatal Error] :1:1: Premature end of file.
2025-09-19 18:44:47,582 [ERROR] LogOutputStream:75 - [STDERR_REDIRECT] 
2025-09-19 18:44:48,620 [ERROR] LogOutputStream:75 - [STDERR_REDIRECT] [Fatal Error] :1:1: Premature end of file.
2025-09-19 18:44:48,620 [ERROR] LogOutputStream:75 - [STDERR_REDIRECT] 
2025-09-19 18:44:49,570 [ERROR] LogOutputStream:75 - [STDERR_REDIRECT] [Fatal Error] :1:1: Premature end of file.
2025-09-19 18:44:49,570 [ERROR] LogOutputStream:75 - [STDERR_REDIRECT] 
2025-09-19 18:44:50,571 [ERROR] LogOutputStream:75 - [STDERR_REDIRECT] [Fatal Error] :1:1: Premature end of file.
2025-09-19 18:44:50,571 [ERROR] LogOutputStream:75 - [STDERR_REDIRECT] 
2025-09-19 18:44:51,583 [ERROR] LogOutputStream:75 - [STDERR_REDIRECT] [Fatal Error] :1:1: Premature end of file.
2025-09-19 18:44:51,583 [ERROR] LogOutputStream:75 - [STDERR_REDIRECT] 
2025-09-19 18:44:52,578 [ERROR] LogOutputStream:75 - [STDERR_REDIRECT] [Fatal Error] :1:1: Premature end of file.
2025-09-19 18:44:52,578 [ERROR] LogOutputStream:75 - [STDERR_REDIRECT] 
2025-09-19 18:44:53,585 [ERROR] LogOutputStream:75 - [STDERR_REDIRECT] [Fatal Error] :1:1: Premature end of file.
2025-09-19 18:44:53,585 [ERROR] LogOutputStream:75 - [STDERR_REDIRECT] 
2025-09-19 18:44:54,590 [ERROR] LogOutputStream:75 - [STDERR_REDIRECT] [Fatal Error] :1:1: Premature end of file.
2025-09-19 18:44:54,590 [ERROR] LogOutputStream:75 - [STDERR_REDIRECT] 
2025-09-19 18:44:55,577 [ERROR] LogOutputStream:75 - [STDERR_REDIRECT] [Fatal Error] :1:1: Premature end of file.
2025-09-19 18:44:55,577 [ERROR] LogOutputStream:75 - [STDERR_REDIRECT] 
2025-09-19 18:44:56,574 [ERROR] LogOutputStream:75 - [STDERR_REDIRECT] [Fatal Error] :1:1: Premature end of file.
2025-09-19 18:44:56,575 [ERROR] LogOutputStream:75 - [STDERR_REDIRECT] 
2025-09-19 18:44:57,572 [ERROR] LogOutputStream:75 - [STDERR_REDIRECT] [Fatal Error] :1:1: Premature end of file.
2025-09-19 18:44:57,574 [ERROR] LogOutputStream:75 - [STDERR_REDIRECT] 
2025-09-19 18:44:58,568 [ERROR] LogOutputStream:75 - [STDERR_REDIRECT] [Fatal Error] :1:1: Premature end of file.
2025-09-19 18:44:58,568 [ERROR] LogOutputStream:75 - [STDERR_REDIRECT] 
2025-09-19 18:44:59,570 [ERROR] LogOutputStream:75 - [STDERR_REDIRECT] [Fatal Error] :1:1: Premature end of file.
2025-09-19 18:44:59,570 [ERROR] LogOutputStream:75 - [STDERR_REDIRECT] 
2025-09-19 18:45:00,585 [ERROR] LogOutputStream:75 - [STDERR_REDIRECT] [Fatal Error] :1:1: Premature end of file.
2025-09-19 18:45:00,585 [ERROR] LogOutputStream:75 - [STDERR_REDIRECT] 
2025-09-19 18:45:01,578 [ERROR] LogOutputStream:75 - [STDERR_REDIRECT] [Fatal Error] :1:1: Premature end of file.
2025-09-19 18:45:01,578 [ERROR] LogOutputStream:75 - [STDERR_REDIRECT] 
2025-09-19 18:45:02,571 [ERROR] LogOutputStream:75 - [STDERR_REDIRECT] [Fatal Error] :1:1: Premature end of file.
2025-09-19 18:45:02,571 [ERROR] LogOutputStream:75 - [STDERR_REDIRECT] 
2025-09-19 18:45:03,583 [ERROR] LogOutputStream:75 - [STDERR_REDIRECT] [Fatal Error] :1:1: Premature end of file.
2025-09-19 18:45:03,583 [ERROR] LogOutputStream:75 - [STDERR_REDIRECT] 
2025-09-19 18:45:04,581 [ERROR] LogOutputStream:75 - [STDERR_REDIRECT] [Fatal Error] :1:1: Premature end of file.
2025-09-19 18:45:04,581 [ERROR] LogOutputStream:75 - [STDERR_REDIRECT] 
2025-09-19 18:45:05,574 [ERROR] LogOutputStream:75 - [STDERR_REDIRECT] [Fatal Error] :1:1: Premature end of file.
2025-09-19 18:45:05,574 [ERROR] LogOutputStream:75 - [STDERR_REDIRECT] 
2025-09-19 18:45:06,570 [ERROR] LogOutputStream:75 - [STDERR_REDIRECT] [Fatal Error] :1:1: Premature end of file.
2025-09-19 18:45:06,570 [ERROR] LogOutputStream:75 - [STDERR_REDIRECT] 
2025-09-19 18:45:07,580 [ERROR] LogOutputStream:75 - [STDERR_REDIRECT] [Fatal Error] :1:1: Premature end of file.
2025-09-19 18:45:07,581 [ERROR] LogOutputStream:75 - [STDERR_REDIRECT] 
2025-09-19 18:45:08,574 [ERROR] LogOutputStream:75 - [STDERR_REDIRECT] [Fatal Error] :1:1: Premature end of file.
2025-09-19 18:45:08,574 [ERROR] LogOutputStream:75 - [STDERR_REDIRECT] 
2025-09-19 18:45:09,575 [ERROR] LogOutputStream:75 - [STDERR_REDIRECT] [Fatal Error] :1:1: Premature end of file.
2025-09-19 18:45:09,576 [ERROR] LogOutputStream:75 - [STDERR_REDIRECT] 
2025-09-19 18:45:10,573 [ERROR] LogOutputStream:75 - [STDERR_REDIRECT] [Fatal Error] :1:1: Premature end of file.
2025-09-19 18:45:10,574 [ERROR] LogOutputStream:75 - [STDERR_REDIRECT] 
2025-09-19 18:45:11,571 [ERROR] LogOutputStream:75 - [STDERR_REDIRECT] [Fatal Error] :1:1: Premature end of file.
2025-09-19 18:45:11,571 [ERROR] LogOutputStream:75 - [STDERR_REDIRECT] 
2025-09-19 18:45:12,573 [ERROR] LogOutputStream:75 - [STDERR_REDIRECT] [Fatal Error] :1:1: Premature end of file.
2025-09-19 18:45:12,573 [ERROR] LogOutputStream:75 - [STDERR_REDIRECT] 
2025-09-19 18:45:13,585 [ERROR] LogOutputStream:75 - [STDERR_REDIRECT] [Fatal Error] :1:1: Premature end of file.
2025-09-19 18:45:13,585 [ERROR] LogOutputStream:75 - [STDERR_REDIRECT] 
2025-09-19 18:45:14,577 [ERROR] LogOutputStream:75 - [STDERR_REDIRECT] [Fatal Error] :1:1: Premature end of file.
2025-09-19 18:45:14,577 [ERROR] LogOutputStream:75 - [STDERR_REDIRECT] 
2025-09-19 18:45:15,576 [ERROR] LogOutputStream:75 - [STDERR_REDIRECT] [Fatal Error] :1:1: Premature end of file.
2025-09-19 18:45:15,576 [ERROR] LogOutputStream:75 - [STDERR_REDIRECT] 
2025-09-19 18:45:16,575 [ERROR] LogOutputStream:75 - [STDERR_REDIRECT] [Fatal Error] :1:1: Premature end of file.
2025-09-19 18:45:16,575 [ERROR] LogOutputStream:75 - [STDERR_REDIRECT] 
2025-09-19 18:45:17,570 [ERROR] LogOutputStream:75 - [STDERR_REDIRECT] [Fatal Error] :1:1: Premature end of file.
2025-09-19 18:45:17,570 [ERROR] LogOutputStream:75 - [STDERR_REDIRECT] 
2025-09-19 18:45:18,581 [ERROR] LogOutputStream:75 - [STDERR_REDIRECT] [Fatal Error] :1:1: Premature end of file.
2025-09-19 18:45:18,582 [ERROR] LogOutputStream:75 - [STDERR_REDIRECT] 
2025-09-19 18:45:19,575 [ERROR] LogOutputStream:75 - [STDERR_REDIRECT] [Fatal Error] :1:1: Premature end of file.
2025-09-19 18:45:19,575 [ERROR] LogOutputStream:75 - [STDERR_REDIRECT] 
2025-09-19 18:45:20,578 [ERROR] LogOutputStream:75 - [STDERR_REDIRECT] [Fatal Error] :1:1: Premature end of file.
2025-09-19 18:45:20,580 [ERROR] LogOutputStream:75 - [STDERR_REDIRECT] 
2025-09-19 18:45:21,580 [ERROR] LogOutputStream:75 - [STDERR_REDIRECT] [Fatal Error] :1:1: Premature end of file.
2025-09-19 18:45:21,580 [ERROR] LogOutputStream:75 - [STDERR_REDIRECT] 
2025-09-19 18:45:22,577 [ERROR] LogOutputStream:75 - [STDERR_REDIRECT] [Fatal Error] :1:1: Premature end of file.
2025-09-19 18:45:22,577 [ERROR] LogOutputStream:75 - [STDERR_REDIRECT] 
2025-09-19 18:45:23,571 [ERROR] LogOutputStream:75 - [STDERR_REDIRECT] [Fatal Error] :1:1: Premature end of file.
2025-09-19 18:45:23,571 [ERROR] LogOutputStream:75 - [STDERR_REDIRECT] 
2025-09-19 18:45:24,580 [ERROR] LogOutputStream:75 - [STDERR_REDIRECT] [Fatal Error] :1:1: Premature end of file.
2025-09-19 18:45:24,580 [ERROR] LogOutputStream:75 - [STDERR_REDIRECT] 
2025-09-19 18:45:25,582 [ERROR] LogOutputStream:75 - [STDERR_REDIRECT] [Fatal Error] :1:1: Premature end of file.
2025-09-19 18:45:25,582 [ERROR] LogOutputStream:75 - [STDERR_REDIRECT] 
2025-09-19 18:45:26,585 [ERROR] LogOutputStream:75 - [STDERR_REDIRECT] [Fatal Error] :1:1: Premature end of file.
2025-09-19 18:45:26,585 [ERROR] LogOutputStream:75 - [STDERR_REDIRECT] 
2025-09-19 18:45:27,579 [ERROR] LogOutputStream:75 - [STDERR_REDIRECT] [Fatal Error] :1:1: Premature end of file.
2025-09-19 18:45:27,579 [ERROR] LogOutputStream:75 - [STDERR_REDIRECT] 
2025-09-19 18:45:28,575 [ERROR] LogOutputStream:75 - [STDERR_REDIRECT] [Fatal Error] :1:1: Premature end of file.
2025-09-19 18:45:28,576 [ERROR] LogOutputStream:75 - [STDERR_REDIRECT] 
2025-09-19 18:45:29,571 [ERROR] LogOutputStream:75 - [STDERR_REDIRECT] [Fatal Error] :1:1: Premature end of file.
2025-09-19 18:45:29,571 [ERROR] LogOutputStream:75 - [STDERR_REDIRECT] 
2025-09-19 18:45:30,573 [ERROR] LogOutputStream:75 - [STDERR_REDIRECT] [Fatal Error] :1:1: Premature end of file.
2025-09-19 18:45:30,573 [ERROR] LogOutputStream:75 - [STDERR_REDIRECT] 
2025-09-19 18:45:31,579 [ERROR] LogOutputStream:75 - [STDERR_REDIRECT] [Fatal Error] :1:1: Premature end of file.
2025-09-19 18:45:31,580 [ERROR] LogOutputStream:75 - [STDERR_REDIRECT] 
2025-09-19 18:45:32,570 [ERROR] LogOutputStream:75 - [STDERR_REDIRECT] [Fatal Error] :1:1: Premature end of file.
2025-09-19 18:45:32,570 [ERROR] LogOutputStream:75 - [STDERR_REDIRECT] 
2025-09-19 18:45:33,567 [ERROR] LogOutputStream:75 - [STDERR_REDIRECT] [Fatal Error] :1:1: Premature end of file.
2025-09-19 18:45:33,567 [ERROR] LogOutputStream:75 - [STDERR_REDIRECT] 
2025-09-19 18:45:34,584 [ERROR] LogOutputStream:75 - [STDERR_REDIRECT] [Fatal Error] :1:1: Premature end of file.
2025-09-19 18:45:34,584 [ERROR] LogOutputStream:75 - [STDERR_REDIRECT] 
2025-09-19 18:45:35,581 [ERROR] LogOutputStream:75 - [STDERR_REDIRECT] [Fatal Error] :1:1: Premature end of file.
2025-09-19 18:45:35,581 [ERROR] LogOutputStream:75 - [STDERR_REDIRECT] 
2025-09-19 18:45:36,584 [ERROR] LogOutputStream:75 - [STDERR_REDIRECT] [Fatal Error] :1:1: Premature end of file.
2025-09-19 18:45:36,584 [ERROR] LogOutputStream:75 - [STDERR_REDIRECT] 
2025-09-19 18:45:37,575 [ERROR] LogOutputStream:75 - [STDERR_REDIRECT] [Fatal Error] :1:1: Premature end of file.
2025-09-19 18:45:37,575 [ERROR] LogOutputStream:75 - [STDERR_REDIRECT] 
2025-09-19 18:45:38,578 [ERROR] LogOutputStream:75 - [STDERR_REDIRECT] [Fatal Error] :1:1: Premature end of file.
2025-09-19 18:45:38,578 [ERROR] LogOutputStream:75 - [STDERR_REDIRECT] 
2025-09-19 18:45:39,578 [ERROR] LogOutputStream:75 - [STDERR_REDIRECT] [Fatal Error] :1:1: Premature end of file.
2025-09-19 18:45:39,578 [ERROR] LogOutputStream:75 - [STDERR_REDIRECT] 
2025-09-19 18:45:40,573 [ERROR] LogOutputStream:75 - [STDERR_REDIRECT] [Fatal Error] :1:1: Premature end of file.
2025-09-19 18:45:40,573 [ERROR] LogOutputStream:75 - [STDERR_REDIRECT] 
2025-09-19 18:45:41,574 [ERROR] LogOutputStream:75 - [STDERR_REDIRECT] [Fatal Error] :1:1: Premature end of file.
2025-09-19 18:45:41,574 [ERROR] LogOutputStream:75 - [STDERR_REDIRECT] 
2025-09-19 18:45:42,573 [ERROR] LogOutputStream:75 - [STDERR_REDIRECT] [Fatal Error] :1:1: Premature end of file.
2025-09-19 18:45:42,573 [ERROR] LogOutputStream:75 - [STDERR_REDIRECT] 
2025-09-19 18:45:43,568 [ERROR] LogOutputStream:75 - [STDERR_REDIRECT] [Fatal Error] :1:1: Premature end of file.
2025-09-19 18:45:43,568 [ERROR] LogOutputStream:75 - [STDERR_REDIRECT] 
2025-09-19 18:45:44,580 [ERROR] LogOutputStream:75 - [STDERR_REDIRECT] [Fatal Error] :1:1: Premature end of file.
2025-09-19 18:45:44,581 [ERROR] LogOutputStream:75 - [STDERR_REDIRECT] 
2025-09-19 18:45:45,575 [ERROR] LogOutputStream:75 - [STDERR_REDIRECT] [Fatal Error] :1:1: Premature end of file.
2025-09-19 18:45:45,575 [ERROR] LogOutputStream:75 - [STDERR_REDIRECT] 
2025-09-19 18:45:46,584 [ERROR] LogOutputStream:75 - [STDERR_REDIRECT] [Fatal Error] :1:1: Premature end of file.
2025-09-19 18:45:46,584 [ERROR] LogOutputStream:75 - [STDERR_REDIRECT] 
2025-09-19 18:45:47,573 [ERROR] LogOutputStream:75 - [STDERR_REDIRECT] [Fatal Error] :1:1: Premature end of file.
2025-09-19 18:45:47,573 [ERROR] LogOutputStream:75 - [STDERR_REDIRECT] 
2025-09-19 18:45:48,571 [ERROR] LogOutputStream:75 - [STDERR_REDIRECT] [Fatal Error] :1:1: Premature end of file.
2025-09-19 18:45:48,571 [ERROR] LogOutputStream:75 - [STDERR_REDIRECT] 
2025-09-19 18:45:49,584 [ERROR] LogOutputStream:75 - [STDERR_REDIRECT] [Fatal Error] :1:1: Premature end of file.
2025-09-19 18:45:49,584 [ERROR] LogOutputStream:75 - [STDERR_REDIRECT] 
2025-09-19 18:45:50,570 [ERROR] LogOutputStream:75 - [STDERR_REDIRECT] [Fatal Error] :1:1: Premature end of file.
2025-09-19 18:45:50,570 [ERROR] LogOutputStream:75 - [STDERR_REDIRECT] 
2025-09-19 18:45:51,571 [ERROR] LogOutputStream:75 - [STDERR_REDIRECT] [Fatal Error] :1:1: Premature end of file.
2025-09-19 18:45:51,571 [ERROR] LogOutputStream:75 - [STDERR_REDIRECT] 
2025-09-19 18:45:52,583 [ERROR] LogOutputStream:75 - [STDERR_REDIRECT] [Fatal Error] :1:1: Premature end of file.
2025-09-19 18:45:52,583 [ERROR] LogOutputStream:75 - [STDERR_REDIRECT] 
2025-09-19 18:45:53,580 [ERROR] LogOutputStream:75 - [STDERR_REDIRECT] [Fatal Error] :1:1: Premature end of file.
2025-09-19 18:45:53,581 [ERROR] LogOutputStream:75 - [STDERR_REDIRECT] 
2025-09-19 18:45:54,570 [ERROR] LogOutputStream:75 - [STDERR_REDIRECT] [Fatal Error] :1:1: Premature end of file.
2025-09-19 18:45:54,570 [ERROR] LogOutputStream:75 - [STDERR_REDIRECT] 
2025-09-19 18:45:55,575 [ERROR] LogOutputStream:75 - [STDERR_REDIRECT] [Fatal Error] :1:1: Premature end of file.
2025-09-19 18:45:55,576 [ERROR] LogOutputStream:75 - [STDERR_REDIRECT] 
2025-09-19 18:45:56,575 [ERROR] LogOutputStream:75 - [STDERR_REDIRECT] [Fatal Error] :1:1: Premature end of file.
2025-09-19 18:45:56,575 [ERROR] LogOutputStream:75 - [STDERR_REDIRECT] 
2025-09-19 18:45:57,570 [ERROR] LogOutputStream:75 - [STDERR_REDIRECT] [Fatal Error] :1:1: Premature end of file.
2025-09-19 18:45:57,570 [ERROR] LogOutputStream:75 - [STDERR_REDIRECT] 
2025-09-19 18:45:58,573 [ERROR] LogOutputStream:75 - [STDERR_REDIRECT] [Fatal Error] :1:1: Premature end of file.
2025-09-19 18:45:58,573 [ERROR] LogOutputStream:75 - [STDERR_REDIRECT] 
2025-09-19 18:45:59,571 [ERROR] LogOutputStream:75 - [STDERR_REDIRECT] [Fatal Error] :1:1: Premature end of file.
2025-09-19 18:45:59,571 [ERROR] LogOutputStream:75 - [STDERR_REDIRECT] 
2025-09-19 18:46:00,589 [ERROR] LogOutputStream:75 - [STDERR_REDIRECT] [Fatal Error] :1:1: Premature end of file.
2025-09-19 18:46:00,589 [ERROR] LogOutputStream:75 - [STDERR_REDIRECT] 
2025-09-19 18:46:01,572 [ERROR] LogOutputStream:75 - [STDERR_REDIRECT] [Fatal Error] :1:1: Premature end of file.
2025-09-19 18:46:01,573 [ERROR] LogOutputStream:75 - [STDERR_REDIRECT] 
2025-09-19 18:46:02,570 [ERROR] LogOutputStream:75 - [STDERR_REDIRECT] [Fatal Error] :1:1: Premature end of file.
2025-09-19 18:46:02,570 [ERROR] LogOutputStream:75 - [STDERR_REDIRECT] 
2025-09-19 18:46:03,578 [ERROR] LogOutputStream:75 - [STDERR_REDIRECT] [Fatal Error] :1:1: Premature end of file.
2025-09-19 18:46:03,578 [ERROR] LogOutputStream:75 - [STDERR_REDIRECT] 
2025-09-19 18:46:04,583 [ERROR] LogOutputStream:75 - [STDERR_REDIRECT] [Fatal Error] :1:1: Premature end of file.
2025-09-19 18:46:04,584 [ERROR] LogOutputStream:75 - [STDERR_REDIRECT] 
2025-09-19 18:46:05,584 [ERROR] LogOutputStream:75 - [STDERR_REDIRECT] [Fatal Error] :1:1: Premature end of file.
2025-09-19 18:46:05,584 [ERROR] LogOutputStream:75 - [STDERR_REDIRECT] 
2025-09-19 18:46:06,576 [ERROR] LogOutputStream:75 - [STDERR_REDIRECT] [Fatal Error] :1:1: Premature end of file.
2025-09-19 18:46:06,576 [ERROR] LogOutputStream:75 - [STDERR_REDIRECT] 
2025-09-19 18:46:07,579 [ERROR] LogOutputStream:75 - [STDERR_REDIRECT] [Fatal Error] :1:1: Premature end of file.
2025-09-19 18:46:07,580 [ERROR] LogOutputStream:75 - [STDERR_REDIRECT] 
2025-09-19 18:46:08,571 [ERROR] LogOutputStream:75 - [STDERR_REDIRECT] [Fatal Error] :1:1: Premature end of file.
2025-09-19 18:46:08,571 [ERROR] LogOutputStream:75 - [STDERR_REDIRECT] 
2025-09-19 18:46:09,571 [ERROR] LogOutputStream:75 - [STDERR_REDIRECT] [Fatal Error] :1:1: Premature end of file.
2025-09-19 18:46:09,571 [ERROR] LogOutputStream:75 - [STDERR_REDIRECT] 
2025-09-19 18:46:10,584 [ERROR] LogOutputStream:75 - [STDERR_REDIRECT] [Fatal Error] :1:1: Premature end of file.
2025-09-19 18:46:10,584 [ERROR] LogOutputStream:75 - [STDERR_REDIRECT] 
2025-09-19 18:46:11,581 [ERROR] LogOutputStream:75 - [STDERR_REDIRECT] [Fatal Error] :1:1: Premature end of file.
2025-09-19 18:46:11,581 [ERROR] LogOutputStream:75 - [STDERR_REDIRECT] 
2025-09-19 18:46:12,570 [ERROR] LogOutputStream:75 - [STDERR_REDIRECT] [Fatal Error] :1:1: Premature end of file.
2025-09-19 18:46:12,570 [ERROR] LogOutputStream:75 - [STDERR_REDIRECT] 
2025-09-19 18:46:13,582 [ERROR] LogOutputStream:75 - [STDERR_REDIRECT] [Fatal Error] :1:1: Premature end of file.
2025-09-19 18:46:13,582 [ERROR] LogOutputStream:75 - [STDERR_REDIRECT] 
2025-09-19 18:46:14,570 [ERROR] LogOutputStream:75 - [STDERR_REDIRECT] [Fatal Error] :1:1: Premature end of file.
2025-09-19 18:46:14,570 [ERROR] LogOutputStream:75 - [STDERR_REDIRECT] 
2025-09-19 18:46:15,569 [ERROR] LogOutputStream:75 - [STDERR_REDIRECT] [Fatal Error] :1:1: Premature end of file.
2025-09-19 18:46:15,569 [ERROR] LogOutputStream:75 - [STDERR_REDIRECT] 
2025-09-19 18:46:16,577 [ERROR] LogOutputStream:75 - [STDERR_REDIRECT] [Fatal Error] :1:1: Premature end of file.
2025-09-19 18:46:16,578 [ERROR] LogOutputStream:75 - [STDERR_REDIRECT] 
2025-09-19 18:46:17,582 [ERROR] LogOutputStream:75 - [STDERR_REDIRECT] [Fatal Error] :1:1: Premature end of file.
2025-09-19 18:46:17,582 [ERROR] LogOutputStream:75 - [STDERR_REDIRECT] 
2025-09-19 18:46:18,583 [ERROR] LogOutputStream:75 - [STDERR_REDIRECT] [Fatal Error] :1:1: Premature end of file.
2025-09-19 18:46:18,583 [ERROR] LogOutputStream:75 - [STDERR_REDIRECT] 
2025-09-19 18:46:19,582 [ERROR] LogOutputStream:75 - [STDERR_REDIRECT] [Fatal Error] :1:1: Premature end of file.
2025-09-19 18:46:19,582 [ERROR] LogOutputStream:75 - [STDERR_REDIRECT] 
2025-09-19 18:46:20,573 [ERROR] LogOutputStream:75 - [STDERR_REDIRECT] [Fatal Error] :1:1: Premature end of file.
2025-09-19 18:46:20,573 [ERROR] LogOutputStream:75 - [STDERR_REDIRECT] 
2025-09-19 18:46:21,571 [ERROR] LogOutputStream:75 - [STDERR_REDIRECT] [Fatal Error] :1:1: Premature end of file.
2025-09-19 18:46:21,572 [ERROR] LogOutputStream:75 - [STDERR_REDIRECT] 
2025-09-19 18:46:22,575 [ERROR] LogOutputStream:75 - [STDERR_REDIRECT] [Fatal Error] :1:1: Premature end of file.
2025-09-19 18:46:22,575 [ERROR] LogOutputStream:75 - [STDERR_REDIRECT] 
2025-09-19 18:46:23,622 [ERROR] LogOutputStream:75 - [STDERR_REDIRECT] [Fatal Error] :1:1: Premature end of file.
2025-09-19 18:46:23,622 [ERROR] LogOutputStream:75 - [STDERR_REDIRECT] 
2025-09-19 18:46:24,590 [ERROR] LogOutputStream:75 - [STDERR_REDIRECT] [Fatal Error] :1:1: Premature end of file.
2025-09-19 18:46:24,590 [ERROR] LogOutputStream:75 - [STDERR_REDIRECT] 
2025-09-19 18:46:25,570 [ERROR] LogOutputStream:75 - [STDERR_REDIRECT] [Fatal Error] :1:1: Premature end of file.
2025-09-19 18:46:25,570 [ERROR] LogOutputStream:75 - [STDERR_REDIRECT] 
2025-09-19 18:46:26,570 [ERROR] LogOutputStream:75 - [STDERR_REDIRECT] [Fatal Error] :1:1: Premature end of file.
2025-09-19 18:46:26,570 [ERROR] LogOutputStream:75 - [STDERR_REDIRECT] 
2025-09-19 18:46:27,585 [ERROR] LogOutputStream:75 - [STDERR_REDIRECT] [Fatal Error] :1:1: Premature end of file.
2025-09-19 18:46:27,586 [ERROR] LogOutputStream:75 - [STDERR_REDIRECT] 
2025-09-19 18:46:28,575 [ERROR] LogOutputStream:75 - [STDERR_REDIRECT] [Fatal Error] :1:1: Premature end of file.
2025-09-19 18:46:28,575 [ERROR] LogOutputStream:75 - [STDERR_REDIRECT] 
2025-09-19 18:46:29,570 [ERROR] LogOutputStream:75 - [STDERR_REDIRECT] [Fatal Error] :1:1: Premature end of file.
2025-09-19 18:46:29,570 [ERROR] LogOutputStream:75 - [STDERR_REDIRECT] 
2025-09-19 18:46:30,602 [ERROR] LogOutputStream:75 - [STDERR_REDIRECT] [Fatal Error] :1:1: Premature end of file.
2025-09-19 18:46:30,603 [ERROR] LogOutputStream:75 - [STDERR_REDIRECT] 
2025-09-19 18:46:31,581 [ERROR] LogOutputStream:75 - [STDERR_REDIRECT] [Fatal Error] :1:1: Premature end of file.
2025-09-19 18:46:31,581 [ERROR] LogOutputStream:75 - [STDERR_REDIRECT] 
2025-09-19 18:46:32,586 [ERROR] LogOutputStream:75 - [STDERR_REDIRECT] [Fatal Error] :1:1: Premature end of file.
2025-09-19 18:46:32,586 [ERROR] LogOutputStream:75 - [STDERR_REDIRECT] 
2025-09-19 18:46:33,583 [ERROR] LogOutputStream:75 - [STDERR_REDIRECT] [Fatal Error] :1:1: Premature end of file.
2025-09-19 18:46:33,584 [ERROR] LogOutputStream:75 - [STDERR_REDIRECT] 
2025-09-19 18:46:34,579 [ERROR] LogOutputStream:75 - [STDERR_REDIRECT] [Fatal Error] :1:1: Premature end of file.
2025-09-19 18:46:34,579 [ERROR] LogOutputStream:75 - [STDERR_REDIRECT] 
2025-09-19 18:46:35,587 [ERROR] LogOutputStream:75 - [STDERR_REDIRECT] [Fatal Error] :1:1: Premature end of file.
2025-09-19 18:46:35,587 [ERROR] LogOutputStream:75 - [STDERR_REDIRECT] 
2025-09-19 18:46:36,575 [ERROR] LogOutputStream:75 - [STDERR_REDIRECT] [Fatal Error] :1:1: Premature end of file.
2025-09-19 18:46:36,576 [ERROR] LogOutputStream:75 - [STDERR_REDIRECT] 
2025-09-19 18:46:37,574 [ERROR] LogOutputStream:75 - [STDERR_REDIRECT] [Fatal Error] :1:1: Premature end of file.
2025-09-19 18:46:37,574 [ERROR] LogOutputStream:75 - [STDERR_REDIRECT] 
2025-09-19 18:46:38,575 [ERROR] LogOutputStream:75 - [STDERR_REDIRECT] [Fatal Error] :1:1: Premature end of file.
2025-09-19 18:46:38,576 [ERROR] LogOutputStream:75 - [STDERR_REDIRECT] 
2025-09-19 18:46:39,578 [ERROR] LogOutputStream:75 - [STDERR_REDIRECT] [Fatal Error] :1:1: Premature end of file.
2025-09-19 18:46:39,578 [ERROR] LogOutputStream:75 - [STDERR_REDIRECT] 
2025-09-19 18:46:40,668 [ERROR] LogOutputStream:75 - [STDERR_REDIRECT] [Fatal Error] :1:1: Premature end of file.
2025-09-19 18:46:40,669 [ERROR] LogOutputStream:75 - [STDERR_REDIRECT] 
2025-09-19 18:46:41,574 [ERROR] LogOutputStream:75 - [STDERR_REDIRECT] [Fatal Error] :1:1: Premature end of file.
2025-09-19 18:46:41,574 [ERROR] LogOutputStream:75 - [STDERR_REDIRECT] 
2025-09-19 18:46:42,572 [ERROR] LogOutputStream:75 - [STDERR_REDIRECT] [Fatal Error] :1:1: Premature end of file.
2025-09-19 18:46:42,573 [ERROR] LogOutputStream:75 - [STDERR_REDIRECT] 
2025-09-19 18:46:43,572 [ERROR] LogOutputStream:75 - [STDERR_REDIRECT] [Fatal Error] :1:1: Premature end of file.
2025-09-19 18:46:43,573 [ERROR] LogOutputStream:75 - [STDERR_REDIRECT] 
2025-09-19 18:46:44,573 [ERROR] LogOutputStream:75 - [STDERR_REDIRECT] [Fatal Error] :1:1: Premature end of file.
2025-09-19 18:46:44,573 [ERROR] LogOutputStream:75 - [STDERR_REDIRECT] 
2025-09-19 18:46:45,573 [ERROR] LogOutputStream:75 - [STDERR_REDIRECT] [Fatal Error] :1:1: Premature end of file.
2025-09-19 18:46:45,574 [ERROR] LogOutputStream:75 - [STDERR_REDIRECT] 
2025-09-19 18:46:46,577 [ERROR] LogOutputStream:75 - [STDERR_REDIRECT] [Fatal Error] :1:1: Premature end of file.
2025-09-19 18:46:46,577 [ERROR] LogOutputStream:75 - [STDERR_REDIRECT] 
2025-09-19 18:46:47,580 [ERROR] LogOutputStream:75 - [STDERR_REDIRECT] [Fatal Error] :1:1: Premature end of file.
2025-09-19 18:46:47,580 [ERROR] LogOutputStream:75 - [STDERR_REDIRECT] 
2025-09-19 18:46:48,579 [ERROR] LogOutputStream:75 - [STDERR_REDIRECT] [Fatal Error] :1:1: Premature end of file.
2025-09-19 18:46:48,579 [ERROR] LogOutputStream:75 - [STDERR_REDIRECT] 
2025-09-19 18:46:49,587 [ERROR] LogOutputStream:75 - [STDERR_REDIRECT] [Fatal Error] :1:1: Premature end of file.
2025-09-19 18:46:49,587 [ERROR] LogOutputStream:75 - [STDERR_REDIRECT] 
2025-09-19 18:46:50,584 [ERROR] LogOutputStream:75 - [STDERR_REDIRECT] [Fatal Error] :1:1: Premature end of file.
2025-09-19 18:46:50,584 [ERROR] LogOutputStream:75 - [STDERR_REDIRECT] 
2025-09-19 18:46:51,575 [ERROR] LogOutputStream:75 - [STDERR_REDIRECT] [Fatal Error] :1:1: Premature end of file.
2025-09-19 18:46:51,575 [ERROR] LogOutputStream:75 - [STDERR_REDIRECT] 
2025-09-19 18:46:52,568 [ERROR] LogOutputStream:75 - [STDERR_REDIRECT] [Fatal Error] :1:1: Premature end of file.
2025-09-19 18:46:52,568 [ERROR] LogOutputStream:75 - [STDERR_REDIRECT] 
2025-09-19 18:46:53,578 [ERROR] LogOutputStream:75 - [STDERR_REDIRECT] [Fatal Error] :1:1: Premature end of file.
2025-09-19 18:46:53,579 [ERROR] LogOutputStream:75 - [STDERR_REDIRECT] 
2025-09-19 18:46:54,578 [ERROR] LogOutputStream:75 - [STDERR_REDIRECT] [Fatal Error] :1:1: Premature end of file.
2025-09-19 18:46:54,578 [ERROR] LogOutputStream:75 - [STDERR_REDIRECT] 
2025-09-19 18:46:55,595 [ERROR] LogOutputStream:75 - [STDERR_REDIRECT] [Fatal Error] :1:1: Premature end of file.
2025-09-19 18:46:55,597 [ERROR] LogOutputStream:75 - [STDERR_REDIRECT] 
2025-09-19 18:46:56,640 [ERROR] LogOutputStream:75 - [STDERR_REDIRECT] [Fatal Error] :1:1: Premature end of file.
2025-09-19 18:46:56,640 [ERROR] LogOutputStream:75 - [STDERR_REDIRECT] 
2025-09-19 18:46:57,587 [ERROR] LogOutputStream:75 - [STDERR_REDIRECT] [Fatal Error] :1:1: Premature end of file.
2025-09-19 18:46:57,588 [ERROR] LogOutputStream:75 - [STDERR_REDIRECT] 
2025-09-19 18:46:58,574 [ERROR] LogOutputStream:75 - [STDERR_REDIRECT] [Fatal Error] :1:1: Premature end of file.
2025-09-19 18:46:58,574 [ERROR] LogOutputStream:75 - [STDERR_REDIRECT] 
2025-09-19 18:46:59,584 [ERROR] LogOutputStream:75 - [STDERR_REDIRECT] [Fatal Error] :1:1: Premature end of file.
2025-09-19 18:46:59,585 [ERROR] LogOutputStream:75 - [STDERR_REDIRECT] 
2025-09-19 18:47:00,574 [ERROR] LogOutputStream:75 - [STDERR_REDIRECT] [Fatal Error] :1:1: Premature end of file.
2025-09-19 18:47:00,574 [ERROR] LogOutputStream:75 - [STDERR_REDIRECT] 
2025-09-19 18:47:01,581 [ERROR] LogOutputStream:75 - [STDERR_REDIRECT] [Fatal Error] :1:1: Premature end of file.
2025-09-19 18:47:01,582 [ERROR] LogOutputStream:75 - [STDERR_REDIRECT] 
2025-09-19 18:47:02,579 [ERROR] LogOutputStream:75 - [STDERR_REDIRECT] [Fatal Error] :1:1: Premature end of file.
2025-09-19 18:47:02,579 [ERROR] LogOutputStream:75 - [STDERR_REDIRECT] 
2025-09-19 18:47:03,581 [ERROR] LogOutputStream:75 - [STDERR_REDIRECT] [Fatal Error] :1:1: Premature end of file.
2025-09-19 18:47:03,581 [ERROR] LogOutputStream:75 - [STDERR_REDIRECT] 
2025-09-19 18:47:04,569 [ERROR] LogOutputStream:75 - [STDERR_REDIRECT] [Fatal Error] :1:1: Premature end of file.
2025-09-19 18:47:04,569 [ERROR] LogOutputStream:75 - [STDERR_REDIRECT] 
2025-09-19 18:47:05,585 [ERROR] LogOutputStream:75 - [STDERR_REDIRECT] [Fatal Error] :1:1: Premature end of file.
2025-09-19 18:47:05,585 [ERROR] LogOutputStream:75 - [STDERR_REDIRECT] 
2025-09-19 18:47:06,570 [ERROR] LogOutputStream:75 - [STDERR_REDIRECT] [Fatal Error] :1:1: Premature end of file.
2025-09-19 18:47:06,571 [ERROR] LogOutputStream:75 - [STDERR_REDIRECT] 
2025-09-19 18:47:07,571 [ERROR] LogOutputStream:75 - [STDERR_REDIRECT] [Fatal Error] :1:1: Premature end of file.
2025-09-19 18:47:07,571 [ERROR] LogOutputStream:75 - [STDERR_REDIRECT] 
2025-09-19 18:47:08,604 [ERROR] LogOutputStream:75 - [STDERR_REDIRECT] [Fatal Error] :1:1: Premature end of file.
2025-09-19 18:47:08,605 [ERROR] LogOutputStream:75 - [STDERR_REDIRECT] 
2025-09-19 18:47:09,592 [ERROR] LogOutputStream:75 - [STDERR_REDIRECT] [Fatal Error] :1:1: Premature end of file.
2025-09-19 18:47:09,592 [ERROR] LogOutputStream:75 - [STDERR_REDIRECT] 
2025-09-19 18:47:10,577 [ERROR] LogOutputStream:75 - [STDERR_REDIRECT] [Fatal Error] :1:1: Premature end of file.
2025-09-19 18:47:10,577 [ERROR] LogOutputStream:75 - [STDERR_REDIRECT] 
2025-09-19 18:47:11,593 [ERROR] LogOutputStream:75 - [STDERR_REDIRECT] [Fatal Error] :1:1: Premature end of file.
2025-09-19 18:47:11,593 [ERROR] LogOutputStream:75 - [STDERR_REDIRECT] 
2025-09-19 18:47:12,598 [ERROR] LogOutputStream:75 - [STDERR_REDIRECT] [Fatal Error] :1:1: Premature end of file.
2025-09-19 18:47:12,599 [ERROR] LogOutputStream:75 - [STDERR_REDIRECT] 
2025-09-19 18:47:13,575 [ERROR] LogOutputStream:75 - [STDERR_REDIRECT] [Fatal Error] :1:1: Premature end of file.
2025-09-19 18:47:13,575 [ERROR] LogOutputStream:75 - [STDERR_REDIRECT] 
2025-09-19 18:47:14,582 [ERROR] LogOutputStream:75 - [STDERR_REDIRECT] [Fatal Error] :1:1: Premature end of file.
2025-09-19 18:47:14,583 [ERROR] LogOutputStream:75 - [STDERR_REDIRECT] 
2025-09-19 18:47:15,576 [ERROR] LogOutputStream:75 - [STDERR_REDIRECT] [Fatal Error] :1:1: Premature end of file.
2025-09-19 18:47:15,576 [ERROR] LogOutputStream:75 - [STDERR_REDIRECT] 
2025-09-19 18:47:16,589 [ERROR] LogOutputStream:75 - [STDERR_REDIRECT] [Fatal Error] :1:1: Premature end of file.
2025-09-19 18:47:16,589 [ERROR] LogOutputStream:75 - [STDERR_REDIRECT] 
2025-09-19 18:47:17,586 [ERROR] LogOutputStream:75 - [STDERR_REDIRECT] [Fatal Error] :1:1: Premature end of file.
2025-09-19 18:47:17,586 [ERROR] LogOutputStream:75 - [STDERR_REDIRECT] 
2025-09-19 18:47:18,575 [ERROR] LogOutputStream:75 - [STDERR_REDIRECT] [Fatal Error] :1:1: Premature end of file.
2025-09-19 18:47:18,575 [ERROR] LogOutputStream:75 - [STDERR_REDIRECT] 
2025-09-19 18:47:19,586 [ERROR] LogOutputStream:75 - [STDERR_REDIRECT] [Fatal Error] :1:1: Premature end of file.
2025-09-19 18:47:19,586 [ERROR] LogOutputStream:75 - [STDERR_REDIRECT] 
2025-09-19 18:47:20,611 [ERROR] LogOutputStream:75 - [STDERR_REDIRECT] [Fatal Error] :1:1: Premature end of file.
2025-09-19 18:47:20,611 [ERROR] LogOutputStream:75 - [STDERR_REDIRECT] 
2025-09-19 18:47:21,583 [ERROR] LogOutputStream:75 - [STDERR_REDIRECT] [Fatal Error] :1:1: Premature end of file.
2025-09-19 18:47:21,583 [ERROR] LogOutputStream:75 - [STDERR_REDIRECT] 
2025-09-19 18:47:22,586 [ERROR] LogOutputStream:75 - [STDERR_REDIRECT] [Fatal Error] :1:1: Premature end of file.
2025-09-19 18:47:22,586 [ERROR] LogOutputStream:75 - [STDERR_REDIRECT] 
2025-09-19 18:47:23,571 [ERROR] LogOutputStream:75 - [STDERR_REDIRECT] [Fatal Error] :1:1: Premature end of file.
2025-09-19 18:47:23,571 [ERROR] LogOutputStream:75 - [STDERR_REDIRECT] 
2025-09-19 18:47:24,572 [ERROR] LogOutputStream:75 - [STDERR_REDIRECT] [Fatal Error] :1:1: Premature end of file.
2025-09-19 18:47:24,572 [ERROR] LogOutputStream:75 - [STDERR_REDIRECT] 
2025-09-19 18:47:25,586 [ERROR] LogOutputStream:75 - [STDERR_REDIRECT] [Fatal Error] :1:1: Premature end of file.
2025-09-19 18:47:25,586 [ERROR] LogOutputStream:75 - [STDERR_REDIRECT] 
2025-09-19 18:47:26,583 [ERROR] LogOutputStream:75 - [STDERR_REDIRECT] [Fatal Error] :1:1: Premature end of file.
2025-09-19 18:47:26,583 [ERROR] LogOutputStream:75 - [STDERR_REDIRECT] 
2025-09-19 18:47:27,582 [ERROR] LogOutputStream:75 - [STDERR_REDIRECT] [Fatal Error] :1:1: Premature end of file.
2025-09-19 18:47:27,582 [ERROR] LogOutputStream:75 - [STDERR_REDIRECT] 
2025-09-19 18:47:28,576 [ERROR] LogOutputStream:75 - [STDERR_REDIRECT] [Fatal Error] :1:1: Premature end of file.
2025-09-19 18:47:28,576 [ERROR] LogOutputStream:75 - [STDERR_REDIRECT] 
2025-09-19 18:47:29,575 [ERROR] LogOutputStream:75 - [STDERR_REDIRECT] [Fatal Error] :1:1: Premature end of file.
2025-09-19 18:47:29,575 [ERROR] LogOutputStream:75 - [STDERR_REDIRECT] 
2025-09-19 18:47:30,580 [ERROR] LogOutputStream:75 - [STDERR_REDIRECT] [Fatal Error] :1:1: Premature end of file.
2025-09-19 18:47:30,580 [ERROR] LogOutputStream:75 - [STDERR_REDIRECT] 
2025-09-19 18:47:31,577 [ERROR] LogOutputStream:75 - [STDERR_REDIRECT] [Fatal Error] :1:1: Premature end of file.
2025-09-19 18:47:31,577 [ERROR] LogOutputStream:75 - [STDERR_REDIRECT] 
2025-09-19 18:47:32,580 [ERROR] LogOutputStream:75 - [STDERR_REDIRECT] [Fatal Error] :1:1: Premature end of file.
2025-09-19 18:47:32,580 [ERROR] LogOutputStream:75 - [STDERR_REDIRECT] 
2025-09-19 18:47:33,583 [ERROR] LogOutputStream:75 - [STDERR_REDIRECT] [Fatal Error] :1:1: Premature end of file.
2025-09-19 18:47:33,583 [ERROR] LogOutputStream:75 - [STDERR_REDIRECT] 
2025-09-19 18:47:34,583 [ERROR] LogOutputStream:75 - [STDERR_REDIRECT] [Fatal Error] :1:1: Premature end of file.
2025-09-19 18:47:34,585 [ERROR] LogOutputStream:75 - [STDERR_REDIRECT] 
2025-09-19 18:47:35,569 [ERROR] LogOutputStream:75 - [STDERR_REDIRECT] [Fatal Error] :1:1: Premature end of file.
2025-09-19 18:47:35,569 [ERROR] LogOutputStream:75 - [STDERR_REDIRECT] 
2025-09-19 18:47:36,582 [ERROR] LogOutputStream:75 - [STDERR_REDIRECT] [Fatal Error] :1:1: Premature end of file.
2025-09-19 18:47:36,584 [ERROR] LogOutputStream:75 - [STDERR_REDIRECT] 
2025-09-19 18:47:37,581 [ERROR] LogOutputStream:75 - [STDERR_REDIRECT] [Fatal Error] :1:1: Premature end of file.
2025-09-19 18:47:37,581 [ERROR] LogOutputStream:75 - [STDERR_REDIRECT] 
2025-09-19 18:47:38,581 [ERROR] LogOutputStream:75 - [STDERR_REDIRECT] [Fatal Error] :1:1: Premature end of file.
2025-09-19 18:47:38,582 [ERROR] LogOutputStream:75 - [STDERR_REDIRECT] 
2025-09-19 18:47:39,574 [ERROR] LogOutputStream:75 - [STDERR_REDIRECT] [Fatal Error] :1:1: Premature end of file.
2025-09-19 18:47:39,574 [ERROR] LogOutputStream:75 - [STDERR_REDIRECT] 
2025-09-19 18:47:40,582 [ERROR] LogOutputStream:75 - [STDERR_REDIRECT] [Fatal Error] :1:1: Premature end of file.
2025-09-19 18:47:40,582 [ERROR] LogOutputStream:75 - [STDERR_REDIRECT] 
2025-09-19 18:47:41,582 [ERROR] LogOutputStream:75 - [STDERR_REDIRECT] [Fatal Error] :1:1: Premature end of file.
2025-09-19 18:47:41,582 [ERROR] LogOutputStream:75 - [STDERR_REDIRECT] 
2025-09-19 18:47:42,576 [ERROR] LogOutputStream:75 - [STDERR_REDIRECT] [Fatal Error] :1:1: Premature end of file.
2025-09-19 18:47:42,576 [ERROR] LogOutputStream:75 - [STDERR_REDIRECT] 
2025-09-19 18:47:43,584 [ERROR] LogOutputStream:75 - [STDERR_REDIRECT] [Fatal Error] :1:1: Premature end of file.
2025-09-19 18:47:43,584 [ERROR] LogOutputStream:75 - [STDERR_REDIRECT] 
2025-09-19 18:47:44,575 [ERROR] LogOutputStream:75 - [STDERR_REDIRECT] [Fatal Error] :1:1: Premature end of file.
2025-09-19 18:47:44,575 [ERROR] LogOutputStream:75 - [STDERR_REDIRECT] 
2025-09-19 18:47:45,578 [ERROR] LogOutputStream:75 - [STDERR_REDIRECT] [Fatal Error] :1:1: Premature end of file.
2025-09-19 18:47:45,578 [ERROR] LogOutputStream:75 - [STDERR_REDIRECT] 
2025-09-19 18:47:46,573 [ERROR] LogOutputStream:75 - [STDERR_REDIRECT] [Fatal Error] :1:1: Premature end of file.
2025-09-19 18:47:46,573 [ERROR] LogOutputStream:75 - [STDERR_REDIRECT] 
2025-09-19 18:47:47,570 [ERROR] LogOutputStream:75 - [STDERR_REDIRECT] [Fatal Error] :1:1: Premature end of file.
2025-09-19 18:47:47,570 [ERROR] LogOutputStream:75 - [STDERR_REDIRECT] 
2025-09-19 18:47:48,569 [ERROR] LogOutputStream:75 - [STDERR_REDIRECT] [Fatal Error] :1:1: Premature end of file.
2025-09-19 18:47:48,569 [ERROR] LogOutputStream:75 - [STDERR_REDIRECT] 
2025-09-19 18:47:49,582 [ERROR] LogOutputStream:75 - [STDERR_REDIRECT] [Fatal Error] :1:1: Premature end of file.
2025-09-19 18:47:49,582 [ERROR] LogOutputStream:75 - [STDERR_REDIRECT] 
2025-09-19 18:47:50,581 [ERROR] LogOutputStream:75 - [STDERR_REDIRECT] [Fatal Error] :1:1: Premature end of file.
2025-09-19 18:47:50,581 [ERROR] LogOutputStream:75 - [STDERR_REDIRECT] 
2025-09-19 18:47:51,572 [ERROR] LogOutputStream:75 - [STDERR_REDIRECT] [Fatal Error] :1:1: Premature end of file.
2025-09-19 18:47:51,572 [ERROR] LogOutputStream:75 - [STDERR_REDIRECT] 
2025-09-19 18:47:52,579 [ERROR] LogOutputStream:75 - [STDERR_REDIRECT] [Fatal Error] :1:1: Premature end of file.
2025-09-19 18:47:52,579 [ERROR] LogOutputStream:75 - [STDERR_REDIRECT] 
2025-09-19 18:47:53,582 [ERROR] LogOutputStream:75 - [STDERR_REDIRECT] [Fatal Error] :1:1: Premature end of file.
2025-09-19 18:47:53,584 [ERROR] LogOutputStream:75 - [STDERR_REDIRECT] 
2025-09-19 18:47:54,577 [ERROR] LogOutputStream:75 - [STDERR_REDIRECT] [Fatal Error] :1:1: Premature end of file.
2025-09-19 18:47:54,577 [ERROR] LogOutputStream:75 - [STDERR_REDIRECT] 
2025-09-19 18:47:55,579 [ERROR] LogOutputStream:75 - [STDERR_REDIRECT] [Fatal Error] :1:1: Premature end of file.
2025-09-19 18:47:55,579 [ERROR] LogOutputStream:75 - [STDERR_REDIRECT] 
2025-09-19 18:47:56,584 [ERROR] LogOutputStream:75 - [STDERR_REDIRECT] [Fatal Error] :1:1: Premature end of file.
2025-09-19 18:47:56,585 [ERROR] LogOutputStream:75 - [STDERR_REDIRECT] 
2025-09-19 18:47:57,578 [ERROR] LogOutputStream:75 - [STDERR_REDIRECT] [Fatal Error] :1:1: Premature end of file.
2025-09-19 18:47:57,578 [ERROR] LogOutputStream:75 - [STDERR_REDIRECT] 
2025-09-19 18:47:58,577 [ERROR] LogOutputStream:75 - [STDERR_REDIRECT] [Fatal Error] :1:1: Premature end of file.
2025-09-19 18:47:58,577 [ERROR] LogOutputStream:75 - [STDERR_REDIRECT] 
2025-09-19 18:47:59,574 [ERROR] LogOutputStream:75 - [STDERR_REDIRECT] [Fatal Error] :1:1: Premature end of file.
2025-09-19 18:47:59,574 [ERROR] LogOutputStream:75 - [STDERR_REDIRECT] 
2025-09-19 18:48:00,577 [ERROR] LogOutputStream:75 - [STDERR_REDIRECT] [Fatal Error] :1:1: Premature end of file.
2025-09-19 18:48:00,579 [ERROR] LogOutputStream:75 - [STDERR_REDIRECT] 
2025-09-19 18:48:01,573 [ERROR] LogOutputStream:75 - [STDERR_REDIRECT] [Fatal Error] :1:1: Premature end of file.
2025-09-19 18:48:01,573 [ERROR] LogOutputStream:75 - [STDERR_REDIRECT] 
2025-09-19 18:48:02,570 [ERROR] LogOutputStream:75 - [STDERR_REDIRECT] [Fatal Error] :1:1: Premature end of file.
2025-09-19 18:48:02,570 [ERROR] LogOutputStream:75 - [STDERR_REDIRECT] 
2025-09-19 18:48:03,579 [ERROR] LogOutputStream:75 - [STDERR_REDIRECT] [Fatal Error] :1:1: Premature end of file.
2025-09-19 18:48:03,579 [ERROR] LogOutputStream:75 - [STDERR_REDIRECT] 
2025-09-19 18:48:04,575 [ERROR] LogOutputStream:75 - [STDERR_REDIRECT] [Fatal Error] :1:1: Premature end of file.
2025-09-19 18:48:04,575 [ERROR] LogOutputStream:75 - [STDERR_REDIRECT] 
2025-09-19 18:48:05,577 [ERROR] LogOutputStream:75 - [STDERR_REDIRECT] [Fatal Error] :1:1: Premature end of file.
2025-09-19 18:48:05,578 [ERROR] LogOutputStream:75 - [STDERR_REDIRECT] 
2025-09-19 18:48:06,580 [ERROR] LogOutputStream:75 - [STDERR_REDIRECT] [Fatal Error] :1:1: Premature end of file.
2025-09-19 18:48:06,581 [ERROR] LogOutputStream:75 - [STDERR_REDIRECT] 
2025-09-19 18:48:07,580 [ERROR] LogOutputStream:75 - [STDERR_REDIRECT] [Fatal Error] :1:1: Premature end of file.
2025-09-19 18:48:07,581 [ERROR] LogOutputStream:75 - [STDERR_REDIRECT] 
2025-09-19 18:48:08,577 [ERROR] LogOutputStream:75 - [STDERR_REDIRECT] [Fatal Error] :1:1: Premature end of file.
2025-09-19 18:48:08,577 [ERROR] LogOutputStream:75 - [STDERR_REDIRECT] 
2025-09-19 18:48:09,584 [ERROR] LogOutputStream:75 - [STDERR_REDIRECT] [Fatal Error] :1:1: Premature end of file.
2025-09-19 18:48:09,584 [ERROR] LogOutputStream:75 - [STDERR_REDIRECT] 
2025-09-19 18:48:10,582 [ERROR] LogOutputStream:75 - [STDERR_REDIRECT] [Fatal Error] :1:1: Premature end of file.
2025-09-19 18:48:10,582 [ERROR] LogOutputStream:75 - [STDERR_REDIRECT] 
2025-09-19 18:48:11,577 [ERROR] LogOutputStream:75 - [STDERR_REDIRECT] [Fatal Error] :1:1: Premature end of file.
2025-09-19 18:48:11,579 [ERROR] LogOutputStream:75 - [STDERR_REDIRECT] 
2025-09-19 18:48:12,571 [ERROR] LogOutputStream:75 - [STDERR_REDIRECT] [Fatal Error] :1:1: Premature end of file.
2025-09-19 18:48:12,571 [ERROR] LogOutputStream:75 - [STDERR_REDIRECT] 
2025-09-19 18:48:13,569 [ERROR] LogOutputStream:75 - [STDERR_REDIRECT] [Fatal Error] :1:1: Premature end of file.
2025-09-19 18:48:13,569 [ERROR] LogOutputStream:75 - [STDERR_REDIRECT] 
2025-09-19 18:48:14,575 [ERROR] LogOutputStream:75 - [STDERR_REDIRECT] [Fatal Error] :1:1: Premature end of file.
2025-09-19 18:48:14,575 [ERROR] LogOutputStream:75 - [STDERR_REDIRECT] 
2025-09-19 18:48:15,577 [ERROR] LogOutputStream:75 - [STDERR_REDIRECT] [Fatal Error] :1:1: Premature end of file.
2025-09-19 18:48:15,579 [ERROR] LogOutputStream:75 - [STDERR_REDIRECT] 
2025-09-19 18:48:16,581 [ERROR] LogOutputStream:75 - [STDERR_REDIRECT] [Fatal Error] :1:1: Premature end of file.
2025-09-19 18:48:16,581 [ERROR] LogOutputStream:75 - [STDERR_REDIRECT] 
2025-09-19 18:48:17,574 [ERROR] LogOutputStream:75 - [STDERR_REDIRECT] [Fatal Error] :1:1: Premature end of file.
2025-09-19 18:48:17,574 [ERROR] LogOutputStream:75 - [STDERR_REDIRECT] 
2025-09-19 18:48:18,580 [ERROR] LogOutputStream:75 - [STDERR_REDIRECT] [Fatal Error] :1:1: Premature end of file.
2025-09-19 18:48:18,581 [ERROR] LogOutputStream:75 - [STDERR_REDIRECT] 
2025-09-19 18:48:19,579 [ERROR] LogOutputStream:75 - [STDERR_REDIRECT] [Fatal Error] :1:1: Premature end of file.
2025-09-19 18:48:19,579 [ERROR] LogOutputStream:75 - [STDERR_REDIRECT] 
2025-09-19 18:48:20,571 [ERROR] LogOutputStream:75 - [STDERR_REDIRECT] [Fatal Error] :1:1: Premature end of file.
2025-09-19 18:48:20,571 [ERROR] LogOutputStream:75 - [STDERR_REDIRECT] 
2025-09-19 18:48:21,578 [ERROR] LogOutputStream:75 - [STDERR_REDIRECT] [Fatal Error] :1:1: Premature end of file.
2025-09-19 18:48:21,578 [ERROR] LogOutputStream:75 - [STDERR_REDIRECT] 
2025-09-19 18:48:22,584 [ERROR] LogOutputStream:75 - [STDERR_REDIRECT] [Fatal Error] :1:1: Premature end of file.
2025-09-19 18:48:22,585 [ERROR] LogOutputStream:75 - [STDERR_REDIRECT] 
2025-09-19 18:48:23,572 [ERROR] LogOutputStream:75 - [STDERR_REDIRECT] [Fatal Error] :1:1: Premature end of file.
2025-09-19 18:48:23,573 [ERROR] LogOutputStream:75 - [STDERR_REDIRECT] 
2025-09-19 18:48:24,582 [ERROR] LogOutputStream:75 - [STDERR_REDIRECT] [Fatal Error] :1:1: Premature end of file.
2025-09-19 18:48:24,582 [ERROR] LogOutputStream:75 - [STDERR_REDIRECT] 
2025-09-19 18:48:25,579 [ERROR] LogOutputStream:75 - [STDERR_REDIRECT] [Fatal Error] :1:1: Premature end of file.
2025-09-19 18:48:25,581 [ERROR] LogOutputStream:75 - [STDERR_REDIRECT] 
2025-09-19 18:48:26,578 [ERROR] LogOutputStream:75 - [STDERR_REDIRECT] [Fatal Error] :1:1: Premature end of file.
2025-09-19 18:48:26,578 [ERROR] LogOutputStream:75 - [STDERR_REDIRECT] 
2025-09-19 18:48:27,571 [ERROR] LogOutputStream:75 - [STDERR_REDIRECT] [Fatal Error] :1:1: Premature end of file.
2025-09-19 18:48:27,571 [ERROR] LogOutputStream:75 - [STDERR_REDIRECT] 
2025-09-19 18:48:28,575 [ERROR] LogOutputStream:75 - [STDERR_REDIRECT] [Fatal Error] :1:1: Premature end of file.
2025-09-19 18:48:28,575 [ERROR] LogOutputStream:75 - [STDERR_REDIRECT] 
2025-09-19 18:48:29,577 [ERROR] LogOutputStream:75 - [STDERR_REDIRECT] [Fatal Error] :1:1: Premature end of file.
2025-09-19 18:48:29,577 [ERROR] LogOutputStream:75 - [STDERR_REDIRECT] 
2025-09-19 18:48:30,576 [ERROR] LogOutputStream:75 - [STDERR_REDIRECT] [Fatal Error] :1:1: Premature end of file.
2025-09-19 18:48:30,577 [ERROR] LogOutputStream:75 - [STDERR_REDIRECT] 
2025-09-19 18:48:31,579 [ERROR] LogOutputStream:75 - [STDERR_REDIRECT] [Fatal Error] :1:1: Premature end of file.
2025-09-19 18:48:31,579 [ERROR] LogOutputStream:75 - [STDERR_REDIRECT] 
2025-09-19 18:48:32,585 [ERROR] LogOutputStream:75 - [STDERR_REDIRECT] [Fatal Error] :1:1: Premature end of file.
2025-09-19 18:48:32,585 [ERROR] LogOutputStream:75 - [STDERR_REDIRECT] 
2025-09-19 18:48:33,590 [ERROR] LogOutputStream:75 - [STDERR_REDIRECT] [Fatal Error] :1:1: Premature end of file.
2025-09-19 18:48:33,590 [ERROR] LogOutputStream:75 - [STDERR_REDIRECT] 
2025-09-19 18:48:34,574 [ERROR] LogOutputStream:75 - [STDERR_REDIRECT] [Fatal Error] :1:1: Premature end of file.
2025-09-19 18:48:34,575 [ERROR] LogOutputStream:75 - [STDERR_REDIRECT] 
2025-09-19 18:48:35,588 [ERROR] LogOutputStream:75 - [STDERR_REDIRECT] [Fatal Error] :1:1: Premature end of file.
2025-09-19 18:48:35,588 [ERROR] LogOutputStream:75 - [STDERR_REDIRECT] 
2025-09-19 18:48:36,578 [ERROR] LogOutputStream:75 - [STDERR_REDIRECT] [Fatal Error] :1:1: Premature end of file.
2025-09-19 18:48:36,579 [ERROR] LogOutputStream:75 - [STDERR_REDIRECT] 
2025-09-19 18:48:37,581 [ERROR] LogOutputStream:75 - [STDERR_REDIRECT] [Fatal Error] :1:1: Premature end of file.
2025-09-19 18:48:37,581 [ERROR] LogOutputStream:75 - [STDERR_REDIRECT] 
2025-09-19 18:48:38,582 [ERROR] LogOutputStream:75 - [STDERR_REDIRECT] [Fatal Error] :1:1: Premature end of file.
2025-09-19 18:48:38,582 [ERROR] LogOutputStream:75 - [STDERR_REDIRECT] 
2025-09-19 18:48:39,579 [ERROR] LogOutputStream:75 - [STDERR_REDIRECT] [Fatal Error] :1:1: Premature end of file.
2025-09-19 18:48:39,579 [ERROR] LogOutputStream:75 - [STDERR_REDIRECT] 
2025-09-19 18:48:40,589 [ERROR] LogOutputStream:75 - [STDERR_REDIRECT] [Fatal Error] :1:1: Premature end of file.
2025-09-19 18:48:40,590 [ERROR] LogOutputStream:75 - [STDERR_REDIRECT] 
2025-09-19 18:48:41,586 [ERROR] LogOutputStream:75 - [STDERR_REDIRECT] [Fatal Error] :1:1: Premature end of file.
2025-09-19 18:48:41,586 [ERROR] LogOutputStream:75 - [STDERR_REDIRECT] 
2025-09-19 18:48:42,581 [ERROR] LogOutputStream:75 - [STDERR_REDIRECT] [Fatal Error] :1:1: Premature end of file.
2025-09-19 18:48:42,581 [ERROR] LogOutputStream:75 - [STDERR_REDIRECT] 
2025-09-19 18:48:43,575 [ERROR] LogOutputStream:75 - [STDERR_REDIRECT] [Fatal Error] :1:1: Premature end of file.
2025-09-19 18:48:43,575 [ERROR] LogOutputStream:75 - [STDERR_REDIRECT] 
2025-09-19 18:48:44,577 [ERROR] LogOutputStream:75 - [STDERR_REDIRECT] [Fatal Error] :1:1: Premature end of file.
2025-09-19 18:48:44,577 [ERROR] LogOutputStream:75 - [STDERR_REDIRECT] 
2025-09-19 18:48:45,583 [ERROR] LogOutputStream:75 - [STDERR_REDIRECT] [Fatal Error] :1:1: Premature end of file.
2025-09-19 18:48:45,584 [ERROR] LogOutputStream:75 - [STDERR_REDIRECT] 
2025-09-19 18:48:46,584 [ERROR] LogOutputStream:75 - [STDERR_REDIRECT] [Fatal Error] :1:1: Premature end of file.
2025-09-19 18:48:46,584 [ERROR] LogOutputStream:75 - [STDERR_REDIRECT] 
2025-09-19 18:48:47,582 [ERROR] LogOutputStream:75 - [STDERR_REDIRECT] [Fatal Error] :1:1: Premature end of file.
2025-09-19 18:48:47,582 [ERROR] LogOutputStream:75 - [STDERR_REDIRECT] 
2025-09-19 18:48:48,578 [ERROR] LogOutputStream:75 - [STDERR_REDIRECT] [Fatal Error] :1:1: Premature end of file.
2025-09-19 18:48:48,578 [ERROR] LogOutputStream:75 - [STDERR_REDIRECT] 
2025-09-19 18:48:49,584 [ERROR] LogOutputStream:75 - [STDERR_REDIRECT] [Fatal Error] :1:1: Premature end of file.
2025-09-19 18:48:49,584 [ERROR] LogOutputStream:75 - [STDERR_REDIRECT] 
2025-09-19 18:48:50,583 [ERROR] LogOutputStream:75 - [STDERR_REDIRECT] [Fatal Error] :1:1: Premature end of file.
2025-09-19 18:48:50,583 [ERROR] LogOutputStream:75 - [STDERR_REDIRECT] 
2025-09-19 18:48:51,573 [ERROR] LogOutputStream:75 - [STDERR_REDIRECT] [Fatal Error] :1:1: Premature end of file.
2025-09-19 18:48:51,574 [ERROR] LogOutputStream:75 - [STDERR_REDIRECT] 
2025-09-19 18:48:52,572 [ERROR] LogOutputStream:75 - [STDERR_REDIRECT] [Fatal Error] :1:1: Premature end of file.
2025-09-19 18:48:52,572 [ERROR] LogOutputStream:75 - [STDERR_REDIRECT] 
2025-09-19 18:48:53,576 [ERROR] LogOutputStream:75 - [STDERR_REDIRECT] [Fatal Error] :1:1: Premature end of file.
2025-09-19 18:48:53,576 [ERROR] LogOutputStream:75 - [STDERR_REDIRECT] 
2025-09-19 18:48:54,574 [ERROR] LogOutputStream:75 - [STDERR_REDIRECT] [Fatal Error] :1:1: Premature end of file.
2025-09-19 18:48:54,574 [ERROR] LogOutputStream:75 - [STDERR_REDIRECT] 
2025-09-19 18:48:55,577 [ERROR] LogOutputStream:75 - [STDERR_REDIRECT] [Fatal Error] :1:1: Premature end of file.
2025-09-19 18:48:55,577 [ERROR] LogOutputStream:75 - [STDERR_REDIRECT] 
2025-09-19 18:48:56,577 [ERROR] LogOutputStream:75 - [STDERR_REDIRECT] [Fatal Error] :1:1: Premature end of file.
2025-09-19 18:48:56,577 [ERROR] LogOutputStream:75 - [STDERR_REDIRECT] 
2025-09-19 18:48:57,572 [ERROR] LogOutputStream:75 - [STDERR_REDIRECT] [Fatal Error] :1:1: Premature end of file.
2025-09-19 18:48:57,572 [ERROR] LogOutputStream:75 - [STDERR_REDIRECT] 
2025-09-19 18:48:58,582 [ERROR] LogOutputStream:75 - [STDERR_REDIRECT] [Fatal Error] :1:1: Premature end of file.
2025-09-19 18:48:58,582 [ERROR] LogOutputStream:75 - [STDERR_REDIRECT] 
2025-09-19 18:48:59,587 [ERROR] LogOutputStream:75 - [STDERR_REDIRECT] [Fatal Error] :1:1: Premature end of file.
2025-09-19 18:48:59,587 [ERROR] LogOutputStream:75 - [STDERR_REDIRECT] 
2025-09-19 18:49:00,579 [ERROR] LogOutputStream:75 - [STDERR_REDIRECT] [Fatal Error] :1:1: Premature end of file.
2025-09-19 18:49:00,579 [ERROR] LogOutputStream:75 - [STDERR_REDIRECT] 
2025-09-19 18:49:01,600 [ERROR] LogOutputStream:75 - [STDERR_REDIRECT] [Fatal Error] :1:1: Premature end of file.
2025-09-19 18:49:01,600 [ERROR] LogOutputStream:75 - [STDERR_REDIRECT] 
2025-09-19 18:49:02,588 [ERROR] LogOutputStream:75 - [STDERR_REDIRECT] [Fatal Error] :1:1: Premature end of file.
2025-09-19 18:49:02,588 [ERROR] LogOutputStream:75 - [STDERR_REDIRECT] 
2025-09-19 18:49:03,586 [ERROR] LogOutputStream:75 - [STDERR_REDIRECT] [Fatal Error] :1:1: Premature end of file.
2025-09-19 18:49:03,587 [ERROR] LogOutputStream:75 - [STDERR_REDIRECT] 
2025-09-19 18:49:04,584 [ERROR] LogOutputStream:75 - [STDERR_REDIRECT] [Fatal Error] :1:1: Premature end of file.
2025-09-19 18:49:04,584 [ERROR] LogOutputStream:75 - [STDERR_REDIRECT] 
2025-09-19 18:49:05,590 [ERROR] LogOutputStream:75 - [STDERR_REDIRECT] [Fatal Error] :1:1: Premature end of file.
2025-09-19 18:49:05,590 [ERROR] LogOutputStream:75 - [STDERR_REDIRECT] 
2025-09-19 18:49:06,589 [ERROR] LogOutputStream:75 - [STDERR_REDIRECT] [Fatal Error] :1:1: Premature end of file.
2025-09-19 18:49:06,589 [ERROR] LogOutputStream:75 - [STDERR_REDIRECT] 
2025-09-19 18:49:07,580 [ERROR] LogOutputStream:75 - [STDERR_REDIRECT] [Fatal Error] :1:1: Premature end of file.
2025-09-19 18:49:07,582 [ERROR] LogOutputStream:75 - [STDERR_REDIRECT] 
2025-09-19 18:49:08,579 [ERROR] LogOutputStream:75 - [STDERR_REDIRECT] [Fatal Error] :1:1: Premature end of file.
2025-09-19 18:49:08,580 [ERROR] LogOutputStream:75 - [STDERR_REDIRECT] 
2025-09-19 18:49:09,594 [ERROR] LogOutputStream:75 - [STDERR_REDIRECT] [Fatal Error] :1:1: Premature end of file.
2025-09-19 18:49:09,594 [ERROR] LogOutputStream:75 - [STDERR_REDIRECT] 
2025-09-19 18:49:10,582 [ERROR] LogOutputStream:75 - [STDERR_REDIRECT] [Fatal Error] :1:1: Premature end of file.
2025-09-19 18:49:10,583 [ERROR] LogOutputStream:75 - [STDERR_REDIRECT] 
2025-09-19 18:49:11,576 [ERROR] LogOutputStream:75 - [STDERR_REDIRECT] [Fatal Error] :1:1: Premature end of file.
2025-09-19 18:49:11,576 [ERROR] LogOutputStream:75 - [STDERR_REDIRECT] 
2025-09-19 18:49:12,577 [ERROR] LogOutputStream:75 - [STDERR_REDIRECT] [Fatal Error] :1:1: Premature end of file.
2025-09-19 18:49:12,577 [ERROR] LogOutputStream:75 - [STDERR_REDIRECT] 
2025-09-19 18:49:13,584 [ERROR] LogOutputStream:75 - [STDERR_REDIRECT] [Fatal Error] :1:1: Premature end of file.
2025-09-19 18:49:13,584 [ERROR] LogOutputStream:75 - [STDERR_REDIRECT] 
2025-09-19 18:49:14,588 [ERROR] LogOutputStream:75 - [STDERR_REDIRECT] [Fatal Error] :1:1: Premature end of file.
2025-09-19 18:49:14,588 [ERROR] LogOutputStream:75 - [STDERR_REDIRECT] 
2025-09-19 18:49:15,569 [ERROR] LogOutputStream:75 - [STDERR_REDIRECT] [Fatal Error] :1:1: Premature end of file.
2025-09-19 18:49:15,569 [ERROR] LogOutputStream:75 - [STDERR_REDIRECT] 
2025-09-19 18:49:16,568 [ERROR] LogOutputStream:75 - [STDERR_REDIRECT] [Fatal Error] :1:1: Premature end of file.
2025-09-19 18:49:16,568 [ERROR] LogOutputStream:75 - [STDERR_REDIRECT] 
2025-09-19 18:49:17,576 [ERROR] LogOutputStream:75 - [STDERR_REDIRECT] [Fatal Error] :1:1: Premature end of file.
2025-09-19 18:49:17,576 [ERROR] LogOutputStream:75 - [STDERR_REDIRECT] 
2025-09-19 18:49:18,573 [ERROR] LogOutputStream:75 - [STDERR_REDIRECT] [Fatal Error] :1:1: Premature end of file.
2025-09-19 18:49:18,575 [ERROR] LogOutputStream:75 - [STDERR_REDIRECT] 
2025-09-19 18:49:19,575 [ERROR] LogOutputStream:75 - [STDERR_REDIRECT] [Fatal Error] :1:1: Premature end of file.
2025-09-19 18:49:19,575 [ERROR] LogOutputStream:75 - [STDERR_REDIRECT] 
2025-09-19 18:49:20,582 [ERROR] LogOutputStream:75 - [STDERR_REDIRECT] [Fatal Error] :1:1: Premature end of file.
2025-09-19 18:49:20,584 [ERROR] LogOutputStream:75 - [STDERR_REDIRECT] 
2025-09-19 18:49:21,585 [ERROR] LogOutputStream:75 - [STDERR_REDIRECT] [Fatal Error] :1:1: Premature end of file.
2025-09-19 18:49:21,585 [ERROR] LogOutputStream:75 - [STDERR_REDIRECT] 
2025-09-19 18:49:22,582 [ERROR] LogOutputStream:75 - [STDERR_REDIRECT] [Fatal Error] :1:1: Premature end of file.
2025-09-19 18:49:22,583 [ERROR] LogOutputStream:75 - [STDERR_REDIRECT] 
2025-09-19 18:49:23,586 [ERROR] LogOutputStream:75 - [STDERR_REDIRECT] [Fatal Error] :1:1: Premature end of file.
2025-09-19 18:49:23,586 [ERROR] LogOutputStream:75 - [STDERR_REDIRECT] 
2025-09-19 18:49:24,585 [ERROR] LogOutputStream:75 - [STDERR_REDIRECT] [Fatal Error] :1:1: Premature end of file.
2025-09-19 18:49:24,585 [ERROR] LogOutputStream:75 - [STDERR_REDIRECT] 
2025-09-19 18:49:25,576 [ERROR] LogOutputStream:75 - [STDERR_REDIRECT] [Fatal Error] :1:1: Premature end of file.
2025-09-19 18:49:25,576 [ERROR] LogOutputStream:75 - [STDERR_REDIRECT] 
2025-09-19 18:49:26,575 [ERROR] LogOutputStream:75 - [STDERR_REDIRECT] [Fatal Error] :1:1: Premature end of file.
2025-09-19 18:49:26,575 [ERROR] LogOutputStream:75 - [STDERR_REDIRECT] 
2025-09-19 18:49:27,569 [ERROR] LogOutputStream:75 - [STDERR_REDIRECT] [Fatal Error] :1:1: Premature end of file.
2025-09-19 18:49:27,569 [ERROR] LogOutputStream:75 - [STDERR_REDIRECT] 
2025-09-19 18:49:28,573 [ERROR] LogOutputStream:75 - [STDERR_REDIRECT] [Fatal Error] :1:1: Premature end of file.
2025-09-19 18:49:28,573 [ERROR] LogOutputStream:75 - [STDERR_REDIRECT] 
2025-09-19 18:49:29,572 [ERROR] LogOutputStream:75 - [STDERR_REDIRECT] [Fatal Error] :1:1: Premature end of file.
2025-09-19 18:49:29,572 [ERROR] LogOutputStream:75 - [STDERR_REDIRECT] 
2025-09-19 18:49:30,585 [ERROR] LogOutputStream:75 - [STDERR_REDIRECT] [Fatal Error] :1:1: Premature end of file.
2025-09-19 18:49:30,585 [ERROR] LogOutputStream:75 - [STDERR_REDIRECT] 
2025-09-19 18:49:31,579 [ERROR] LogOutputStream:75 - [STDERR_REDIRECT] [Fatal Error] :1:1: Premature end of file.
2025-09-19 18:49:31,579 [ERROR] LogOutputStream:75 - [STDERR_REDIRECT] 
2025-09-19 18:49:32,574 [ERROR] LogOutputStream:75 - [STDERR_REDIRECT] [Fatal Error] :1:1: Premature end of file.
2025-09-19 18:49:32,575 [ERROR] LogOutputStream:75 - [STDERR_REDIRECT] 
2025-09-19 18:49:33,578 [ERROR] LogOutputStream:75 - [STDERR_REDIRECT] [Fatal Error] :1:1: Premature end of file.
2025-09-19 18:49:33,578 [ERROR] LogOutputStream:75 - [STDERR_REDIRECT] 
2025-09-19 18:49:34,582 [ERROR] LogOutputStream:75 - [STDERR_REDIRECT] [Fatal Error] :1:1: Premature end of file.
2025-09-19 18:49:34,583 [ERROR] LogOutputStream:75 - [STDERR_REDIRECT] 
2025-09-19 18:49:35,584 [ERROR] LogOutputStream:75 - [STDERR_REDIRECT] [Fatal Error] :1:1: Premature end of file.
2025-09-19 18:49:35,584 [ERROR] LogOutputStream:75 - [STDERR_REDIRECT] 
2025-09-19 18:49:36,583 [ERROR] LogOutputStream:75 - [STDERR_REDIRECT] [Fatal Error] :1:1: Premature end of file.
2025-09-19 18:49:36,583 [ERROR] LogOutputStream:75 - [STDERR_REDIRECT] 
2025-09-19 18:49:37,577 [ERROR] LogOutputStream:75 - [STDERR_REDIRECT] [Fatal Error] :1:1: Premature end of file.
2025-09-19 18:49:37,578 [ERROR] LogOutputStream:75 - [STDERR_REDIRECT] 
2025-09-19 18:49:38,573 [ERROR] LogOutputStream:75 - [STDERR_REDIRECT] [Fatal Error] :1:1: Premature end of file.
2025-09-19 18:49:38,573 [ERROR] LogOutputStream:75 - [STDERR_REDIRECT] 
2025-09-19 18:49:39,583 [ERROR] LogOutputStream:75 - [STDERR_REDIRECT] [Fatal Error] :1:1: Premature end of file.
2025-09-19 18:49:39,584 [ERROR] LogOutputStream:75 - [STDERR_REDIRECT] 
2025-09-19 18:49:40,583 [ERROR] LogOutputStream:75 - [STDERR_REDIRECT] [Fatal Error] :1:1: Premature end of file.
2025-09-19 18:49:40,583 [ERROR] LogOutputStream:75 - [STDERR_REDIRECT] 
2025-09-19 18:49:41,571 [ERROR] LogOutputStream:75 - [STDERR_REDIRECT] [Fatal Error] :1:1: Premature end of file.
2025-09-19 18:49:41,572 [ERROR] LogOutputStream:75 - [STDERR_REDIRECT] 
2025-09-19 18:49:42,578 [ERROR] LogOutputStream:75 - [STDERR_REDIRECT] [Fatal Error] :1:1: Premature end of file.
2025-09-19 18:49:42,578 [ERROR] LogOutputStream:75 - [STDERR_REDIRECT] 
2025-09-19 18:49:43,583 [ERROR] LogOutputStream:75 - [STDERR_REDIRECT] [Fatal Error] :1:1: Premature end of file.
2025-09-19 18:49:43,583 [ERROR] LogOutputStream:75 - [STDERR_REDIRECT] 
2025-09-19 18:49:44,578 [ERROR] LogOutputStream:75 - [STDERR_REDIRECT] [Fatal Error] :1:1: Premature end of file.
2025-09-19 18:49:44,578 [ERROR] LogOutputStream:75 - [STDERR_REDIRECT] 
2025-09-19 18:49:45,568 [ERROR] LogOutputStream:75 - [STDERR_REDIRECT] [Fatal Error] :1:1: Premature end of file.
2025-09-19 18:49:45,568 [ERROR] LogOutputStream:75 - [STDERR_REDIRECT] 
2025-09-19 18:49:46,583 [ERROR] LogOutputStream:75 - [STDERR_REDIRECT] [Fatal Error] :1:1: Premature end of file.
2025-09-19 18:49:46,584 [ERROR] LogOutputStream:75 - [STDERR_REDIRECT] 
2025-09-19 18:49:47,577 [ERROR] LogOutputStream:75 - [STDERR_REDIRECT] [Fatal Error] :1:1: Premature end of file.
2025-09-19 18:49:47,577 [ERROR] LogOutputStream:75 - [STDERR_REDIRECT] 
2025-09-19 18:49:48,583 [ERROR] LogOutputStream:75 - [STDERR_REDIRECT] [Fatal Error] :1:1: Premature end of file.
2025-09-19 18:49:48,583 [ERROR] LogOutputStream:75 - [STDERR_REDIRECT] 
2025-09-19 18:49:49,577 [ERROR] LogOutputStream:75 - [STDERR_REDIRECT] [Fatal Error] :1:1: Premature end of file.
2025-09-19 18:49:49,577 [ERROR] LogOutputStream:75 - [STDERR_REDIRECT] 
2025-09-19 18:49:50,575 [ERROR] LogOutputStream:75 - [STDERR_REDIRECT] [Fatal Error] :1:1: Premature end of file.
2025-09-19 18:49:50,575 [ERROR] LogOutputStream:75 - [STDERR_REDIRECT] 
2025-09-19 18:49:51,573 [ERROR] LogOutputStream:75 - [STDERR_REDIRECT] [Fatal Error] :1:1: Premature end of file.
2025-09-19 18:49:51,573 [ERROR] LogOutputStream:75 - [STDERR_REDIRECT] 
2025-09-19 18:49:52,584 [ERROR] LogOutputStream:75 - [STDERR_REDIRECT] [Fatal Error] :1:1: Premature end of file.
2025-09-19 18:49:52,584 [ERROR] LogOutputStream:75 - [STDERR_REDIRECT] 
2025-09-19 18:49:53,584 [ERROR] LogOutputStream:75 - [STDERR_REDIRECT] [Fatal Error] :1:1: Premature end of file.
2025-09-19 18:49:53,585 [ERROR] LogOutputStream:75 - [STDERR_REDIRECT] 
2025-09-19 18:49:54,585 [ERROR] LogOutputStream:75 - [STDERR_REDIRECT] [Fatal Error] :1:1: Premature end of file.
2025-09-19 18:49:54,585 [ERROR] LogOutputStream:75 - [STDERR_REDIRECT] 
2025-09-19 18:49:55,574 [ERROR] LogOutputStream:75 - [STDERR_REDIRECT] [Fatal Error] :1:1: Premature end of file.
2025-09-19 18:49:55,574 [ERROR] LogOutputStream:75 - [STDERR_REDIRECT] 
2025-09-19 18:49:56,580 [ERROR] LogOutputStream:75 - [STDERR_REDIRECT] [Fatal Error] :1:1: Premature end of file.
2025-09-19 18:49:56,581 [ERROR] LogOutputStream:75 - [STDERR_REDIRECT] 
2025-09-19 18:49:57,567 [ERROR] LogOutputStream:75 - [STDERR_REDIRECT] [Fatal Error] :1:1: Premature end of file.
2025-09-19 18:49:57,568 [ERROR] LogOutputStream:75 - [STDERR_REDIRECT] 
2025-09-19 18:49:58,585 [ERROR] LogOutputStream:75 - [STDERR_REDIRECT] [Fatal Error] :1:1: Premature end of file.
2025-09-19 18:49:58,585 [ERROR] LogOutputStream:75 - [STDERR_REDIRECT] 
2025-09-19 18:49:59,581 [ERROR] LogOutputStream:75 - [STDERR_REDIRECT] [Fatal Error] :1:1: Premature end of file.
2025-09-19 18:49:59,581 [ERROR] LogOutputStream:75 - [STDERR_REDIRECT] 
2025-09-19 18:50:00,573 [ERROR] LogOutputStream:75 - [STDERR_REDIRECT] [Fatal Error] :1:1: Premature end of file.
2025-09-19 18:50:00,573 [ERROR] LogOutputStream:75 - [STDERR_REDIRECT] 
2025-09-19 18:50:01,581 [ERROR] LogOutputStream:75 - [STDERR_REDIRECT] [Fatal Error] :1:1: Premature end of file.
2025-09-19 18:50:01,581 [ERROR] LogOutputStream:75 - [STDERR_REDIRECT] 
2025-09-19 18:50:02,578 [ERROR] LogOutputStream:75 - [STDERR_REDIRECT] [Fatal Error] :1:1: Premature end of file.
2025-09-19 18:50:02,579 [ERROR] LogOutputStream:75 - [STDERR_REDIRECT] 
2025-09-19 18:50:03,589 [ERROR] LogOutputStream:75 - [STDERR_REDIRECT] [Fatal Error] :1:1: Premature end of file.
2025-09-19 18:50:03,589 [ERROR] LogOutputStream:75 - [STDERR_REDIRECT] 
2025-09-19 18:50:04,584 [ERROR] LogOutputStream:75 - [STDERR_REDIRECT] [Fatal Error] :1:1: Premature end of file.
2025-09-19 18:50:04,585 [ERROR] LogOutputStream:75 - [STDERR_REDIRECT] 
2025-09-19 18:50:05,576 [ERROR] LogOutputStream:75 - [STDERR_REDIRECT] [Fatal Error] :1:1: Premature end of file.
2025-09-19 18:50:05,576 [ERROR] LogOutputStream:75 - [STDERR_REDIRECT] 
2025-09-19 18:50:06,570 [ERROR] LogOutputStream:75 - [STDERR_REDIRECT] [Fatal Error] :1:1: Premature end of file.
2025-09-19 18:50:06,570 [ERROR] LogOutputStream:75 - [STDERR_REDIRECT] 
2025-09-19 18:50:07,578 [ERROR] LogOutputStream:75 - [STDERR_REDIRECT] [Fatal Error] :1:1: Premature end of file.
2025-09-19 18:50:07,578 [ERROR] LogOutputStream:75 - [STDERR_REDIRECT] 
2025-09-19 18:50:08,581 [ERROR] LogOutputStream:75 - [STDERR_REDIRECT] [Fatal Error] :1:1: Premature end of file.
2025-09-19 18:50:08,583 [ERROR] LogOutputStream:75 - [STDERR_REDIRECT] 
2025-09-19 18:50:09,575 [ERROR] LogOutputStream:75 - [STDERR_REDIRECT] [Fatal Error] :1:1: Premature end of file.
2025-09-19 18:50:09,575 [ERROR] LogOutputStream:75 - [STDERR_REDIRECT] 
2025-09-19 18:50:10,572 [ERROR] LogOutputStream:75 - [STDERR_REDIRECT] [Fatal Error] :1:1: Premature end of file.
2025-09-19 18:50:10,572 [ERROR] LogOutputStream:75 - [STDERR_REDIRECT] 
2025-09-19 18:50:11,573 [ERROR] LogOutputStream:75 - [STDERR_REDIRECT] [Fatal Error] :1:1: Premature end of file.
2025-09-19 18:50:11,573 [ERROR] LogOutputStream:75 - [STDERR_REDIRECT] 
2025-09-19 18:50:12,581 [ERROR] LogOutputStream:75 - [STDERR_REDIRECT] [Fatal Error] :1:1: Premature end of file.
2025-09-19 18:50:12,581 [ERROR] LogOutputStream:75 - [STDERR_REDIRECT] 
2025-09-19 18:50:13,573 [ERROR] LogOutputStream:75 - [STDERR_REDIRECT] [Fatal Error] :1:1: Premature end of file.
2025-09-19 18:50:13,573 [ERROR] LogOutputStream:75 - [STDERR_REDIRECT] 
2025-09-19 18:50:14,577 [ERROR] LogOutputStream:75 - [STDERR_REDIRECT] [Fatal Error] :1:1: Premature end of file.
2025-09-19 18:50:14,577 [ERROR] LogOutputStream:75 - [STDERR_REDIRECT] 
2025-09-19 18:50:15,576 [ERROR] LogOutputStream:75 - [STDERR_REDIRECT] [Fatal Error] :1:1: Premature end of file.
2025-09-19 18:50:15,576 [ERROR] LogOutputStream:75 - [STDERR_REDIRECT] 
2025-09-19 18:50:16,575 [ERROR] LogOutputStream:75 - [STDERR_REDIRECT] [Fatal Error] :1:1: Premature end of file.
2025-09-19 18:50:16,576 [ERROR] LogOutputStream:75 - [STDERR_REDIRECT] 
2025-09-19 18:50:17,579 [ERROR] LogOutputStream:75 - [STDERR_REDIRECT] [Fatal Error] :1:1: Premature end of file.
2025-09-19 18:50:17,579 [ERROR] LogOutputStream:75 - [STDERR_REDIRECT] 
2025-09-19 18:50:18,580 [ERROR] LogOutputStream:75 - [STDERR_REDIRECT] [Fatal Error] :1:1: Premature end of file.
2025-09-19 18:50:18,581 [ERROR] LogOutputStream:75 - [STDERR_REDIRECT] 
2025-09-19 18:50:19,572 [ERROR] LogOutputStream:75 - [STDERR_REDIRECT] [Fatal Error] :1:1: Premature end of file.
2025-09-19 18:50:19,572 [ERROR] LogOutputStream:75 - [STDERR_REDIRECT] 
2025-09-19 18:50:20,579 [ERROR] LogOutputStream:75 - [STDERR_REDIRECT] [Fatal Error] :1:1: Premature end of file.
2025-09-19 18:50:20,580 [ERROR] LogOutputStream:75 - [STDERR_REDIRECT] 
2025-09-19 18:50:21,577 [ERROR] LogOutputStream:75 - [STDERR_REDIRECT] [Fatal Error] :1:1: Premature end of file.
2025-09-19 18:50:21,577 [ERROR] LogOutputStream:75 - [STDERR_REDIRECT] 
2025-09-19 18:50:22,588 [ERROR] LogOutputStream:75 - [STDERR_REDIRECT] [Fatal Error] :1:1: Premature end of file.
2025-09-19 18:50:22,588 [ERROR] LogOutputStream:75 - [STDERR_REDIRECT] 
2025-09-19 18:50:23,585 [ERROR] LogOutputStream:75 - [STDERR_REDIRECT] [Fatal Error] :1:1: Premature end of file.
2025-09-19 18:50:23,585 [ERROR] LogOutputStream:75 - [STDERR_REDIRECT] 
2025-09-19 18:50:24,585 [ERROR] LogOutputStream:75 - [STDERR_REDIRECT] [Fatal Error] :1:1: Premature end of file.
2025-09-19 18:50:24,585 [ERROR] LogOutputStream:75 - [STDERR_REDIRECT] 
2025-09-19 18:50:25,588 [ERROR] LogOutputStream:75 - [STDERR_REDIRECT] [Fatal Error] :1:1: Premature end of file.
2025-09-19 18:50:25,588 [ERROR] LogOutputStream:75 - [STDERR_REDIRECT] 
2025-09-19 18:50:26,590 [ERROR] LogOutputStream:75 - [STDERR_REDIRECT] [Fatal Error] :1:1: Premature end of file.
2025-09-19 18:50:26,590 [ERROR] LogOutputStream:75 - [STDERR_REDIRECT] 
2025-09-19 18:50:27,590 [ERROR] LogOutputStream:75 - [STDERR_REDIRECT] [Fatal Error] :1:1: Premature end of file.
2025-09-19 18:50:27,591 [ERROR] LogOutputStream:75 - [STDERR_REDIRECT] 
2025-09-19 18:50:28,582 [ERROR] LogOutputStream:75 - [STDERR_REDIRECT] [Fatal Error] :1:1: Premature end of file.
2025-09-19 18:50:28,582 [ERROR] LogOutputStream:75 - [STDERR_REDIRECT] 
2025-09-19 18:50:29,579 [ERROR] LogOutputStream:75 - [STDERR_REDIRECT] [Fatal Error] :1:1: Premature end of file.
2025-09-19 18:50:29,580 [ERROR] LogOutputStream:75 - [STDERR_REDIRECT] 
2025-09-19 18:50:30,569 [ERROR] LogOutputStream:75 - [STDERR_REDIRECT] [Fatal Error] :1:1: Premature end of file.
2025-09-19 18:50:30,571 [ERROR] LogOutputStream:75 - [STDERR_REDIRECT] 
2025-09-19 18:50:31,581 [ERROR] LogOutputStream:75 - [STDERR_REDIRECT] [Fatal Error] :1:1: Premature end of file.
2025-09-19 18:50:31,582 [ERROR] LogOutputStream:75 - [STDERR_REDIRECT] 
2025-09-19 18:50:32,575 [ERROR] LogOutputStream:75 - [STDERR_REDIRECT] [Fatal Error] :1:1: Premature end of file.
2025-09-19 18:50:32,575 [ERROR] LogOutputStream:75 - [STDERR_REDIRECT] 
2025-09-19 18:50:33,575 [ERROR] LogOutputStream:75 - [STDERR_REDIRECT] [Fatal Error] :1:1: Premature end of file.
2025-09-19 18:50:33,576 [ERROR] LogOutputStream:75 - [STDERR_REDIRECT] 
2025-09-19 18:50:34,574 [ERROR] LogOutputStream:75 - [STDERR_REDIRECT] [Fatal Error] :1:1: Premature end of file.
2025-09-19 18:50:34,574 [ERROR] LogOutputStream:75 - [STDERR_REDIRECT] 
2025-09-19 18:50:35,573 [ERROR] LogOutputStream:75 - [STDERR_REDIRECT] [Fatal Error] :1:1: Premature end of file.
2025-09-19 18:50:35,573 [ERROR] LogOutputStream:75 - [STDERR_REDIRECT] 
2025-09-19 18:50:36,581 [ERROR] LogOutputStream:75 - [STDERR_REDIRECT] [Fatal Error] :1:1: Premature end of file.
2025-09-19 18:50:36,582 [ERROR] LogOutputStream:75 - [STDERR_REDIRECT] 
2025-09-19 18:50:37,576 [ERROR] LogOutputStream:75 - [STDERR_REDIRECT] [Fatal Error] :1:1: Premature end of file.
2025-09-19 18:50:37,577 [ERROR] LogOutputStream:75 - [STDERR_REDIRECT] 
2025-09-19 18:50:38,583 [ERROR] LogOutputStream:75 - [STDERR_REDIRECT] [Fatal Error] :1:1: Premature end of file.
2025-09-19 18:50:38,583 [ERROR] LogOutputStream:75 - [STDERR_REDIRECT] 
2025-09-19 18:50:39,585 [ERROR] LogOutputStream:75 - [STDERR_REDIRECT] [Fatal Error] :1:1: Premature end of file.
2025-09-19 18:50:39,585 [ERROR] LogOutputStream:75 - [STDERR_REDIRECT] 
2025-09-19 18:50:40,585 [ERROR] LogOutputStream:75 - [STDERR_REDIRECT] [Fatal Error] :1:1: Premature end of file.
2025-09-19 18:50:40,585 [ERROR] LogOutputStream:75 - [STDERR_REDIRECT] 
2025-09-19 18:50:41,582 [ERROR] LogOutputStream:75 - [STDERR_REDIRECT] [Fatal Error] :1:1: Premature end of file.
2025-09-19 18:50:41,582 [ERROR] LogOutputStream:75 - [STDERR_REDIRECT] 
2025-09-19 18:50:42,574 [ERROR] LogOutputStream:75 - [STDERR_REDIRECT] [Fatal Error] :1:1: Premature end of file.
2025-09-19 18:50:42,574 [ERROR] LogOutputStream:75 - [STDERR_REDIRECT] 
2025-09-19 18:50:43,577 [ERROR] LogOutputStream:75 - [STDERR_REDIRECT] [Fatal Error] :1:1: Premature end of file.
2025-09-19 18:50:43,577 [ERROR] LogOutputStream:75 - [STDERR_REDIRECT] 
2025-09-19 18:50:44,575 [ERROR] LogOutputStream:75 - [STDERR_REDIRECT] [Fatal Error] :1:1: Premature end of file.
2025-09-19 18:50:44,576 [ERROR] LogOutputStream:75 - [STDERR_REDIRECT] 
2025-09-19 18:50:45,568 [ERROR] LogOutputStream:75 - [STDERR_REDIRECT] [Fatal Error] :1:1: Premature end of file.
2025-09-19 18:50:45,568 [ERROR] LogOutputStream:75 - [STDERR_REDIRECT] 
2025-09-19 18:50:46,573 [ERROR] LogOutputStream:75 - [STDERR_REDIRECT] [Fatal Error] :1:1: Premature end of file.
2025-09-19 18:50:46,573 [ERROR] LogOutputStream:75 - [STDERR_REDIRECT] 
2025-09-19 18:50:47,583 [ERROR] LogOutputStream:75 - [STDERR_REDIRECT] [Fatal Error] :1:1: Premature end of file.
2025-09-19 18:50:47,583 [ERROR] LogOutputStream:75 - [STDERR_REDIRECT] 
2025-09-19 18:50:48,583 [ERROR] LogOutputStream:75 - [STDERR_REDIRECT] [Fatal Error] :1:1: Premature end of file.
2025-09-19 18:50:48,583 [ERROR] LogOutputStream:75 - [STDERR_REDIRECT] 
2025-09-19 18:50:49,570 [ERROR] LogOutputStream:75 - [STDERR_REDIRECT] [Fatal Error] :1:1: Premature end of file.
2025-09-19 18:50:49,570 [ERROR] LogOutputStream:75 - [STDERR_REDIRECT] 
2025-09-19 18:50:50,583 [ERROR] LogOutputStream:75 - [STDERR_REDIRECT] [Fatal Error] :1:1: Premature end of file.
2025-09-19 18:50:50,583 [ERROR] LogOutputStream:75 - [STDERR_REDIRECT] 
2025-09-19 18:50:51,584 [ERROR] LogOutputStream:75 - [STDERR_REDIRECT] [Fatal Error] :1:1: Premature end of file.
2025-09-19 18:50:51,584 [ERROR] LogOutputStream:75 - [STDERR_REDIRECT] 
2025-09-19 18:50:52,583 [ERROR] LogOutputStream:75 - [STDERR_REDIRECT] [Fatal Error] :1:1: Premature end of file.
2025-09-19 18:50:52,583 [ERROR] LogOutputStream:75 - [STDERR_REDIRECT] 
2025-09-19 18:50:53,577 [ERROR] LogOutputStream:75 - [STDERR_REDIRECT] [Fatal Error] :1:1: Premature end of file.
2025-09-19 18:50:53,577 [ERROR] LogOutputStream:75 - [STDERR_REDIRECT] 
2025-09-19 18:50:54,569 [ERROR] LogOutputStream:75 - [STDERR_REDIRECT] [Fatal Error] :1:1: Premature end of file.
2025-09-19 18:50:54,569 [ERROR] LogOutputStream:75 - [STDERR_REDIRECT] 
2025-09-19 18:50:55,574 [ERROR] LogOutputStream:75 - [STDERR_REDIRECT] [Fatal Error] :1:1: Premature end of file.
2025-09-19 18:50:55,574 [ERROR] LogOutputStream:75 - [STDERR_REDIRECT] 
2025-09-19 18:50:56,574 [ERROR] LogOutputStream:75 - [STDERR_REDIRECT] [Fatal Error] :1:1: Premature end of file.
2025-09-19 18:50:56,574 [ERROR] LogOutputStream:75 - [STDERR_REDIRECT] 
2025-09-19 18:50:57,575 [ERROR] LogOutputStream:75 - [STDERR_REDIRECT] [Fatal Error] :1:1: Premature end of file.
2025-09-19 18:50:57,576 [ERROR] LogOutputStream:75 - [STDERR_REDIRECT] 
2025-09-19 18:50:58,568 [ERROR] LogOutputStream:75 - [STDERR_REDIRECT] [Fatal Error] :1:1: Premature end of file.
2025-09-19 18:50:58,568 [ERROR] LogOutputStream:75 - [STDERR_REDIRECT] 
2025-09-19 18:50:59,576 [ERROR] LogOutputStream:75 - [STDERR_REDIRECT] [Fatal Error] :1:1: Premature end of file.
2025-09-19 18:50:59,576 [ERROR] LogOutputStream:75 - [STDERR_REDIRECT] 
2025-09-19 18:51:00,572 [ERROR] LogOutputStream:75 - [STDERR_REDIRECT] [Fatal Error] :1:1: Premature end of file.
2025-09-19 18:51:00,572 [ERROR] LogOutputStream:75 - [STDERR_REDIRECT] 
2025-09-19 18:51:01,569 [ERROR] LogOutputStream:75 - [STDERR_REDIRECT] [Fatal Error] :1:1: Premature end of file.
2025-09-19 18:51:01,569 [ERROR] LogOutputStream:75 - [STDERR_REDIRECT] 
2025-09-19 18:51:02,568 [ERROR] LogOutputStream:75 - [STDERR_REDIRECT] [Fatal Error] :1:1: Premature end of file.
2025-09-19 18:51:02,568 [ERROR] LogOutputStream:75 - [STDERR_REDIRECT] 
2025-09-19 18:51:03,573 [ERROR] LogOutputStream:75 - [STDERR_REDIRECT] [Fatal Error] :1:1: Premature end of file.
2025-09-19 18:51:03,573 [ERROR] LogOutputStream:75 - [STDERR_REDIRECT] 
2025-09-19 18:51:04,586 [ERROR] LogOutputStream:75 - [STDERR_REDIRECT] [Fatal Error] :1:1: Premature end of file.
2025-09-19 18:51:04,586 [ERROR] LogOutputStream:75 - [STDERR_REDIRECT] 
2025-09-19 18:51:05,572 [ERROR] LogOutputStream:75 - [STDERR_REDIRECT] [Fatal Error] :1:1: Premature end of file.
2025-09-19 18:51:05,572 [ERROR] LogOutputStream:75 - [STDERR_REDIRECT] 
2025-09-19 18:51:06,567 [ERROR] LogOutputStream:75 - [STDERR_REDIRECT] [Fatal Error] :1:1: Premature end of file.
2025-09-19 18:51:06,567 [ERROR] LogOutputStream:75 - [STDERR_REDIRECT] 
2025-09-19 18:51:07,571 [ERROR] LogOutputStream:75 - [STDERR_REDIRECT] [Fatal Error] :1:1: Premature end of file.
2025-09-19 18:51:07,572 [ERROR] LogOutputStream:75 - [STDERR_REDIRECT] 
2025-09-19 18:51:08,571 [ERROR] LogOutputStream:75 - [STDERR_REDIRECT] [Fatal Error] :1:1: Premature end of file.
2025-09-19 18:51:08,571 [ERROR] LogOutputStream:75 - [STDERR_REDIRECT] 
2025-09-19 18:51:09,576 [ERROR] LogOutputStream:75 - [STDERR_REDIRECT] [Fatal Error] :1:1: Premature end of file.
2025-09-19 18:51:09,576 [ERROR] LogOutputStream:75 - [STDERR_REDIRECT] 
2025-09-19 18:51:10,583 [ERROR] LogOutputStream:75 - [STDERR_REDIRECT] [Fatal Error] :1:1: Premature end of file.
2025-09-19 18:51:10,583 [ERROR] LogOutputStream:75 - [STDERR_REDIRECT] 
2025-09-19 18:51:11,593 [ERROR] LogOutputStream:75 - [STDERR_REDIRECT] [Fatal Error] :1:1: Premature end of file.
2025-09-19 18:51:11,593 [ERROR] LogOutputStream:75 - [STDERR_REDIRECT] 
2025-09-19 18:51:12,579 [ERROR] LogOutputStream:75 - [STDERR_REDIRECT] [Fatal Error] :1:1: Premature end of file.
2025-09-19 18:51:12,579 [ERROR] LogOutputStream:75 - [STDERR_REDIRECT] 
2025-09-19 18:51:13,572 [ERROR] LogOutputStream:75 - [STDERR_REDIRECT] [Fatal Error] :1:1: Premature end of file.
2025-09-19 18:51:13,572 [ERROR] LogOutputStream:75 - [STDERR_REDIRECT] 
2025-09-19 18:51:14,577 [ERROR] LogOutputStream:75 - [STDERR_REDIRECT] [Fatal Error] :1:1: Premature end of file.
2025-09-19 18:51:14,577 [ERROR] LogOutputStream:75 - [STDERR_REDIRECT] 
2025-09-19 18:51:15,576 [ERROR] LogOutputStream:75 - [STDERR_REDIRECT] [Fatal Error] :1:1: Premature end of file.
2025-09-19 18:51:15,576 [ERROR] LogOutputStream:75 - [STDERR_REDIRECT] 
2025-09-19 18:51:16,568 [ERROR] LogOutputStream:75 - [STDERR_REDIRECT] [Fatal Error] :1:1: Premature end of file.
2025-09-19 18:51:16,568 [ERROR] LogOutputStream:75 - [STDERR_REDIRECT] 
2025-09-19 18:51:17,584 [ERROR] LogOutputStream:75 - [STDERR_REDIRECT] [Fatal Error] :1:1: Premature end of file.
2025-09-19 18:51:17,584 [ERROR] LogOutputStream:75 - [STDERR_REDIRECT] 
2025-09-19 18:51:18,589 [ERROR] LogOutputStream:75 - [STDERR_REDIRECT] [Fatal Error] :1:1: Premature end of file.
2025-09-19 18:51:18,589 [ERROR] LogOutputStream:75 - [STDERR_REDIRECT] 
2025-09-19 18:51:19,576 [ERROR] LogOutputStream:75 - [STDERR_REDIRECT] [Fatal Error] :1:1: Premature end of file.
2025-09-19 18:51:19,576 [ERROR] LogOutputStream:75 - [STDERR_REDIRECT] 
2025-09-19 18:51:20,573 [ERROR] LogOutputStream:75 - [STDERR_REDIRECT] [Fatal Error] :1:1: Premature end of file.
2025-09-19 18:51:20,574 [ERROR] LogOutputStream:75 - [STDERR_REDIRECT] 
2025-09-19 18:51:21,577 [ERROR] LogOutputStream:75 - [STDERR_REDIRECT] [Fatal Error] :1:1: Premature end of file.
2025-09-19 18:51:21,578 [ERROR] LogOutputStream:75 - [STDERR_REDIRECT] 
2025-09-19 18:51:22,569 [ERROR] LogOutputStream:75 - [STDERR_REDIRECT] [Fatal Error] :1:1: Premature end of file.
2025-09-19 18:51:22,570 [ERROR] LogOutputStream:75 - [STDERR_REDIRECT] 
2025-09-19 18:51:23,579 [ERROR] LogOutputStream:75 - [STDERR_REDIRECT] [Fatal Error] :1:1: Premature end of file.
2025-09-19 18:51:23,580 [ERROR] LogOutputStream:75 - [STDERR_REDIRECT] 
2025-09-19 18:51:24,574 [ERROR] LogOutputStream:75 - [STDERR_REDIRECT] [Fatal Error] :1:1: Premature end of file.
2025-09-19 18:51:24,574 [ERROR] LogOutputStream:75 - [STDERR_REDIRECT] 
2025-09-19 18:51:25,566 [ERROR] LogOutputStream:75 - [STDERR_REDIRECT] [Fatal Error] :1:1: Premature end of file.
2025-09-19 18:51:25,566 [ERROR] LogOutputStream:75 - [STDERR_REDIRECT] 
2025-09-19 18:51:26,582 [ERROR] LogOutputStream:75 - [STDERR_REDIRECT] [Fatal Error] :1:1: Premature end of file.
2025-09-19 18:51:26,583 [ERROR] LogOutputStream:75 - [STDERR_REDIRECT] 
2025-09-19 18:51:27,577 [ERROR] LogOutputStream:75 - [STDERR_REDIRECT] [Fatal Error] :1:1: Premature end of file.
2025-09-19 18:51:27,577 [ERROR] LogOutputStream:75 - [STDERR_REDIRECT] 
2025-09-19 18:51:28,584 [ERROR] LogOutputStream:75 - [STDERR_REDIRECT] [Fatal Error] :1:1: Premature end of file.
2025-09-19 18:51:28,584 [ERROR] LogOutputStream:75 - [STDERR_REDIRECT] 
2025-09-19 18:51:29,575 [ERROR] LogOutputStream:75 - [STDERR_REDIRECT] [Fatal Error] :1:1: Premature end of file.
2025-09-19 18:51:29,575 [ERROR] LogOutputStream:75 - [STDERR_REDIRECT] 
2025-09-19 18:51:30,571 [ERROR] LogOutputStream:75 - [STDERR_REDIRECT] [Fatal Error] :1:1: Premature end of file.
2025-09-19 18:51:30,572 [ERROR] LogOutputStream:75 - [STDERR_REDIRECT] 
2025-09-19 18:51:31,582 [ERROR] LogOutputStream:75 - [STDERR_REDIRECT] [Fatal Error] :1:1: Premature end of file.
2025-09-19 18:51:31,582 [ERROR] LogOutputStream:75 - [STDERR_REDIRECT] 
2025-09-19 18:51:32,580 [ERROR] LogOutputStream:75 - [STDERR_REDIRECT] [Fatal Error] :1:1: Premature end of file.
2025-09-19 18:51:32,580 [ERROR] LogOutputStream:75 - [STDERR_REDIRECT] 
2025-09-19 18:51:33,587 [ERROR] LogOutputStream:75 - [STDERR_REDIRECT] [Fatal Error] :1:1: Premature end of file.
2025-09-19 18:51:33,587 [ERROR] LogOutputStream:75 - [STDERR_REDIRECT] 
2025-09-19 18:51:34,582 [ERROR] LogOutputStream:75 - [STDERR_REDIRECT] [Fatal Error] :1:1: Premature end of file.
2025-09-19 18:51:34,582 [ERROR] LogOutputStream:75 - [STDERR_REDIRECT] 
2025-09-19 18:51:35,591 [ERROR] LogOutputStream:75 - [STDERR_REDIRECT] [Fatal Error] :1:1: Premature end of file.
2025-09-19 18:51:35,591 [ERROR] LogOutputStream:75 - [STDERR_REDIRECT] 
2025-09-19 18:51:36,604 [ERROR] LogOutputStream:75 - [STDERR_REDIRECT] [Fatal Error] :1:1: Premature end of file.
2025-09-19 18:51:36,604 [ERROR] LogOutputStream:75 - [STDERR_REDIRECT] 
2025-09-19 18:51:37,588 [ERROR] LogOutputStream:75 - [STDERR_REDIRECT] [Fatal Error] :1:1: Premature end of file.
2025-09-19 18:51:37,588 [ERROR] LogOutputStream:75 - [STDERR_REDIRECT] 
2025-09-19 18:51:38,595 [ERROR] LogOutputStream:75 - [STDERR_REDIRECT] [Fatal Error] :1:1: Premature end of file.
2025-09-19 18:51:38,595 [ERROR] LogOutputStream:75 - [STDERR_REDIRECT] 
2025-09-19 18:51:39,585 [ERROR] LogOutputStream:75 - [STDERR_REDIRECT] [Fatal Error] :1:1: Premature end of file.
2025-09-19 18:51:39,586 [ERROR] LogOutputStream:75 - [STDERR_REDIRECT] 
2025-09-19 18:51:40,572 [ERROR] LogOutputStream:75 - [STDERR_REDIRECT] [Fatal Error] :1:1: Premature end of file.
2025-09-19 18:51:40,572 [ERROR] LogOutputStream:75 - [STDERR_REDIRECT] 
2025-09-19 18:51:41,591 [ERROR] LogOutputStream:75 - [STDERR_REDIRECT] [Fatal Error] :1:1: Premature end of file.
2025-09-19 18:51:41,591 [ERROR] LogOutputStream:75 - [STDERR_REDIRECT] 
2025-09-19 18:51:42,601 [ERROR] LogOutputStream:75 - [STDERR_REDIRECT] [Fatal Error] :1:1: Premature end of file.
2025-09-19 18:51:42,601 [ERROR] LogOutputStream:75 - [STDERR_REDIRECT] 
2025-09-19 18:51:43,579 [ERROR] LogOutputStream:75 - [STDERR_REDIRECT] [Fatal Error] :1:1: Premature end of file.
2025-09-19 18:51:43,580 [ERROR] LogOutputStream:75 - [STDERR_REDIRECT] 
2025-09-19 18:51:44,584 [ERROR] LogOutputStream:75 - [STDERR_REDIRECT] [Fatal Error] :1:1: Premature end of file.
2025-09-19 18:51:44,584 [ERROR] LogOutputStream:75 - [STDERR_REDIRECT] 
2025-09-19 18:51:45,575 [ERROR] LogOutputStream:75 - [STDERR_REDIRECT] [Fatal Error] :1:1: Premature end of file.
2025-09-19 18:51:45,575 [ERROR] LogOutputStream:75 - [STDERR_REDIRECT] 
2025-09-19 18:51:46,582 [ERROR] LogOutputStream:75 - [STDERR_REDIRECT] [Fatal Error] :1:1: Premature end of file.
2025-09-19 18:51:46,582 [ERROR] LogOutputStream:75 - [STDERR_REDIRECT] 
2025-09-19 18:51:47,581 [ERROR] LogOutputStream:75 - [STDERR_REDIRECT] [Fatal Error] :1:1: Premature end of file.
2025-09-19 18:51:47,581 [ERROR] LogOutputStream:75 - [STDERR_REDIRECT] 
2025-09-19 18:51:48,577 [ERROR] LogOutputStream:75 - [STDERR_REDIRECT] [Fatal Error] :1:1: Premature end of file.
2025-09-19 18:51:48,577 [ERROR] LogOutputStream:75 - [STDERR_REDIRECT] 
2025-09-19 18:51:49,586 [ERROR] LogOutputStream:75 - [STDERR_REDIRECT] [Fatal Error] :1:1: Premature end of file.
2025-09-19 18:51:49,586 [ERROR] LogOutputStream:75 - [STDERR_REDIRECT] 
2025-09-19 18:51:50,576 [ERROR] LogOutputStream:75 - [STDERR_REDIRECT] [Fatal Error] :1:1: Premature end of file.
2025-09-19 18:51:50,576 [ERROR] LogOutputStream:75 - [STDERR_REDIRECT] 
2025-09-19 18:51:51,570 [ERROR] LogOutputStream:75 - [STDERR_REDIRECT] [Fatal Error] :1:1: Premature end of file.
2025-09-19 18:51:51,570 [ERROR] LogOutputStream:75 - [STDERR_REDIRECT] 
2025-09-19 18:51:52,588 [ERROR] LogOutputStream:75 - [STDERR_REDIRECT] [Fatal Error] :1:1: Premature end of file.
2025-09-19 18:51:52,588 [ERROR] LogOutputStream:75 - [STDERR_REDIRECT] 
2025-09-19 18:51:53,573 [ERROR] LogOutputStream:75 - [STDERR_REDIRECT] [Fatal Error] :1:1: Premature end of file.
2025-09-19 18:51:53,575 [ERROR] LogOutputStream:75 - [STDERR_REDIRECT] 
2025-09-19 18:51:54,585 [ERROR] LogOutputStream:75 - [STDERR_REDIRECT] [Fatal Error] :1:1: Premature end of file.
2025-09-19 18:51:54,585 [ERROR] LogOutputStream:75 - [STDERR_REDIRECT] 
2025-09-19 18:51:55,592 [ERROR] LogOutputStream:75 - [STDERR_REDIRECT] [Fatal Error] :1:1: Premature end of file.
2025-09-19 18:51:55,592 [ERROR] LogOutputStream:75 - [STDERR_REDIRECT] 
2025-09-19 18:51:56,582 [ERROR] LogOutputStream:75 - [STDERR_REDIRECT] [Fatal Error] :1:1: Premature end of file.
2025-09-19 18:51:56,582 [ERROR] LogOutputStream:75 - [STDERR_REDIRECT] 
2025-09-19 18:51:57,571 [ERROR] LogOutputStream:75 - [STDERR_REDIRECT] [Fatal Error] :1:1: Premature end of file.
2025-09-19 18:51:57,572 [ERROR] LogOutputStream:75 - [STDERR_REDIRECT] 
2025-09-19 18:51:58,573 [ERROR] LogOutputStream:75 - [STDERR_REDIRECT] [Fatal Error] :1:1: Premature end of file.
2025-09-19 18:51:58,573 [ERROR] LogOutputStream:75 - [STDERR_REDIRECT] 
2025-09-19 18:51:59,583 [ERROR] LogOutputStream:75 - [STDERR_REDIRECT] [Fatal Error] :1:1: Premature end of file.
2025-09-19 18:51:59,583 [ERROR] LogOutputStream:75 - [STDERR_REDIRECT] 
2025-09-19 18:52:00,572 [ERROR] LogOutputStream:75 - [STDERR_REDIRECT] [Fatal Error] :1:1: Premature end of file.
2025-09-19 18:52:00,572 [ERROR] LogOutputStream:75 - [STDERR_REDIRECT] 
2025-09-19 18:52:01,580 [ERROR] LogOutputStream:75 - [STDERR_REDIRECT] [Fatal Error] :1:1: Premature end of file.
2025-09-19 18:52:01,581 [ERROR] LogOutputStream:75 - [STDERR_REDIRECT] 
2025-09-19 18:52:02,586 [ERROR] LogOutputStream:75 - [STDERR_REDIRECT] [Fatal Error] :1:1: Premature end of file.
2025-09-19 18:52:02,586 [ERROR] LogOutputStream:75 - [STDERR_REDIRECT] 
2025-09-19 18:52:03,576 [ERROR] LogOutputStream:75 - [STDERR_REDIRECT] [Fatal Error] :1:1: Premature end of file.
2025-09-19 18:52:03,576 [ERROR] LogOutputStream:75 - [STDERR_REDIRECT] 
2025-09-19 18:52:04,578 [ERROR] LogOutputStream:75 - [STDERR_REDIRECT] [Fatal Error] :1:1: Premature end of file.
2025-09-19 18:52:04,579 [ERROR] LogOutputStream:75 - [STDERR_REDIRECT] 
2025-09-19 18:52:05,578 [ERROR] LogOutputStream:75 - [STDERR_REDIRECT] [Fatal Error] :1:1: Premature end of file.
2025-09-19 18:52:05,578 [ERROR] LogOutputStream:75 - [STDERR_REDIRECT] 
2025-09-19 18:52:06,576 [ERROR] LogOutputStream:75 - [STDERR_REDIRECT] [Fatal Error] :1:1: Premature end of file.
2025-09-19 18:52:06,576 [ERROR] LogOutputStream:75 - [STDERR_REDIRECT] 
2025-09-19 18:52:07,581 [ERROR] LogOutputStream:75 - [STDERR_REDIRECT] [Fatal Error] :1:1: Premature end of file.
2025-09-19 18:52:07,581 [ERROR] LogOutputStream:75 - [STDERR_REDIRECT] 
2025-09-19 18:52:08,581 [ERROR] LogOutputStream:75 - [STDERR_REDIRECT] [Fatal Error] :1:1: Premature end of file.
2025-09-19 18:52:08,581 [ERROR] LogOutputStream:75 - [STDERR_REDIRECT] 
2025-09-19 18:52:09,583 [ERROR] LogOutputStream:75 - [STDERR_REDIRECT] [Fatal Error] :1:1: Premature end of file.
2025-09-19 18:52:09,583 [ERROR] LogOutputStream:75 - [STDERR_REDIRECT] 
2025-09-19 18:52:10,571 [ERROR] LogOutputStream:75 - [STDERR_REDIRECT] [Fatal Error] :1:1: Premature end of file.
2025-09-19 18:52:10,571 [ERROR] LogOutputStream:75 - [STDERR_REDIRECT] 
2025-09-19 18:52:11,579 [ERROR] LogOutputStream:75 - [STDERR_REDIRECT] [Fatal Error] :1:1: Premature end of file.
2025-09-19 18:52:11,580 [ERROR] LogOutputStream:75 - [STDERR_REDIRECT] 
2025-09-19 18:52:12,568 [ERROR] LogOutputStream:75 - [STDERR_REDIRECT] [Fatal Error] :1:1: Premature end of file.
2025-09-19 18:52:12,568 [ERROR] LogOutputStream:75 - [STDERR_REDIRECT] 
2025-09-19 18:52:13,580 [ERROR] LogOutputStream:75 - [STDERR_REDIRECT] [Fatal Error] :1:1: Premature end of file.
2025-09-19 18:52:13,581 [ERROR] LogOutputStream:75 - [STDERR_REDIRECT] 
2025-09-19 18:52:14,580 [ERROR] LogOutputStream:75 - [STDERR_REDIRECT] [Fatal Error] :1:1: Premature end of file.
2025-09-19 18:52:14,581 [ERROR] LogOutputStream:75 - [STDERR_REDIRECT] 
2025-09-19 18:52:15,577 [ERROR] LogOutputStream:75 - [STDERR_REDIRECT] [Fatal Error] :1:1: Premature end of file.
2025-09-19 18:52:15,577 [ERROR] LogOutputStream:75 - [STDERR_REDIRECT] 
2025-09-19 18:52:16,573 [ERROR] LogOutputStream:75 - [STDERR_REDIRECT] [Fatal Error] :1:1: Premature end of file.
2025-09-19 18:52:16,573 [ERROR] LogOutputStream:75 - [STDERR_REDIRECT] 
2025-09-19 18:52:17,571 [ERROR] LogOutputStream:75 - [STDERR_REDIRECT] [Fatal Error] :1:1: Premature end of file.
2025-09-19 18:52:17,571 [ERROR] LogOutputStream:75 - [STDERR_REDIRECT] 
2025-09-19 18:52:18,572 [ERROR] LogOutputStream:75 - [STDERR_REDIRECT] [Fatal Error] :1:1: Premature end of file.
2025-09-19 18:52:18,572 [ERROR] LogOutputStream:75 - [STDERR_REDIRECT] 
2025-09-19 18:52:19,571 [ERROR] LogOutputStream:75 - [STDERR_REDIRECT] [Fatal Error] :1:1: Premature end of file.
2025-09-19 18:52:19,571 [ERROR] LogOutputStream:75 - [STDERR_REDIRECT] 
2025-09-19 18:52:20,581 [ERROR] LogOutputStream:75 - [STDERR_REDIRECT] [Fatal Error] :1:1: Premature end of file.
2025-09-19 18:52:20,582 [ERROR] LogOutputStream:75 - [STDERR_REDIRECT] 
2025-09-19 18:52:21,692 [ERROR] LogOutputStream:75 - [STDERR_REDIRECT] [Fatal Error] :1:1: Premature end of file.
2025-09-19 18:52:21,692 [ERROR] LogOutputStream:75 - [STDERR_REDIRECT] 
2025-09-19 18:52:22,573 [ERROR] LogOutputStream:75 - [STDERR_REDIRECT] [Fatal Error] :1:1: Premature end of file.
2025-09-19 18:52:22,573 [ERROR] LogOutputStream:75 - [STDERR_REDIRECT] 
2025-09-19 18:52:23,579 [ERROR] LogOutputStream:75 - [STDERR_REDIRECT] [Fatal Error] :1:1: Premature end of file.
2025-09-19 18:52:23,579 [ERROR] LogOutputStream:75 - [STDERR_REDIRECT] 
2025-09-19 18:52:24,585 [ERROR] LogOutputStream:75 - [STDERR_REDIRECT] [Fatal Error] :1:1: Premature end of file.
2025-09-19 18:52:24,585 [ERROR] LogOutputStream:75 - [STDERR_REDIRECT] 
2025-09-19 18:52:25,573 [ERROR] LogOutputStream:75 - [STDERR_REDIRECT] [Fatal Error] :1:1: Premature end of file.
2025-09-19 18:52:25,573 [ERROR] LogOutputStream:75 - [STDERR_REDIRECT] 
2025-09-19 18:52:26,574 [ERROR] LogOutputStream:75 - [STDERR_REDIRECT] [Fatal Error] :1:1: Premature end of file.
2025-09-19 18:52:26,574 [ERROR] LogOutputStream:75 - [STDERR_REDIRECT] 
2025-09-19 18:52:27,583 [ERROR] LogOutputStream:75 - [STDERR_REDIRECT] [Fatal Error] :1:1: Premature end of file.
2025-09-19 18:52:27,583 [ERROR] LogOutputStream:75 - [STDERR_REDIRECT] 
2025-09-19 18:52:28,586 [ERROR] LogOutputStream:75 - [STDERR_REDIRECT] [Fatal Error] :1:1: Premature end of file.
2025-09-19 18:52:28,586 [ERROR] LogOutputStream:75 - [STDERR_REDIRECT] 
2025-09-19 18:52:29,586 [ERROR] LogOutputStream:75 - [STDERR_REDIRECT] [Fatal Error] :1:1: Premature end of file.
2025-09-19 18:52:29,586 [ERROR] LogOutputStream:75 - [STDERR_REDIRECT] 
2025-09-19 18:52:30,579 [ERROR] LogOutputStream:75 - [STDERR_REDIRECT] [Fatal Error] :1:1: Premature end of file.
2025-09-19 18:52:30,580 [ERROR] LogOutputStream:75 - [STDERR_REDIRECT] 
2025-09-19 18:52:31,582 [ERROR] LogOutputStream:75 - [STDERR_REDIRECT] [Fatal Error] :1:1: Premature end of file.
2025-09-19 18:52:31,582 [ERROR] LogOutputStream:75 - [STDERR_REDIRECT] 
2025-09-19 18:52:32,578 [ERROR] LogOutputStream:75 - [STDERR_REDIRECT] [Fatal Error] :1:1: Premature end of file.
2025-09-19 18:52:32,578 [ERROR] LogOutputStream:75 - [STDERR_REDIRECT] 
2025-09-19 18:52:33,578 [ERROR] LogOutputStream:75 - [STDERR_REDIRECT] [Fatal Error] :1:1: Premature end of file.
2025-09-19 18:52:33,580 [ERROR] LogOutputStream:75 - [STDERR_REDIRECT] 
2025-09-19 18:52:34,574 [ERROR] LogOutputStream:75 - [STDERR_REDIRECT] [Fatal Error] :1:1: Premature end of file.
2025-09-19 18:52:34,574 [ERROR] LogOutputStream:75 - [STDERR_REDIRECT] 
2025-09-19 18:52:35,572 [ERROR] LogOutputStream:75 - [STDERR_REDIRECT] [Fatal Error] :1:1: Premature end of file.
2025-09-19 18:52:35,572 [ERROR] LogOutputStream:75 - [STDERR_REDIRECT] 
2025-09-19 18:52:36,584 [ERROR] LogOutputStream:75 - [STDERR_REDIRECT] [Fatal Error] :1:1: Premature end of file.
2025-09-19 18:52:36,584 [ERROR] LogOutputStream:75 - [STDERR_REDIRECT] 
2025-09-19 18:52:37,581 [ERROR] LogOutputStream:75 - [STDERR_REDIRECT] [Fatal Error] :1:1: Premature end of file.
2025-09-19 18:52:37,582 [ERROR] LogOutputStream:75 - [STDERR_REDIRECT] 
2025-09-19 18:52:38,567 [ERROR] LogOutputStream:75 - [STDERR_REDIRECT] [Fatal Error] :1:1: Premature end of file.
2025-09-19 18:52:38,567 [ERROR] LogOutputStream:75 - [STDERR_REDIRECT] 
2025-09-19 18:52:39,568 [ERROR] LogOutputStream:75 - [STDERR_REDIRECT] [Fatal Error] :1:1: Premature end of file.
2025-09-19 18:52:39,568 [ERROR] LogOutputStream:75 - [STDERR_REDIRECT] 
2025-09-19 18:52:40,585 [ERROR] LogOutputStream:75 - [STDERR_REDIRECT] [Fatal Error] :1:1: Premature end of file.
2025-09-19 18:52:40,585 [ERROR] LogOutputStream:75 - [STDERR_REDIRECT] 
2025-09-19 18:52:41,582 [ERROR] LogOutputStream:75 - [STDERR_REDIRECT] [Fatal Error] :1:1: Premature end of file.
2025-09-19 18:52:41,582 [ERROR] LogOutputStream:75 - [STDERR_REDIRECT] 
2025-09-19 18:52:42,578 [ERROR] LogOutputStream:75 - [STDERR_REDIRECT] [Fatal Error] :1:1: Premature end of file.
2025-09-19 18:52:42,579 [ERROR] LogOutputStream:75 - [STDERR_REDIRECT] 
2025-09-19 18:52:43,582 [ERROR] LogOutputStream:75 - [STDERR_REDIRECT] [Fatal Error] :1:1: Premature end of file.
2025-09-19 18:52:43,582 [ERROR] LogOutputStream:75 - [STDERR_REDIRECT] 
2025-09-19 18:52:44,571 [ERROR] LogOutputStream:75 - [STDERR_REDIRECT] [Fatal Error] :1:1: Premature end of file.
2025-09-19 18:52:44,572 [ERROR] LogOutputStream:75 - [STDERR_REDIRECT] 
2025-09-19 18:52:45,567 [ERROR] LogOutputStream:75 - [STDERR_REDIRECT] [Fatal Error] :1:1: Premature end of file.
2025-09-19 18:52:45,567 [ERROR] LogOutputStream:75 - [STDERR_REDIRECT] 
2025-09-19 18:52:46,586 [ERROR] LogOutputStream:75 - [STDERR_REDIRECT] [Fatal Error] :1:1: Premature end of file.
2025-09-19 18:52:46,586 [ERROR] LogOutputStream:75 - [STDERR_REDIRECT] 
2025-09-19 18:52:47,574 [ERROR] LogOutputStream:75 - [STDERR_REDIRECT] [Fatal Error] :1:1: Premature end of file.
2025-09-19 18:52:47,574 [ERROR] LogOutputStream:75 - [STDERR_REDIRECT] 
2025-09-19 18:52:48,569 [ERROR] LogOutputStream:75 - [STDERR_REDIRECT] [Fatal Error] :1:1: Premature end of file.
2025-09-19 18:52:48,569 [ERROR] LogOutputStream:75 - [STDERR_REDIRECT] 
2025-09-19 18:52:49,584 [ERROR] LogOutputStream:75 - [STDERR_REDIRECT] [Fatal Error] :1:1: Premature end of file.
2025-09-19 18:52:49,584 [ERROR] LogOutputStream:75 - [STDERR_REDIRECT] 
2025-09-19 18:52:50,572 [ERROR] LogOutputStream:75 - [STDERR_REDIRECT] [Fatal Error] :1:1: Premature end of file.
2025-09-19 18:52:50,572 [ERROR] LogOutputStream:75 - [STDERR_REDIRECT] 
2025-09-19 18:52:51,571 [ERROR] LogOutputStream:75 - [STDERR_REDIRECT] [Fatal Error] :1:1: Premature end of file.
2025-09-19 18:52:51,571 [ERROR] LogOutputStream:75 - [STDERR_REDIRECT] 
2025-09-19 18:52:52,582 [ERROR] LogOutputStream:75 - [STDERR_REDIRECT] [Fatal Error] :1:1: Premature end of file.
2025-09-19 18:52:52,582 [ERROR] LogOutputStream:75 - [STDERR_REDIRECT] 
2025-09-19 18:52:53,586 [ERROR] LogOutputStream:75 - [STDERR_REDIRECT] [Fatal Error] :1:1: Premature end of file.
2025-09-19 18:52:53,586 [ERROR] LogOutputStream:75 - [STDERR_REDIRECT] 
2025-09-19 18:52:54,581 [ERROR] LogOutputStream:75 - [STDERR_REDIRECT] [Fatal Error] :1:1: Premature end of file.
2025-09-19 18:52:54,581 [ERROR] LogOutputStream:75 - [STDERR_REDIRECT] 
2025-09-19 18:52:55,582 [ERROR] LogOutputStream:75 - [STDERR_REDIRECT] [Fatal Error] :1:1: Premature end of file.
2025-09-19 18:52:55,582 [ERROR] LogOutputStream:75 - [STDERR_REDIRECT] 
2025-09-19 18:52:56,582 [ERROR] LogOutputStream:75 - [STDERR_REDIRECT] [Fatal Error] :1:1: Premature end of file.
2025-09-19 18:52:56,582 [ERROR] LogOutputStream:75 - [STDERR_REDIRECT] 
2025-09-19 18:52:57,579 [ERROR] LogOutputStream:75 - [STDERR_REDIRECT] [Fatal Error] :1:1: Premature end of file.
2025-09-19 18:52:57,579 [ERROR] LogOutputStream:75 - [STDERR_REDIRECT] 
2025-09-19 18:52:58,576 [ERROR] LogOutputStream:75 - [STDERR_REDIRECT] [Fatal Error] :1:1: Premature end of file.
2025-09-19 18:52:58,577 [ERROR] LogOutputStream:75 - [STDERR_REDIRECT] 
2025-09-19 18:52:59,576 [ERROR] LogOutputStream:75 - [STDERR_REDIRECT] [Fatal Error] :1:1: Premature end of file.
2025-09-19 18:52:59,576 [ERROR] LogOutputStream:75 - [STDERR_REDIRECT] 
2025-09-19 18:53:00,576 [ERROR] LogOutputStream:75 - [STDERR_REDIRECT] [Fatal Error] :1:1: Premature end of file.
2025-09-19 18:53:00,576 [ERROR] LogOutputStream:75 - [STDERR_REDIRECT] 
2025-09-19 18:53:01,584 [ERROR] LogOutputStream:75 - [STDERR_REDIRECT] [Fatal Error] :1:1: Premature end of file.
2025-09-19 18:53:01,584 [ERROR] LogOutputStream:75 - [STDERR_REDIRECT] 
2025-09-19 18:53:02,574 [ERROR] LogOutputStream:75 - [STDERR_REDIRECT] [Fatal Error] :1:1: Premature end of file.
2025-09-19 18:53:02,574 [ERROR] LogOutputStream:75 - [STDERR_REDIRECT] 
2025-09-19 18:53:03,574 [ERROR] LogOutputStream:75 - [STDERR_REDIRECT] [Fatal Error] :1:1: Premature end of file.
2025-09-19 18:53:03,574 [ERROR] LogOutputStream:75 - [STDERR_REDIRECT] 
2025-09-19 18:53:04,574 [ERROR] LogOutputStream:75 - [STDERR_REDIRECT] [Fatal Error] :1:1: Premature end of file.
2025-09-19 18:53:04,574 [ERROR] LogOutputStream:75 - [STDERR_REDIRECT] 
2025-09-19 18:53:05,583 [ERROR] LogOutputStream:75 - [STDERR_REDIRECT] [Fatal Error] :1:1: Premature end of file.
2025-09-19 18:53:05,584 [ERROR] LogOutputStream:75 - [STDERR_REDIRECT] 
2025-09-19 18:53:06,582 [ERROR] LogOutputStream:75 - [STDERR_REDIRECT] [Fatal Error] :1:1: Premature end of file.
2025-09-19 18:53:06,582 [ERROR] LogOutputStream:75 - [STDERR_REDIRECT] 
2025-09-19 18:53:07,575 [ERROR] LogOutputStream:75 - [STDERR_REDIRECT] [Fatal Error] :1:1: Premature end of file.
2025-09-19 18:53:07,575 [ERROR] LogOutputStream:75 - [STDERR_REDIRECT] 
2025-09-19 18:53:08,577 [ERROR] LogOutputStream:75 - [STDERR_REDIRECT] [Fatal Error] :1:1: Premature end of file.
2025-09-19 18:53:08,577 [ERROR] LogOutputStream:75 - [STDERR_REDIRECT] 
2025-09-19 18:53:09,582 [ERROR] LogOutputStream:75 - [STDERR_REDIRECT] [Fatal Error] :1:1: Premature end of file.
2025-09-19 18:53:09,582 [ERROR] LogOutputStream:75 - [STDERR_REDIRECT] 
2025-09-19 18:53:10,575 [ERROR] LogOutputStream:75 - [STDERR_REDIRECT] [Fatal Error] :1:1: Premature end of file.
2025-09-19 18:53:10,575 [ERROR] LogOutputStream:75 - [STDERR_REDIRECT] 
2025-09-19 18:53:11,573 [ERROR] LogOutputStream:75 - [STDERR_REDIRECT] [Fatal Error] :1:1: Premature end of file.
2025-09-19 18:53:11,573 [ERROR] LogOutputStream:75 - [STDERR_REDIRECT] 
2025-09-19 18:53:12,572 [ERROR] LogOutputStream:75 - [STDERR_REDIRECT] [Fatal Error] :1:1: Premature end of file.
2025-09-19 18:53:12,572 [ERROR] LogOutputStream:75 - [STDERR_REDIRECT] 
2025-09-19 18:53:13,584 [ERROR] LogOutputStream:75 - [STDERR_REDIRECT] [Fatal Error] :1:1: Premature end of file.
2025-09-19 18:53:13,585 [ERROR] LogOutputStream:75 - [STDERR_REDIRECT] 
2025-09-19 18:53:14,576 [ERROR] LogOutputStream:75 - [STDERR_REDIRECT] [Fatal Error] :1:1: Premature end of file.
2025-09-19 18:53:14,576 [ERROR] LogOutputStream:75 - [STDERR_REDIRECT] 
2025-09-19 18:53:15,567 [ERROR] LogOutputStream:75 - [STDERR_REDIRECT] [Fatal Error] :1:1: Premature end of file.
2025-09-19 18:53:15,567 [ERROR] LogOutputStream:75 - [STDERR_REDIRECT] 
2025-09-19 18:53:16,573 [ERROR] LogOutputStream:75 - [STDERR_REDIRECT] [Fatal Error] :1:1: Premature end of file.
2025-09-19 18:53:16,573 [ERROR] LogOutputStream:75 - [STDERR_REDIRECT] 
2025-09-19 18:53:17,583 [ERROR] LogOutputStream:75 - [STDERR_REDIRECT] [Fatal Error] :1:1: Premature end of file.
2025-09-19 18:53:17,583 [ERROR] LogOutputStream:75 - [STDERR_REDIRECT] 
2025-09-19 18:53:18,566 [ERROR] LogOutputStream:75 - [STDERR_REDIRECT] [Fatal Error] :1:1: Premature end of file.
2025-09-19 18:53:18,566 [ERROR] LogOutputStream:75 - [STDERR_REDIRECT] 
2025-09-19 18:53:19,586 [ERROR] LogOutputStream:75 - [STDERR_REDIRECT] [Fatal Error] :1:1: Premature end of file.
2025-09-19 18:53:19,586 [ERROR] LogOutputStream:75 - [STDERR_REDIRECT] 
2025-09-19 18:53:20,580 [ERROR] LogOutputStream:75 - [STDERR_REDIRECT] [Fatal Error] :1:1: Premature end of file.
2025-09-19 18:53:20,580 [ERROR] LogOutputStream:75 - [STDERR_REDIRECT] 
2025-09-19 18:53:21,583 [ERROR] LogOutputStream:75 - [STDERR_REDIRECT] [Fatal Error] :1:1: Premature end of file.
2025-09-19 18:53:21,583 [ERROR] LogOutputStream:75 - [STDERR_REDIRECT] 
2025-09-19 18:53:22,580 [ERROR] LogOutputStream:75 - [STDERR_REDIRECT] [Fatal Error] :1:1: Premature end of file.
2025-09-19 18:53:22,580 [ERROR] LogOutputStream:75 - [STDERR_REDIRECT] 
2025-09-19 18:53:23,582 [ERROR] LogOutputStream:75 - [STDERR_REDIRECT] [Fatal Error] :1:1: Premature end of file.
2025-09-19 18:53:23,582 [ERROR] LogOutputStream:75 - [STDERR_REDIRECT] 
2025-09-19 18:53:24,572 [ERROR] LogOutputStream:75 - [STDERR_REDIRECT] [Fatal Error] :1:1: Premature end of file.
2025-09-19 18:53:24,572 [ERROR] LogOutputStream:75 - [STDERR_REDIRECT] 
2025-09-19 18:53:25,566 [ERROR] LogOutputStream:75 - [STDERR_REDIRECT] [Fatal Error] :1:1: Premature end of file.
2025-09-19 18:53:25,566 [ERROR] LogOutputStream:75 - [STDERR_REDIRECT] 
2025-09-19 18:53:26,567 [ERROR] LogOutputStream:75 - [STDERR_REDIRECT] [Fatal Error] :1:1: Premature end of file.
2025-09-19 18:53:26,568 [ERROR] LogOutputStream:75 - [STDERR_REDIRECT] 
2025-09-19 18:53:27,586 [ERROR] LogOutputStream:75 - [STDERR_REDIRECT] [Fatal Error] :1:1: Premature end of file.
2025-09-19 18:53:27,586 [ERROR] LogOutputStream:75 - [STDERR_REDIRECT] 
2025-09-19 18:53:28,585 [ERROR] LogOutputStream:75 - [STDERR_REDIRECT] [Fatal Error] :1:1: Premature end of file.
2025-09-19 18:53:28,585 [ERROR] LogOutputStream:75 - [STDERR_REDIRECT] 
2025-09-19 18:53:29,580 [ERROR] LogOutputStream:75 - [STDERR_REDIRECT] [Fatal Error] :1:1: Premature end of file.
2025-09-19 18:53:29,580 [ERROR] LogOutputStream:75 - [STDERR_REDIRECT] 
2025-09-19 18:53:30,576 [ERROR] LogOutputStream:75 - [STDERR_REDIRECT] [Fatal Error] :1:1: Premature end of file.
2025-09-19 18:53:30,576 [ERROR] LogOutputStream:75 - [STDERR_REDIRECT] 
2025-09-19 18:53:31,585 [ERROR] LogOutputStream:75 - [STDERR_REDIRECT] [Fatal Error] :1:1: Premature end of file.
2025-09-19 18:53:31,585 [ERROR] LogOutputStream:75 - [STDERR_REDIRECT] 
2025-09-19 18:53:32,586 [ERROR] LogOutputStream:75 - [STDERR_REDIRECT] [Fatal Error] :1:1: Premature end of file.
2025-09-19 18:53:32,586 [ERROR] LogOutputStream:75 - [STDERR_REDIRECT] 
2025-09-19 18:53:33,599 [ERROR] LogOutputStream:75 - [STDERR_REDIRECT] [Fatal Error] :1:1: Premature end of file.
2025-09-19 18:53:33,599 [ERROR] LogOutputStream:75 - [STDERR_REDIRECT] 
2025-09-19 18:53:34,588 [ERROR] LogOutputStream:75 - [STDERR_REDIRECT] [Fatal Error] :1:1: Premature end of file.
2025-09-19 18:53:34,588 [ERROR] LogOutputStream:75 - [STDERR_REDIRECT] 
2025-09-19 18:53:35,599 [ERROR] LogOutputStream:75 - [STDERR_REDIRECT] [Fatal Error] :1:1: Premature end of file.
2025-09-19 18:53:35,599 [ERROR] LogOutputStream:75 - [STDERR_REDIRECT] 
2025-09-19 18:53:36,579 [ERROR] LogOutputStream:75 - [STDERR_REDIRECT] [Fatal Error] :1:1: Premature end of file.
2025-09-19 18:53:36,579 [ERROR] LogOutputStream:75 - [STDERR_REDIRECT] 
2025-09-19 18:53:37,573 [ERROR] LogOutputStream:75 - [STDERR_REDIRECT] [Fatal Error] :1:1: Premature end of file.
2025-09-19 18:53:37,574 [ERROR] LogOutputStream:75 - [STDERR_REDIRECT] 
2025-09-19 18:53:38,586 [ERROR] LogOutputStream:75 - [STDERR_REDIRECT] [Fatal Error] :1:1: Premature end of file.
2025-09-19 18:53:38,586 [ERROR] LogOutputStream:75 - [STDERR_REDIRECT] 
2025-09-19 18:53:39,572 [ERROR] LogOutputStream:75 - [STDERR_REDIRECT] [Fatal Error] :1:1: Premature end of file.
2025-09-19 18:53:39,572 [ERROR] LogOutputStream:75 - [STDERR_REDIRECT] 
2025-09-19 18:53:40,599 [ERROR] LogOutputStream:75 - [STDERR_REDIRECT] [Fatal Error] :1:1: Premature end of file.
2025-09-19 18:53:40,599 [ERROR] LogOutputStream:75 - [STDERR_REDIRECT] 
2025-09-19 18:53:41,582 [ERROR] LogOutputStream:75 - [STDERR_REDIRECT] [Fatal Error] :1:1: Premature end of file.
2025-09-19 18:53:41,583 [ERROR] LogOutputStream:75 - [STDERR_REDIRECT] 
2025-09-19 18:53:42,580 [ERROR] LogOutputStream:75 - [STDERR_REDIRECT] [Fatal Error] :1:1: Premature end of file.
2025-09-19 18:53:42,581 [ERROR] LogOutputStream:75 - [STDERR_REDIRECT] 
2025-09-19 18:53:43,575 [ERROR] LogOutputStream:75 - [STDERR_REDIRECT] [Fatal Error] :1:1: Premature end of file.
2025-09-19 18:53:43,575 [ERROR] LogOutputStream:75 - [STDERR_REDIRECT] 
2025-09-19 18:53:44,578 [ERROR] LogOutputStream:75 - [STDERR_REDIRECT] [Fatal Error] :1:1: Premature end of file.
2025-09-19 18:53:44,579 [ERROR] LogOutputStream:75 - [STDERR_REDIRECT] 
2025-09-19 18:53:45,569 [ERROR] LogOutputStream:75 - [STDERR_REDIRECT] [Fatal Error] :1:1: Premature end of file.
2025-09-19 18:53:45,569 [ERROR] LogOutputStream:75 - [STDERR_REDIRECT] 
2025-09-19 18:53:46,576 [ERROR] LogOutputStream:75 - [STDERR_REDIRECT] [Fatal Error] :1:1: Premature end of file.
2025-09-19 18:53:46,577 [ERROR] LogOutputStream:75 - [STDERR_REDIRECT] 
2025-09-19 18:53:47,580 [ERROR] LogOutputStream:75 - [STDERR_REDIRECT] [Fatal Error] :1:1: Premature end of file.
2025-09-19 18:53:47,581 [ERROR] LogOutputStream:75 - [STDERR_REDIRECT] 
2025-09-19 18:53:48,579 [ERROR] LogOutputStream:75 - [STDERR_REDIRECT] [Fatal Error] :1:1: Premature end of file.
2025-09-19 18:53:48,579 [ERROR] LogOutputStream:75 - [STDERR_REDIRECT] 
2025-09-19 18:53:49,584 [ERROR] LogOutputStream:75 - [STDERR_REDIRECT] [Fatal Error] :1:1: Premature end of file.
2025-09-19 18:53:49,584 [ERROR] LogOutputStream:75 - [STDERR_REDIRECT] 
2025-09-19 18:53:50,589 [ERROR] LogOutputStream:75 - [STDERR_REDIRECT] [Fatal Error] :1:1: Premature end of file.
2025-09-19 18:53:50,589 [ERROR] LogOutputStream:75 - [STDERR_REDIRECT] 
2025-09-19 18:53:51,571 [ERROR] LogOutputStream:75 - [STDERR_REDIRECT] [Fatal Error] :1:1: Premature end of file.
2025-09-19 18:53:51,572 [ERROR] LogOutputStream:75 - [STDERR_REDIRECT] 
2025-09-19 18:53:52,585 [ERROR] LogOutputStream:75 - [STDERR_REDIRECT] [Fatal Error] :1:1: Premature end of file.
2025-09-19 18:53:52,585 [ERROR] LogOutputStream:75 - [STDERR_REDIRECT] 
2025-09-19 18:53:53,576 [ERROR] LogOutputStream:75 - [STDERR_REDIRECT] [Fatal Error] :1:1: Premature end of file.
2025-09-19 18:53:53,576 [ERROR] LogOutputStream:75 - [STDERR_REDIRECT] 
2025-09-19 18:53:54,588 [ERROR] LogOutputStream:75 - [STDERR_REDIRECT] [Fatal Error] :1:1: Premature end of file.
2025-09-19 18:53:54,588 [ERROR] LogOutputStream:75 - [STDERR_REDIRECT] 
2025-09-19 18:53:55,573 [ERROR] LogOutputStream:75 - [STDERR_REDIRECT] [Fatal Error] :1:1: Premature end of file.
2025-09-19 18:53:55,573 [ERROR] LogOutputStream:75 - [STDERR_REDIRECT] 
2025-09-19 18:53:56,592 [ERROR] LogOutputStream:75 - [STDERR_REDIRECT] [Fatal Error] :1:1: Premature end of file.
2025-09-19 18:53:56,592 [ERROR] LogOutputStream:75 - [STDERR_REDIRECT] 
2025-09-19 18:53:57,568 [ERROR] LogOutputStream:75 - [STDERR_REDIRECT] [Fatal Error] :1:1: Premature end of file.
2025-09-19 18:53:57,568 [ERROR] LogOutputStream:75 - [STDERR_REDIRECT] 
2025-09-19 18:53:58,578 [ERROR] LogOutputStream:75 - [STDERR_REDIRECT] [Fatal Error] :1:1: Premature end of file.
2025-09-19 18:53:58,578 [ERROR] LogOutputStream:75 - [STDERR_REDIRECT] 
2025-09-19 18:53:59,581 [ERROR] LogOutputStream:75 - [STDERR_REDIRECT] [Fatal Error] :1:1: Premature end of file.
2025-09-19 18:53:59,581 [ERROR] LogOutputStream:75 - [STDERR_REDIRECT] 
2025-09-19 18:54:00,569 [ERROR] LogOutputStream:75 - [STDERR_REDIRECT] [Fatal Error] :1:1: Premature end of file.
2025-09-19 18:54:00,569 [ERROR] LogOutputStream:75 - [STDERR_REDIRECT] 
2025-09-19 18:54:01,571 [ERROR] LogOutputStream:75 - [STDERR_REDIRECT] [Fatal Error] :1:1: Premature end of file.
2025-09-19 18:54:01,571 [ERROR] LogOutputStream:75 - [STDERR_REDIRECT] 
2025-09-19 18:54:02,582 [ERROR] LogOutputStream:75 - [STDERR_REDIRECT] [Fatal Error] :1:1: Premature end of file.
2025-09-19 18:54:02,582 [ERROR] LogOutputStream:75 - [STDERR_REDIRECT] 
2025-09-19 18:54:03,585 [ERROR] LogOutputStream:75 - [STDERR_REDIRECT] [Fatal Error] :1:1: Premature end of file.
2025-09-19 18:54:03,585 [ERROR] LogOutputStream:75 - [STDERR_REDIRECT] 
2025-09-19 18:54:04,575 [ERROR] LogOutputStream:75 - [STDERR_REDIRECT] [Fatal Error] :1:1: Premature end of file.
2025-09-19 18:54:04,575 [ERROR] LogOutputStream:75 - [STDERR_REDIRECT] 
2025-09-19 18:54:05,586 [ERROR] LogOutputStream:75 - [STDERR_REDIRECT] [Fatal Error] :1:1: Premature end of file.
2025-09-19 18:54:05,586 [ERROR] LogOutputStream:75 - [STDERR_REDIRECT] 
2025-09-19 18:54:06,574 [ERROR] LogOutputStream:75 - [STDERR_REDIRECT] [Fatal Error] :1:1: Premature end of file.
2025-09-19 18:54:06,574 [ERROR] LogOutputStream:75 - [STDERR_REDIRECT] 
2025-09-19 18:54:07,583 [ERROR] LogOutputStream:75 - [STDERR_REDIRECT] [Fatal Error] :1:1: Premature end of file.
2025-09-19 18:54:07,583 [ERROR] LogOutputStream:75 - [STDERR_REDIRECT] 
2025-09-19 18:54:08,575 [ERROR] LogOutputStream:75 - [STDERR_REDIRECT] [Fatal Error] :1:1: Premature end of file.
2025-09-19 18:54:08,575 [ERROR] LogOutputStream:75 - [STDERR_REDIRECT] 
2025-09-19 18:54:09,571 [ERROR] LogOutputStream:75 - [STDERR_REDIRECT] [Fatal Error] :1:1: Premature end of file.
2025-09-19 18:54:09,571 [ERROR] LogOutputStream:75 - [STDERR_REDIRECT] 
2025-09-19 18:54:10,583 [ERROR] LogOutputStream:75 - [STDERR_REDIRECT] [Fatal Error] :1:1: Premature end of file.
2025-09-19 18:54:10,583 [ERROR] LogOutputStream:75 - [STDERR_REDIRECT] 
2025-09-19 18:54:11,580 [ERROR] LogOutputStream:75 - [STDERR_REDIRECT] [Fatal Error] :1:1: Premature end of file.
2025-09-19 18:54:11,581 [ERROR] LogOutputStream:75 - [STDERR_REDIRECT] 
2025-09-19 18:54:12,582 [ERROR] LogOutputStream:75 - [STDERR_REDIRECT] [Fatal Error] :1:1: Premature end of file.
2025-09-19 18:54:12,582 [ERROR] LogOutputStream:75 - [STDERR_REDIRECT] 
2025-09-19 18:54:13,577 [ERROR] LogOutputStream:75 - [STDERR_REDIRECT] [Fatal Error] :1:1: Premature end of file.
2025-09-19 18:54:13,577 [ERROR] LogOutputStream:75 - [STDERR_REDIRECT] 
2025-09-19 18:54:14,584 [ERROR] LogOutputStream:75 - [STDERR_REDIRECT] [Fatal Error] :1:1: Premature end of file.
2025-09-19 18:54:14,584 [ERROR] LogOutputStream:75 - [STDERR_REDIRECT] 
2025-09-19 18:54:15,583 [ERROR] LogOutputStream:75 - [STDERR_REDIRECT] [Fatal Error] :1:1: Premature end of file.
2025-09-19 18:54:15,583 [ERROR] LogOutputStream:75 - [STDERR_REDIRECT] 
2025-09-19 18:54:16,605 [ERROR] LogOutputStream:75 - [STDERR_REDIRECT] [Fatal Error] :1:1: Premature end of file.
2025-09-19 18:54:16,606 [ERROR] LogOutputStream:75 - [STDERR_REDIRECT] 
2025-09-19 18:54:17,598 [ERROR] LogOutputStream:75 - [STDERR_REDIRECT] [Fatal Error] :1:1: Premature end of file.
2025-09-19 18:54:17,599 [ERROR] LogOutputStream:75 - [STDERR_REDIRECT] 
2025-09-19 18:54:18,574 [ERROR] LogOutputStream:75 - [STDERR_REDIRECT] [Fatal Error] :1:1: Premature end of file.
2025-09-19 18:54:18,575 [ERROR] LogOutputStream:75 - [STDERR_REDIRECT] 
2025-09-19 18:54:19,587 [ERROR] LogOutputStream:75 - [STDERR_REDIRECT] [Fatal Error] :1:1: Premature end of file.
2025-09-19 18:54:19,587 [ERROR] LogOutputStream:75 - [STDERR_REDIRECT] 
2025-09-19 18:54:20,579 [ERROR] LogOutputStream:75 - [STDERR_REDIRECT] [Fatal Error] :1:1: Premature end of file.
2025-09-19 18:54:20,579 [ERROR] LogOutputStream:75 - [STDERR_REDIRECT] 
2025-09-19 18:54:21,573 [ERROR] LogOutputStream:75 - [STDERR_REDIRECT] [Fatal Error] :1:1: Premature end of file.
2025-09-19 18:54:21,573 [ERROR] LogOutputStream:75 - [STDERR_REDIRECT] 
2025-09-19 18:54:22,572 [ERROR] LogOutputStream:75 - [STDERR_REDIRECT] [Fatal Error] :1:1: Premature end of file.
2025-09-19 18:54:22,573 [ERROR] LogOutputStream:75 - [STDERR_REDIRECT] 
2025-09-19 18:54:23,573 [ERROR] LogOutputStream:75 - [STDERR_REDIRECT] [Fatal Error] :1:1: Premature end of file.
2025-09-19 18:54:23,574 [ERROR] LogOutputStream:75 - [STDERR_REDIRECT] 
2025-09-19 18:54:24,582 [ERROR] LogOutputStream:75 - [STDERR_REDIRECT] [Fatal Error] :1:1: Premature end of file.
2025-09-19 18:54:24,582 [ERROR] LogOutputStream:75 - [STDERR_REDIRECT] 
2025-09-19 18:54:25,583 [ERROR] LogOutputStream:75 - [STDERR_REDIRECT] [Fatal Error] :1:1: Premature end of file.
2025-09-19 18:54:25,583 [ERROR] LogOutputStream:75 - [STDERR_REDIRECT] 
2025-09-19 18:54:26,569 [ERROR] LogOutputStream:75 - [STDERR_REDIRECT] [Fatal Error] :1:1: Premature end of file.
2025-09-19 18:54:26,569 [ERROR] LogOutputStream:75 - [STDERR_REDIRECT] 
2025-09-19 18:54:27,585 [ERROR] LogOutputStream:75 - [STDERR_REDIRECT] [Fatal Error] :1:1: Premature end of file.
2025-09-19 18:54:27,585 [ERROR] LogOutputStream:75 - [STDERR_REDIRECT] 
2025-09-19 18:54:28,577 [ERROR] LogOutputStream:75 - [STDERR_REDIRECT] [Fatal Error] :1:1: Premature end of file.
2025-09-19 18:54:28,578 [ERROR] LogOutputStream:75 - [STDERR_REDIRECT] 
2025-09-19 18:54:29,579 [ERROR] LogOutputStream:75 - [STDERR_REDIRECT] [Fatal Error] :1:1: Premature end of file.
2025-09-19 18:54:29,579 [ERROR] LogOutputStream:75 - [STDERR_REDIRECT] 
2025-09-19 18:54:30,578 [ERROR] LogOutputStream:75 - [STDERR_REDIRECT] [Fatal Error] :1:1: Premature end of file.
2025-09-19 18:54:30,578 [ERROR] LogOutputStream:75 - [STDERR_REDIRECT] 
2025-09-19 18:54:31,575 [ERROR] LogOutputStream:75 - [STDERR_REDIRECT] [Fatal Error] :1:1: Premature end of file.
2025-09-19 18:54:31,575 [ERROR] LogOutputStream:75 - [STDERR_REDIRECT] 
2025-09-19 18:54:32,576 [ERROR] LogOutputStream:75 - [STDERR_REDIRECT] [Fatal Error] :1:1: Premature end of file.
2025-09-19 18:54:32,576 [ERROR] LogOutputStream:75 - [STDERR_REDIRECT] 
2025-09-19 18:54:33,569 [ERROR] LogOutputStream:75 - [STDERR_REDIRECT] [Fatal Error] :1:1: Premature end of file.
2025-09-19 18:54:33,569 [ERROR] LogOutputStream:75 - [STDERR_REDIRECT] 
2025-09-19 18:54:34,586 [ERROR] LogOutputStream:75 - [STDERR_REDIRECT] [Fatal Error] :1:1: Premature end of file.
2025-09-19 18:54:34,586 [ERROR] LogOutputStream:75 - [STDERR_REDIRECT] 
2025-09-19 18:54:35,582 [ERROR] LogOutputStream:75 - [STDERR_REDIRECT] [Fatal Error] :1:1: Premature end of file.
2025-09-19 18:54:35,583 [ERROR] LogOutputStream:75 - [STDERR_REDIRECT] 
2025-09-19 18:54:36,585 [ERROR] LogOutputStream:75 - [STDERR_REDIRECT] [Fatal Error] :1:1: Premature end of file.
2025-09-19 18:54:36,585 [ERROR] LogOutputStream:75 - [STDERR_REDIRECT] 
2025-09-19 18:54:37,581 [ERROR] LogOutputStream:75 - [STDERR_REDIRECT] [Fatal Error] :1:1: Premature end of file.
2025-09-19 18:54:37,582 [ERROR] LogOutputStream:75 - [STDERR_REDIRECT] 
2025-09-19 18:54:38,599 [ERROR] LogOutputStream:75 - [STDERR_REDIRECT] [Fatal Error] :1:1: Premature end of file.
2025-09-19 18:54:38,599 [ERROR] LogOutputStream:75 - [STDERR_REDIRECT] 
2025-09-19 18:54:39,610 [ERROR] LogOutputStream:75 - [STDERR_REDIRECT] [Fatal Error] :1:1: Premature end of file.
2025-09-19 18:54:39,611 [ERROR] LogOutputStream:75 - [STDERR_REDIRECT] 
2025-09-19 18:54:40,616 [ERROR] LogOutputStream:75 - [STDERR_REDIRECT] [Fatal Error] :1:1: Premature end of file.
2025-09-19 18:54:40,616 [ERROR] LogOutputStream:75 - [STDERR_REDIRECT] 
2025-09-19 18:54:41,574 [ERROR] LogOutputStream:75 - [STDERR_REDIRECT] [Fatal Error] :1:1: Premature end of file.
2025-09-19 18:54:41,574 [ERROR] LogOutputStream:75 - [STDERR_REDIRECT] 
2025-09-19 18:54:42,589 [ERROR] LogOutputStream:75 - [STDERR_REDIRECT] [Fatal Error] :1:1: Premature end of file.
2025-09-19 18:54:42,589 [ERROR] LogOutputStream:75 - [STDERR_REDIRECT] 
2025-09-19 18:54:43,579 [ERROR] LogOutputStream:75 - [STDERR_REDIRECT] [Fatal Error] :1:1: Premature end of file.
2025-09-19 18:54:43,580 [ERROR] LogOutputStream:75 - [STDERR_REDIRECT] 
2025-09-19 18:54:44,579 [ERROR] LogOutputStream:75 - [STDERR_REDIRECT] [Fatal Error] :1:1: Premature end of file.
2025-09-19 18:54:44,579 [ERROR] LogOutputStream:75 - [STDERR_REDIRECT] 
2025-09-19 18:54:45,579 [ERROR] LogOutputStream:75 - [STDERR_REDIRECT] [Fatal Error] :1:1: Premature end of file.
2025-09-19 18:54:45,579 [ERROR] LogOutputStream:75 - [STDERR_REDIRECT] 
2025-09-19 18:54:46,583 [ERROR] LogOutputStream:75 - [STDERR_REDIRECT] [Fatal Error] :1:1: Premature end of file.
2025-09-19 18:54:46,585 [ERROR] LogOutputStream:75 - [STDERR_REDIRECT] 
2025-09-19 18:54:47,589 [ERROR] LogOutputStream:75 - [STDERR_REDIRECT] [Fatal Error] :1:1: Premature end of file.
2025-09-19 18:54:47,590 [ERROR] LogOutputStream:75 - [STDERR_REDIRECT] 
2025-09-19 18:54:48,579 [ERROR] LogOutputStream:75 - [STDERR_REDIRECT] [Fatal Error] :1:1: Premature end of file.
2025-09-19 18:54:48,579 [ERROR] LogOutputStream:75 - [STDERR_REDIRECT] 
2025-09-19 18:54:49,576 [ERROR] LogOutputStream:75 - [STDERR_REDIRECT] [Fatal Error] :1:1: Premature end of file.
2025-09-19 18:54:49,576 [ERROR] LogOutputStream:75 - [STDERR_REDIRECT] 
2025-09-19 18:54:50,566 [ERROR] LogOutputStream:75 - [STDERR_REDIRECT] [Fatal Error] :1:1: Premature end of file.
2025-09-19 18:54:50,566 [ERROR] LogOutputStream:75 - [STDERR_REDIRECT] 
2025-09-19 18:54:51,581 [ERROR] LogOutputStream:75 - [STDERR_REDIRECT] [Fatal Error] :1:1: Premature end of file.
2025-09-19 18:54:51,581 [ERROR] LogOutputStream:75 - [STDERR_REDIRECT] 
2025-09-19 18:54:52,581 [ERROR] LogOutputStream:75 - [STDERR_REDIRECT] [Fatal Error] :1:1: Premature end of file.
2025-09-19 18:54:52,581 [ERROR] LogOutputStream:75 - [STDERR_REDIRECT] 
2025-09-19 18:54:53,576 [ERROR] LogOutputStream:75 - [STDERR_REDIRECT] [Fatal Error] :1:1: Premature end of file.
2025-09-19 18:54:53,576 [ERROR] LogOutputStream:75 - [STDERR_REDIRECT] 
2025-09-19 18:54:54,570 [ERROR] LogOutputStream:75 - [STDERR_REDIRECT] [Fatal Error] :1:1: Premature end of file.
2025-09-19 18:54:54,570 [ERROR] LogOutputStream:75 - [STDERR_REDIRECT] 
2025-09-19 18:54:55,568 [ERROR] LogOutputStream:75 - [STDERR_REDIRECT] [Fatal Error] :1:1: Premature end of file.
2025-09-19 18:54:55,569 [ERROR] LogOutputStream:75 - [STDERR_REDIRECT] 
2025-09-19 18:54:56,580 [ERROR] LogOutputStream:75 - [STDERR_REDIRECT] [Fatal Error] :1:1: Premature end of file.
2025-09-19 18:54:56,580 [ERROR] LogOutputStream:75 - [STDERR_REDIRECT] 
2025-09-19 18:54:57,581 [ERROR] LogOutputStream:75 - [STDERR_REDIRECT] [Fatal Error] :1:1: Premature end of file.
2025-09-19 18:54:57,581 [ERROR] LogOutputStream:75 - [STDERR_REDIRECT] 
2025-09-19 18:54:58,582 [ERROR] LogOutputStream:75 - [STDERR_REDIRECT] [Fatal Error] :1:1: Premature end of file.
2025-09-19 18:54:58,582 [ERROR] LogOutputStream:75 - [STDERR_REDIRECT] 
2025-09-19 18:54:59,597 [ERROR] LogOutputStream:75 - [STDERR_REDIRECT] [Fatal Error] :1:1: Premature end of file.
2025-09-19 18:54:59,598 [ERROR] LogOutputStream:75 - [STDERR_REDIRECT] 
2025-09-19 18:55:00,576 [ERROR] LogOutputStream:75 - [STDERR_REDIRECT] [Fatal Error] :1:1: Premature end of file.
2025-09-19 18:55:00,576 [ERROR] LogOutputStream:75 - [STDERR_REDIRECT] 
2025-09-19 18:55:01,582 [ERROR] LogOutputStream:75 - [STDERR_REDIRECT] [Fatal Error] :1:1: Premature end of file.
2025-09-19 18:55:01,582 [ERROR] LogOutputStream:75 - [STDERR_REDIRECT] 
2025-09-19 18:55:02,573 [ERROR] LogOutputStream:75 - [STDERR_REDIRECT] [Fatal Error] :1:1: Premature end of file.
2025-09-19 18:55:02,573 [ERROR] LogOutputStream:75 - [STDERR_REDIRECT] 
2025-09-19 18:55:03,572 [ERROR] LogOutputStream:75 - [STDERR_REDIRECT] [Fatal Error] :1:1: Premature end of file.
2025-09-19 18:55:03,572 [ERROR] LogOutputStream:75 - [STDERR_REDIRECT] 
2025-09-19 18:55:04,567 [ERROR] LogOutputStream:75 - [STDERR_REDIRECT] [Fatal Error] :1:1: Premature end of file.
2025-09-19 18:55:04,568 [ERROR] LogOutputStream:75 - [STDERR_REDIRECT] 
2025-09-19 18:55:05,579 [ERROR] LogOutputStream:75 - [STDERR_REDIRECT] [Fatal Error] :1:1: Premature end of file.
2025-09-19 18:55:05,580 [ERROR] LogOutputStream:75 - [STDERR_REDIRECT] 
2025-09-19 18:55:06,577 [ERROR] LogOutputStream:75 - [STDERR_REDIRECT] [Fatal Error] :1:1: Premature end of file.
2025-09-19 18:55:06,577 [ERROR] LogOutputStream:75 - [STDERR_REDIRECT] 
2025-09-19 18:55:07,581 [ERROR] LogOutputStream:75 - [STDERR_REDIRECT] [Fatal Error] :1:1: Premature end of file.
2025-09-19 18:55:07,581 [ERROR] LogOutputStream:75 - [STDERR_REDIRECT] 
2025-09-19 18:55:08,582 [ERROR] LogOutputStream:75 - [STDERR_REDIRECT] [Fatal Error] :1:1: Premature end of file.
2025-09-19 18:55:08,583 [ERROR] LogOutputStream:75 - [STDERR_REDIRECT] 
2025-09-19 18:55:09,585 [ERROR] LogOutputStream:75 - [STDERR_REDIRECT] [Fatal Error] :1:1: Premature end of file.
2025-09-19 18:55:09,586 [ERROR] LogOutputStream:75 - [STDERR_REDIRECT] 
2025-09-19 18:55:10,580 [ERROR] LogOutputStream:75 - [STDERR_REDIRECT] [Fatal Error] :1:1: Premature end of file.
2025-09-19 18:55:10,581 [ERROR] LogOutputStream:75 - [STDERR_REDIRECT] 
2025-09-19 18:55:11,569 [ERROR] LogOutputStream:75 - [STDERR_REDIRECT] [Fatal Error] :1:1: Premature end of file.
2025-09-19 18:55:11,569 [ERROR] LogOutputStream:75 - [STDERR_REDIRECT] 
2025-09-19 18:55:12,574 [ERROR] LogOutputStream:75 - [STDERR_REDIRECT] [Fatal Error] :1:1: Premature end of file.
2025-09-19 18:55:12,574 [ERROR] LogOutputStream:75 - [STDERR_REDIRECT] 
2025-09-19 18:55:13,576 [ERROR] LogOutputStream:75 - [STDERR_REDIRECT] [Fatal Error] :1:1: Premature end of file.
2025-09-19 18:55:13,576 [ERROR] LogOutputStream:75 - [STDERR_REDIRECT] 
2025-09-19 18:55:14,569 [ERROR] LogOutputStream:75 - [STDERR_REDIRECT] [Fatal Error] :1:1: Premature end of file.
2025-09-19 18:55:14,570 [ERROR] LogOutputStream:75 - [STDERR_REDIRECT] 
2025-09-19 18:55:15,569 [ERROR] LogOutputStream:75 - [STDERR_REDIRECT] [Fatal Error] :1:1: Premature end of file.
2025-09-19 18:55:15,571 [ERROR] LogOutputStream:75 - [STDERR_REDIRECT] 
2025-09-19 18:55:16,576 [ERROR] LogOutputStream:75 - [STDERR_REDIRECT] [Fatal Error] :1:1: Premature end of file.
2025-09-19 18:55:16,576 [ERROR] LogOutputStream:75 - [STDERR_REDIRECT] 
2025-09-19 18:55:17,572 [ERROR] LogOutputStream:75 - [STDERR_REDIRECT] [Fatal Error] :1:1: Premature end of file.
2025-09-19 18:55:17,572 [ERROR] LogOutputStream:75 - [STDERR_REDIRECT] 
2025-09-19 18:55:18,570 [ERROR] LogOutputStream:75 - [STDERR_REDIRECT] [Fatal Error] :1:1: Premature end of file.
2025-09-19 18:55:18,570 [ERROR] LogOutputStream:75 - [STDERR_REDIRECT] 
2025-09-19 18:55:19,590 [ERROR] LogOutputStream:75 - [STDERR_REDIRECT] [Fatal Error] :1:1: Premature end of file.
2025-09-19 18:55:19,590 [ERROR] LogOutputStream:75 - [STDERR_REDIRECT] 
2025-09-19 18:55:20,573 [ERROR] LogOutputStream:75 - [STDERR_REDIRECT] [Fatal Error] :1:1: Premature end of file.
2025-09-19 18:55:20,574 [ERROR] LogOutputStream:75 - [STDERR_REDIRECT] 
2025-09-19 18:55:21,587 [ERROR] LogOutputStream:75 - [STDERR_REDIRECT] [Fatal Error] :1:1: Premature end of file.
2025-09-19 18:55:21,587 [ERROR] LogOutputStream:75 - [STDERR_REDIRECT] 
2025-09-19 18:55:22,571 [ERROR] LogOutputStream:75 - [STDERR_REDIRECT] [Fatal Error] :1:1: Premature end of file.
2025-09-19 18:55:22,572 [ERROR] LogOutputStream:75 - [STDERR_REDIRECT] 
2025-09-19 18:55:23,580 [ERROR] LogOutputStream:75 - [STDERR_REDIRECT] [Fatal Error] :1:1: Premature end of file.
2025-09-19 18:55:23,581 [ERROR] LogOutputStream:75 - [STDERR_REDIRECT] 
2025-09-19 18:55:24,576 [ERROR] LogOutputStream:75 - [STDERR_REDIRECT] [Fatal Error] :1:1: Premature end of file.
2025-09-19 18:55:24,576 [ERROR] LogOutputStream:75 - [STDERR_REDIRECT] 
2025-09-19 18:55:25,571 [ERROR] LogOutputStream:75 - [STDERR_REDIRECT] [Fatal Error] :1:1: Premature end of file.
2025-09-19 18:55:25,572 [ERROR] LogOutputStream:75 - [STDERR_REDIRECT] 
2025-09-19 18:55:26,584 [ERROR] LogOutputStream:75 - [STDERR_REDIRECT] [Fatal Error] :1:1: Premature end of file.
2025-09-19 18:55:26,584 [ERROR] LogOutputStream:75 - [STDERR_REDIRECT] 
2025-09-19 18:55:27,592 [ERROR] LogOutputStream:75 - [STDERR_REDIRECT] [Fatal Error] :1:1: Premature end of file.
2025-09-19 18:55:27,592 [ERROR] LogOutputStream:75 - [STDERR_REDIRECT] 
2025-09-19 18:55:28,571 [ERROR] LogOutputStream:75 - [STDERR_REDIRECT] [Fatal Error] :1:1: Premature end of file.
2025-09-19 18:55:28,571 [ERROR] LogOutputStream:75 - [STDERR_REDIRECT] 
2025-09-19 18:55:29,570 [ERROR] LogOutputStream:75 - [STDERR_REDIRECT] [Fatal Error] :1:1: Premature end of file.
2025-09-19 18:55:29,570 [ERROR] LogOutputStream:75 - [STDERR_REDIRECT] 
2025-09-19 18:55:30,579 [ERROR] LogOutputStream:75 - [STDERR_REDIRECT] [Fatal Error] :1:1: Premature end of file.
2025-09-19 18:55:30,579 [ERROR] LogOutputStream:75 - [STDERR_REDIRECT] 
2025-09-19 18:55:31,581 [ERROR] LogOutputStream:75 - [STDERR_REDIRECT] [Fatal Error] :1:1: Premature end of file.
2025-09-19 18:55:31,581 [ERROR] LogOutputStream:75 - [STDERR_REDIRECT] 
2025-09-19 18:55:32,599 [ERROR] LogOutputStream:75 - [STDERR_REDIRECT] [Fatal Error] :1:1: Premature end of file.
2025-09-19 18:55:32,599 [ERROR] LogOutputStream:75 - [STDERR_REDIRECT] 
2025-09-19 18:55:33,575 [ERROR] LogOutputStream:75 - [STDERR_REDIRECT] [Fatal Error] :1:1: Premature end of file.
2025-09-19 18:55:33,577 [ERROR] LogOutputStream:75 - [STDERR_REDIRECT] 
2025-09-19 18:55:34,619 [ERROR] LogOutputStream:75 - [STDERR_REDIRECT] [Fatal Error] :1:1: Premature end of file.
2025-09-19 18:55:34,620 [ERROR] LogOutputStream:75 - [STDERR_REDIRECT] 
2025-09-19 18:55:35,601 [ERROR] LogOutputStream:75 - [STDERR_REDIRECT] [Fatal Error] :1:1: Premature end of file.
2025-09-19 18:55:35,601 [ERROR] LogOutputStream:75 - [STDERR_REDIRECT] 
2025-09-19 18:55:36,587 [ERROR] LogOutputStream:75 - [STDERR_REDIRECT] [Fatal Error] :1:1: Premature end of file.
2025-09-19 18:55:36,587 [ERROR] LogOutputStream:75 - [STDERR_REDIRECT] 
2025-09-19 18:55:37,622 [ERROR] LogOutputStream:75 - [STDERR_REDIRECT] [Fatal Error] :1:1: Premature end of file.
2025-09-19 18:55:37,624 [ERROR] LogOutputStream:75 - [STDERR_REDIRECT] 
2025-09-19 18:55:38,586 [ERROR] LogOutputStream:75 - [STDERR_REDIRECT] [Fatal Error] :1:1: Premature end of file.
2025-09-19 18:55:38,586 [ERROR] LogOutputStream:75 - [STDERR_REDIRECT] 
2025-09-19 18:55:39,584 [ERROR] LogOutputStream:75 - [STDERR_REDIRECT] [Fatal Error] :1:1: Premature end of file.
2025-09-19 18:55:39,585 [ERROR] LogOutputStream:75 - [STDERR_REDIRECT] 
2025-09-19 18:55:40,575 [ERROR] LogOutputStream:75 - [STDERR_REDIRECT] [Fatal Error] :1:1: Premature end of file.
2025-09-19 18:55:40,576 [ERROR] LogOutputStream:75 - [STDERR_REDIRECT] 
2025-09-19 18:55:41,579 [ERROR] LogOutputStream:75 - [STDERR_REDIRECT] [Fatal Error] :1:1: Premature end of file.
2025-09-19 18:55:41,579 [ERROR] LogOutputStream:75 - [STDERR_REDIRECT] 
2025-09-19 18:55:42,572 [ERROR] LogOutputStream:75 - [STDERR_REDIRECT] [Fatal Error] :1:1: Premature end of file.
2025-09-19 18:55:42,572 [ERROR] LogOutputStream:75 - [STDERR_REDIRECT] 
2025-09-19 18:55:43,580 [ERROR] LogOutputStream:75 - [STDERR_REDIRECT] [Fatal Error] :1:1: Premature end of file.
2025-09-19 18:55:43,580 [ERROR] LogOutputStream:75 - [STDERR_REDIRECT] 
2025-09-19 18:55:44,576 [ERROR] LogOutputStream:75 - [STDERR_REDIRECT] [Fatal Error] :1:1: Premature end of file.
2025-09-19 18:55:44,576 [ERROR] LogOutputStream:75 - [STDERR_REDIRECT] 
2025-09-19 18:55:45,585 [ERROR] LogOutputStream:75 - [STDERR_REDIRECT] [Fatal Error] :1:1: Premature end of file.
2025-09-19 18:55:45,585 [ERROR] LogOutputStream:75 - [STDERR_REDIRECT] 
2025-09-19 18:55:46,580 [ERROR] LogOutputStream:75 - [STDERR_REDIRECT] [Fatal Error] :1:1: Premature end of file.
2025-09-19 18:55:46,581 [ERROR] LogOutputStream:75 - [STDERR_REDIRECT] 
2025-09-19 18:55:47,580 [ERROR] LogOutputStream:75 - [STDERR_REDIRECT] [Fatal Error] :1:1: Premature end of file.
2025-09-19 18:55:47,581 [ERROR] LogOutputStream:75 - [STDERR_REDIRECT] 
2025-09-19 18:55:48,578 [ERROR] LogOutputStream:75 - [STDERR_REDIRECT] [Fatal Error] :1:1: Premature end of file.
2025-09-19 18:55:48,579 [ERROR] LogOutputStream:75 - [STDERR_REDIRECT] 
2025-09-19 18:55:49,576 [ERROR] LogOutputStream:75 - [STDERR_REDIRECT] [Fatal Error] :1:1: Premature end of file.
2025-09-19 18:55:49,577 [ERROR] LogOutputStream:75 - [STDERR_REDIRECT] 
2025-09-19 18:55:50,576 [ERROR] LogOutputStream:75 - [STDERR_REDIRECT] [Fatal Error] :1:1: Premature end of file.
2025-09-19 18:55:50,578 [ERROR] LogOutputStream:75 - [STDERR_REDIRECT] 
2025-09-19 18:55:51,582 [ERROR] LogOutputStream:75 - [STDERR_REDIRECT] [Fatal Error] :1:1: Premature end of file.
2025-09-19 18:55:51,582 [ERROR] LogOutputStream:75 - [STDERR_REDIRECT] 
2025-09-19 18:55:52,577 [ERROR] LogOutputStream:75 - [STDERR_REDIRECT] [Fatal Error] :1:1: Premature end of file.
2025-09-19 18:55:52,577 [ERROR] LogOutputStream:75 - [STDERR_REDIRECT] 
2025-09-19 18:55:53,576 [ERROR] LogOutputStream:75 - [STDERR_REDIRECT] [Fatal Error] :1:1: Premature end of file.
2025-09-19 18:55:53,576 [ERROR] LogOutputStream:75 - [STDERR_REDIRECT] 
2025-09-19 18:55:54,581 [ERROR] LogOutputStream:75 - [STDERR_REDIRECT] [Fatal Error] :1:1: Premature end of file.
2025-09-19 18:55:54,581 [ERROR] LogOutputStream:75 - [STDERR_REDIRECT] 
2025-09-19 18:55:55,577 [ERROR] LogOutputStream:75 - [STDERR_REDIRECT] [Fatal Error] :1:1: Premature end of file.
2025-09-19 18:55:55,579 [ERROR] LogOutputStream:75 - [STDERR_REDIRECT] 
2025-09-19 18:55:56,577 [ERROR] LogOutputStream:75 - [STDERR_REDIRECT] [Fatal Error] :1:1: Premature end of file.
2025-09-19 18:55:56,577 [ERROR] LogOutputStream:75 - [STDERR_REDIRECT] 
2025-09-19 18:55:57,572 [ERROR] LogOutputStream:75 - [STDERR_REDIRECT] [Fatal Error] :1:1: Premature end of file.
2025-09-19 18:55:57,572 [ERROR] LogOutputStream:75 - [STDERR_REDIRECT] 
2025-09-19 18:55:58,567 [ERROR] LogOutputStream:75 - [STDERR_REDIRECT] [Fatal Error] :1:1: Premature end of file.
2025-09-19 18:55:58,567 [ERROR] LogOutputStream:75 - [STDERR_REDIRECT] 
2025-09-19 18:55:59,573 [ERROR] LogOutputStream:75 - [STDERR_REDIRECT] [Fatal Error] :1:1: Premature end of file.
2025-09-19 18:55:59,573 [ERROR] LogOutputStream:75 - [STDERR_REDIRECT] 
2025-09-19 18:56:00,568 [ERROR] LogOutputStream:75 - [STDERR_REDIRECT] [Fatal Error] :1:1: Premature end of file.
2025-09-19 18:56:00,568 [ERROR] LogOutputStream:75 - [STDERR_REDIRECT] 
2025-09-19 18:56:01,575 [ERROR] LogOutputStream:75 - [STDERR_REDIRECT] [Fatal Error] :1:1: Premature end of file.
2025-09-19 18:56:01,575 [ERROR] LogOutputStream:75 - [STDERR_REDIRECT] 
2025-09-19 18:56:02,579 [ERROR] LogOutputStream:75 - [STDERR_REDIRECT] [Fatal Error] :1:1: Premature end of file.
2025-09-19 18:56:02,579 [ERROR] LogOutputStream:75 - [STDERR_REDIRECT] 
2025-09-19 18:56:03,578 [ERROR] LogOutputStream:75 - [STDERR_REDIRECT] [Fatal Error] :1:1: Premature end of file.
2025-09-19 18:56:03,578 [ERROR] LogOutputStream:75 - [STDERR_REDIRECT] 
2025-09-19 18:56:04,578 [ERROR] LogOutputStream:75 - [STDERR_REDIRECT] [Fatal Error] :1:1: Premature end of file.
2025-09-19 18:56:04,578 [ERROR] LogOutputStream:75 - [STDERR_REDIRECT] 
2025-09-19 18:56:05,569 [ERROR] LogOutputStream:75 - [STDERR_REDIRECT] [Fatal Error] :1:1: Premature end of file.
2025-09-19 18:56:05,569 [ERROR] LogOutputStream:75 - [STDERR_REDIRECT] 
2025-09-19 18:56:06,577 [ERROR] LogOutputStream:75 - [STDERR_REDIRECT] [Fatal Error] :1:1: Premature end of file.
2025-09-19 18:56:06,577 [ERROR] LogOutputStream:75 - [STDERR_REDIRECT] 
2025-09-19 18:56:07,568 [ERROR] LogOutputStream:75 - [STDERR_REDIRECT] [Fatal Error] :1:1: Premature end of file.
2025-09-19 18:56:07,568 [ERROR] LogOutputStream:75 - [STDERR_REDIRECT] 
2025-09-19 18:56:08,574 [ERROR] LogOutputStream:75 - [STDERR_REDIRECT] [Fatal Error] :1:1: Premature end of file.
2025-09-19 18:56:08,574 [ERROR] LogOutputStream:75 - [STDERR_REDIRECT] 
2025-09-19 18:56:09,571 [ERROR] LogOutputStream:75 - [STDERR_REDIRECT] [Fatal Error] :1:1: Premature end of file.
2025-09-19 18:56:09,571 [ERROR] LogOutputStream:75 - [STDERR_REDIRECT] 
2025-09-19 18:56:10,579 [ERROR] LogOutputStream:75 - [STDERR_REDIRECT] [Fatal Error] :1:1: Premature end of file.
2025-09-19 18:56:10,579 [ERROR] LogOutputStream:75 - [STDERR_REDIRECT] 
2025-09-19 18:56:11,566 [ERROR] LogOutputStream:75 - [STDERR_REDIRECT] [Fatal Error] :1:1: Premature end of file.
2025-09-19 18:56:11,566 [ERROR] LogOutputStream:75 - [STDERR_REDIRECT] 
2025-09-19 18:56:12,576 [ERROR] LogOutputStream:75 - [STDERR_REDIRECT] [Fatal Error] :1:1: Premature end of file.
2025-09-19 18:56:12,576 [ERROR] LogOutputStream:75 - [STDERR_REDIRECT] 
2025-09-19 18:56:13,572 [ERROR] LogOutputStream:75 - [STDERR_REDIRECT] [Fatal Error] :1:1: Premature end of file.
2025-09-19 18:56:13,572 [ERROR] LogOutputStream:75 - [STDERR_REDIRECT] 
2025-09-19 18:56:14,582 [ERROR] LogOutputStream:75 - [STDERR_REDIRECT] [Fatal Error] :1:1: Premature end of file.
2025-09-19 18:56:14,582 [ERROR] LogOutputStream:75 - [STDERR_REDIRECT] 
2025-09-19 18:56:15,570 [ERROR] LogOutputStream:75 - [STDERR_REDIRECT] [Fatal Error] :1:1: Premature end of file.
2025-09-19 18:56:15,571 [ERROR] LogOutputStream:75 - [STDERR_REDIRECT] 
2025-09-19 18:56:16,573 [ERROR] LogOutputStream:75 - [STDERR_REDIRECT] [Fatal Error] :1:1: Premature end of file.
2025-09-19 18:56:16,573 [ERROR] LogOutputStream:75 - [STDERR_REDIRECT] 
2025-09-19 18:56:17,572 [ERROR] LogOutputStream:75 - [STDERR_REDIRECT] [Fatal Error] :1:1: Premature end of file.
2025-09-19 18:56:17,574 [ERROR] LogOutputStream:75 - [STDERR_REDIRECT] 
2025-09-19 18:56:18,579 [ERROR] LogOutputStream:75 - [STDERR_REDIRECT] [Fatal Error] :1:1: Premature end of file.
2025-09-19 18:56:18,579 [ERROR] LogOutputStream:75 - [STDERR_REDIRECT] 
2025-09-19 18:56:19,575 [ERROR] LogOutputStream:75 - [STDERR_REDIRECT] [Fatal Error] :1:1: Premature end of file.
2025-09-19 18:56:19,575 [ERROR] LogOutputStream:75 - [STDERR_REDIRECT] 
2025-09-19 18:56:20,581 [ERROR] LogOutputStream:75 - [STDERR_REDIRECT] [Fatal Error] :1:1: Premature end of file.
2025-09-19 18:56:20,581 [ERROR] LogOutputStream:75 - [STDERR_REDIRECT] 
2025-09-19 18:56:21,570 [ERROR] LogOutputStream:75 - [STDERR_REDIRECT] [Fatal Error] :1:1: Premature end of file.
2025-09-19 18:56:21,570 [ERROR] LogOutputStream:75 - [STDERR_REDIRECT] 
2025-09-19 18:56:22,573 [ERROR] LogOutputStream:75 - [STDERR_REDIRECT] [Fatal Error] :1:1: Premature end of file.
2025-09-19 18:56:22,573 [ERROR] LogOutputStream:75 - [STDERR_REDIRECT] 
2025-09-19 18:56:23,581 [ERROR] LogOutputStream:75 - [STDERR_REDIRECT] [Fatal Error] :1:1: Premature end of file.
2025-09-19 18:56:23,582 [ERROR] LogOutputStream:75 - [STDERR_REDIRECT] 
2025-09-19 18:56:24,572 [ERROR] LogOutputStream:75 - [STDERR_REDIRECT] [Fatal Error] :1:1: Premature end of file.
2025-09-19 18:56:24,572 [ERROR] LogOutputStream:75 - [STDERR_REDIRECT] 
2025-09-19 18:56:25,576 [ERROR] LogOutputStream:75 - [STDERR_REDIRECT] [Fatal Error] :1:1: Premature end of file.
2025-09-19 18:56:25,576 [ERROR] LogOutputStream:75 - [STDERR_REDIRECT] 
2025-09-19 18:56:26,569 [ERROR] LogOutputStream:75 - [STDERR_REDIRECT] [Fatal Error] :1:1: Premature end of file.
2025-09-19 18:56:26,571 [ERROR] LogOutputStream:75 - [STDERR_REDIRECT] 
2025-09-19 18:56:27,573 [ERROR] LogOutputStream:75 - [STDERR_REDIRECT] [Fatal Error] :1:1: Premature end of file.
2025-09-19 18:56:27,574 [ERROR] LogOutputStream:75 - [STDERR_REDIRECT] 
2025-09-19 18:56:28,574 [ERROR] LogOutputStream:75 - [STDERR_REDIRECT] [Fatal Error] :1:1: Premature end of file.
2025-09-19 18:56:28,575 [ERROR] LogOutputStream:75 - [STDERR_REDIRECT] 
2025-09-19 18:56:29,574 [ERROR] LogOutputStream:75 - [STDERR_REDIRECT] [Fatal Error] :1:1: Premature end of file.
2025-09-19 18:56:29,575 [ERROR] LogOutputStream:75 - [STDERR_REDIRECT] 
2025-09-19 18:56:30,576 [ERROR] LogOutputStream:75 - [STDERR_REDIRECT] [Fatal Error] :1:1: Premature end of file.
2025-09-19 18:56:30,576 [ERROR] LogOutputStream:75 - [STDERR_REDIRECT] 
2025-09-19 18:56:31,577 [ERROR] LogOutputStream:75 - [STDERR_REDIRECT] [Fatal Error] :1:1: Premature end of file.
2025-09-19 18:56:31,577 [ERROR] LogOutputStream:75 - [STDERR_REDIRECT] 
2025-09-19 18:56:32,582 [ERROR] LogOutputStream:75 - [STDERR_REDIRECT] [Fatal Error] :1:1: Premature end of file.
2025-09-19 18:56:32,582 [ERROR] LogOutputStream:75 - [STDERR_REDIRECT] 
2025-09-19 18:56:33,571 [ERROR] LogOutputStream:75 - [STDERR_REDIRECT] [Fatal Error] :1:1: Premature end of file.
2025-09-19 18:56:33,571 [ERROR] LogOutputStream:75 - [STDERR_REDIRECT] 
2025-09-19 18:56:34,575 [ERROR] LogOutputStream:75 - [STDERR_REDIRECT] [Fatal Error] :1:1: Premature end of file.
2025-09-19 18:56:34,576 [ERROR] LogOutputStream:75 - [STDERR_REDIRECT] 
2025-09-19 18:56:35,587 [ERROR] LogOutputStream:75 - [STDERR_REDIRECT] [Fatal Error] :1:1: Premature end of file.
2025-09-19 18:56:35,587 [ERROR] LogOutputStream:75 - [STDERR_REDIRECT] 
2025-09-19 18:56:36,579 [ERROR] LogOutputStream:75 - [STDERR_REDIRECT] [Fatal Error] :1:1: Premature end of file.
2025-09-19 18:56:36,579 [ERROR] LogOutputStream:75 - [STDERR_REDIRECT] 
2025-09-19 18:56:37,585 [ERROR] LogOutputStream:75 - [STDERR_REDIRECT] [Fatal Error] :1:1: Premature end of file.
2025-09-19 18:56:37,585 [ERROR] LogOutputStream:75 - [STDERR_REDIRECT] 
2025-09-19 18:56:38,570 [ERROR] LogOutputStream:75 - [STDERR_REDIRECT] [Fatal Error] :1:1: Premature end of file.
2025-09-19 18:56:38,570 [ERROR] LogOutputStream:75 - [STDERR_REDIRECT] 
2025-09-19 18:56:39,586 [ERROR] LogOutputStream:75 - [STDERR_REDIRECT] [Fatal Error] :1:1: Premature end of file.
2025-09-19 18:56:39,587 [ERROR] LogOutputStream:75 - [STDERR_REDIRECT] 
2025-09-19 18:56:40,583 [ERROR] LogOutputStream:75 - [STDERR_REDIRECT] [Fatal Error] :1:1: Premature end of file.
2025-09-19 18:56:40,583 [ERROR] LogOutputStream:75 - [STDERR_REDIRECT] 
2025-09-19 18:56:41,582 [ERROR] LogOutputStream:75 - [STDERR_REDIRECT] [Fatal Error] :1:1: Premature end of file.
2025-09-19 18:56:41,582 [ERROR] LogOutputStream:75 - [STDERR_REDIRECT] 
2025-09-19 18:56:42,581 [ERROR] LogOutputStream:75 - [STDERR_REDIRECT] [Fatal Error] :1:1: Premature end of file.
2025-09-19 18:56:42,582 [ERROR] LogOutputStream:75 - [STDERR_REDIRECT] 
2025-09-19 18:56:43,569 [ERROR] LogOutputStream:75 - [STDERR_REDIRECT] [Fatal Error] :1:1: Premature end of file.
2025-09-19 18:56:43,569 [ERROR] LogOutputStream:75 - [STDERR_REDIRECT] 
2025-09-19 18:56:44,572 [ERROR] LogOutputStream:75 - [STDERR_REDIRECT] [Fatal Error] :1:1: Premature end of file.
2025-09-19 18:56:44,572 [ERROR] LogOutputStream:75 - [STDERR_REDIRECT] 
2025-09-19 18:56:45,573 [ERROR] LogOutputStream:75 - [STDERR_REDIRECT] [Fatal Error] :1:1: Premature end of file.
2025-09-19 18:56:45,573 [ERROR] LogOutputStream:75 - [STDERR_REDIRECT] 
2025-09-19 18:56:46,578 [ERROR] LogOutputStream:75 - [STDERR_REDIRECT] [Fatal Error] :1:1: Premature end of file.
2025-09-19 18:56:46,578 [ERROR] LogOutputStream:75 - [STDERR_REDIRECT] 
2025-09-19 18:56:47,574 [ERROR] LogOutputStream:75 - [STDERR_REDIRECT] [Fatal Error] :1:1: Premature end of file.
2025-09-19 18:56:47,574 [ERROR] LogOutputStream:75 - [STDERR_REDIRECT] 
2025-09-19 18:56:48,571 [ERROR] LogOutputStream:75 - [STDERR_REDIRECT] [Fatal Error] :1:1: Premature end of file.
2025-09-19 18:56:48,571 [ERROR] LogOutputStream:75 - [STDERR_REDIRECT] 
2025-09-19 18:56:49,600 [ERROR] LogOutputStream:75 - [STDERR_REDIRECT] [Fatal Error] :1:1: Premature end of file.
2025-09-19 18:56:49,601 [ERROR] LogOutputStream:75 - [STDERR_REDIRECT] 
2025-09-19 18:56:50,580 [ERROR] LogOutputStream:75 - [STDERR_REDIRECT] [Fatal Error] :1:1: Premature end of file.
2025-09-19 18:56:50,580 [ERROR] LogOutputStream:75 - [STDERR_REDIRECT] 
2025-09-19 18:56:51,581 [ERROR] LogOutputStream:75 - [STDERR_REDIRECT] [Fatal Error] :1:1: Premature end of file.
2025-09-19 18:56:51,581 [ERROR] LogOutputStream:75 - [STDERR_REDIRECT] 
2025-09-19 18:56:52,574 [ERROR] LogOutputStream:75 - [STDERR_REDIRECT] [Fatal Error] :1:1: Premature end of file.
2025-09-19 18:56:52,574 [ERROR] LogOutputStream:75 - [STDERR_REDIRECT] 
2025-09-19 18:56:53,571 [ERROR] LogOutputStream:75 - [STDERR_REDIRECT] [Fatal Error] :1:1: Premature end of file.
2025-09-19 18:56:53,571 [ERROR] LogOutputStream:75 - [STDERR_REDIRECT] 
2025-09-19 18:56:54,570 [ERROR] LogOutputStream:75 - [STDERR_REDIRECT] [Fatal Error] :1:1: Premature end of file.
2025-09-19 18:56:54,570 [ERROR] LogOutputStream:75 - [STDERR_REDIRECT] 
2025-09-19 18:56:55,585 [ERROR] LogOutputStream:75 - [STDERR_REDIRECT] [Fatal Error] :1:1: Premature end of file.
2025-09-19 18:56:55,585 [ERROR] LogOutputStream:75 - [STDERR_REDIRECT] 
2025-09-19 18:56:56,577 [ERROR] LogOutputStream:75 - [STDERR_REDIRECT] [Fatal Error] :1:1: Premature end of file.
2025-09-19 18:56:56,577 [ERROR] LogOutputStream:75 - [STDERR_REDIRECT] 
2025-09-19 18:56:57,568 [ERROR] LogOutputStream:75 - [STDERR_REDIRECT] [Fatal Error] :1:1: Premature end of file.
2025-09-19 18:56:57,568 [ERROR] LogOutputStream:75 - [STDERR_REDIRECT] 
2025-09-19 18:56:58,583 [ERROR] LogOutputStream:75 - [STDERR_REDIRECT] [Fatal Error] :1:1: Premature end of file.
2025-09-19 18:56:58,584 [ERROR] LogOutputStream:75 - [STDERR_REDIRECT] 
2025-09-19 18:56:59,575 [ERROR] LogOutputStream:75 - [STDERR_REDIRECT] [Fatal Error] :1:1: Premature end of file.
2025-09-19 18:56:59,575 [ERROR] LogOutputStream:75 - [STDERR_REDIRECT] 
2025-09-19 18:57:00,579 [ERROR] LogOutputStream:75 - [STDERR_REDIRECT] [Fatal Error] :1:1: Premature end of file.
2025-09-19 18:57:00,579 [ERROR] LogOutputStream:75 - [STDERR_REDIRECT] 
2025-09-19 18:57:01,579 [ERROR] LogOutputStream:75 - [STDERR_REDIRECT] [Fatal Error] :1:1: Premature end of file.
2025-09-19 18:57:01,579 [ERROR] LogOutputStream:75 - [STDERR_REDIRECT] 
2025-09-19 18:57:02,579 [ERROR] LogOutputStream:75 - [STDERR_REDIRECT] [Fatal Error] :1:1: Premature end of file.
2025-09-19 18:57:02,579 [ERROR] LogOutputStream:75 - [STDERR_REDIRECT] 
2025-09-19 18:57:03,582 [ERROR] LogOutputStream:75 - [STDERR_REDIRECT] [Fatal Error] :1:1: Premature end of file.
2025-09-19 18:57:03,582 [ERROR] LogOutputStream:75 - [STDERR_REDIRECT] 
2025-09-19 18:57:04,578 [ERROR] LogOutputStream:75 - [STDERR_REDIRECT] [Fatal Error] :1:1: Premature end of file.
2025-09-19 18:57:04,578 [ERROR] LogOutputStream:75 - [STDERR_REDIRECT] 
2025-09-19 18:57:05,581 [ERROR] LogOutputStream:75 - [STDERR_REDIRECT] [Fatal Error] :1:1: Premature end of file.
2025-09-19 18:57:05,581 [ERROR] LogOutputStream:75 - [STDERR_REDIRECT] 
2025-09-19 18:57:06,581 [ERROR] LogOutputStream:75 - [STDERR_REDIRECT] [Fatal Error] :1:1: Premature end of file.
2025-09-19 18:57:06,581 [ERROR] LogOutputStream:75 - [STDERR_REDIRECT] 
2025-09-19 18:57:07,575 [ERROR] LogOutputStream:75 - [STDERR_REDIRECT] [Fatal Error] :1:1: Premature end of file.
2025-09-19 18:57:07,575 [ERROR] LogOutputStream:75 - [STDERR_REDIRECT] 
2025-09-19 18:57:08,566 [ERROR] LogOutputStream:75 - [STDERR_REDIRECT] [Fatal Error] :1:1: Premature end of file.
2025-09-19 18:57:08,566 [ERROR] LogOutputStream:75 - [STDERR_REDIRECT] 
2025-09-19 18:57:09,567 [ERROR] LogOutputStream:75 - [STDERR_REDIRECT] [Fatal Error] :1:1: Premature end of file.
2025-09-19 18:57:09,568 [ERROR] LogOutputStream:75 - [STDERR_REDIRECT] 
2025-09-19 18:57:10,582 [ERROR] LogOutputStream:75 - [STDERR_REDIRECT] [Fatal Error] :1:1: Premature end of file.
2025-09-19 18:57:10,582 [ERROR] LogOutputStream:75 - [STDERR_REDIRECT] 
2025-09-19 18:57:11,575 [ERROR] LogOutputStream:75 - [STDERR_REDIRECT] [Fatal Error] :1:1: Premature end of file.
2025-09-19 18:57:11,575 [ERROR] LogOutputStream:75 - [STDERR_REDIRECT] 
2025-09-19 18:57:12,577 [ERROR] LogOutputStream:75 - [STDERR_REDIRECT] [Fatal Error] :1:1: Premature end of file.
2025-09-19 18:57:12,577 [ERROR] LogOutputStream:75 - [STDERR_REDIRECT] 
2025-09-19 18:57:13,587 [ERROR] LogOutputStream:75 - [STDERR_REDIRECT] [Fatal Error] :1:1: Premature end of file.
2025-09-19 18:57:13,587 [ERROR] LogOutputStream:75 - [STDERR_REDIRECT] 
2025-09-19 18:57:14,582 [ERROR] LogOutputStream:75 - [STDERR_REDIRECT] [Fatal Error] :1:1: Premature end of file.
2025-09-19 18:57:14,582 [ERROR] LogOutputStream:75 - [STDERR_REDIRECT] 
2025-09-19 18:57:15,581 [ERROR] LogOutputStream:75 - [STDERR_REDIRECT] [Fatal Error] :1:1: Premature end of file.
2025-09-19 18:57:15,581 [ERROR] LogOutputStream:75 - [STDERR_REDIRECT] 
2025-09-19 18:57:16,581 [ERROR] LogOutputStream:75 - [STDERR_REDIRECT] [Fatal Error] :1:1: Premature end of file.
2025-09-19 18:57:16,581 [ERROR] LogOutputStream:75 - [STDERR_REDIRECT] 
2025-09-19 18:57:17,573 [ERROR] LogOutputStream:75 - [STDERR_REDIRECT] [Fatal Error] :1:1: Premature end of file.
2025-09-19 18:57:17,573 [ERROR] LogOutputStream:75 - [STDERR_REDIRECT] 
2025-09-19 18:57:18,575 [ERROR] LogOutputStream:75 - [STDERR_REDIRECT] [Fatal Error] :1:1: Premature end of file.
2025-09-19 18:57:18,575 [ERROR] LogOutputStream:75 - [STDERR_REDIRECT] 
2025-09-19 18:57:19,574 [ERROR] LogOutputStream:75 - [STDERR_REDIRECT] [Fatal Error] :1:1: Premature end of file.
2025-09-19 18:57:19,574 [ERROR] LogOutputStream:75 - [STDERR_REDIRECT] 
2025-09-19 18:57:20,583 [ERROR] LogOutputStream:75 - [STDERR_REDIRECT] [Fatal Error] :1:1: Premature end of file.
2025-09-19 18:57:20,583 [ERROR] LogOutputStream:75 - [STDERR_REDIRECT] 
2025-09-19 18:57:21,572 [ERROR] LogOutputStream:75 - [STDERR_REDIRECT] [Fatal Error] :1:1: Premature end of file.
2025-09-19 18:57:21,572 [ERROR] LogOutputStream:75 - [STDERR_REDIRECT] 
2025-09-19 18:57:22,575 [ERROR] LogOutputStream:75 - [STDERR_REDIRECT] [Fatal Error] :1:1: Premature end of file.
2025-09-19 18:57:22,575 [ERROR] LogOutputStream:75 - [STDERR_REDIRECT] 
2025-09-19 18:57:23,578 [ERROR] LogOutputStream:75 - [STDERR_REDIRECT] [Fatal Error] :1:1: Premature end of file.
2025-09-19 18:57:23,578 [ERROR] LogOutputStream:75 - [STDERR_REDIRECT] 
2025-09-19 18:57:24,576 [ERROR] LogOutputStream:75 - [STDERR_REDIRECT] [Fatal Error] :1:1: Premature end of file.
2025-09-19 18:57:24,577 [ERROR] LogOutputStream:75 - [STDERR_REDIRECT] 
2025-09-19 18:57:25,576 [ERROR] LogOutputStream:75 - [STDERR_REDIRECT] [Fatal Error] :1:1: Premature end of file.
2025-09-19 18:57:25,576 [ERROR] LogOutputStream:75 - [STDERR_REDIRECT] 
2025-09-19 18:57:26,577 [ERROR] LogOutputStream:75 - [STDERR_REDIRECT] [Fatal Error] :1:1: Premature end of file.
2025-09-19 18:57:26,578 [ERROR] LogOutputStream:75 - [STDERR_REDIRECT] 
2025-09-19 18:57:27,572 [ERROR] LogOutputStream:75 - [STDERR_REDIRECT] [Fatal Error] :1:1: Premature end of file.
2025-09-19 18:57:27,573 [ERROR] LogOutputStream:75 - [STDERR_REDIRECT] 
2025-09-19 18:57:28,573 [ERROR] LogOutputStream:75 - [STDERR_REDIRECT] [Fatal Error] :1:1: Premature end of file.
2025-09-19 18:57:28,573 [ERROR] LogOutputStream:75 - [STDERR_REDIRECT] 
2025-09-19 18:57:29,583 [ERROR] LogOutputStream:75 - [STDERR_REDIRECT] [Fatal Error] :1:1: Premature end of file.
2025-09-19 18:57:29,583 [ERROR] LogOutputStream:75 - [STDERR_REDIRECT] 
2025-09-19 18:57:30,571 [ERROR] LogOutputStream:75 - [STDERR_REDIRECT] [Fatal Error] :1:1: Premature end of file.
2025-09-19 18:57:30,571 [ERROR] LogOutputStream:75 - [STDERR_REDIRECT] 
2025-09-19 18:57:31,573 [ERROR] LogOutputStream:75 - [STDERR_REDIRECT] [Fatal Error] :1:1: Premature end of file.
2025-09-19 18:57:31,573 [ERROR] LogOutputStream:75 - [STDERR_REDIRECT] 
2025-09-19 18:57:32,583 [ERROR] LogOutputStream:75 - [STDERR_REDIRECT] [Fatal Error] :1:1: Premature end of file.
2025-09-19 18:57:32,583 [ERROR] LogOutputStream:75 - [STDERR_REDIRECT] 
2025-09-19 18:57:33,576 [ERROR] LogOutputStream:75 - [STDERR_REDIRECT] [Fatal Error] :1:1: Premature end of file.
2025-09-19 18:57:33,577 [ERROR] LogOutputStream:75 - [STDERR_REDIRECT] 
2025-09-19 18:57:34,570 [ERROR] LogOutputStream:75 - [STDERR_REDIRECT] [Fatal Error] :1:1: Premature end of file.
2025-09-19 18:57:34,570 [ERROR] LogOutputStream:75 - [STDERR_REDIRECT] 
2025-09-19 18:57:35,570 [ERROR] LogOutputStream:75 - [STDERR_REDIRECT] [Fatal Error] :1:1: Premature end of file.
2025-09-19 18:57:35,571 [ERROR] LogOutputStream:75 - [STDERR_REDIRECT] 
2025-09-19 18:57:36,579 [ERROR] LogOutputStream:75 - [STDERR_REDIRECT] [Fatal Error] :1:1: Premature end of file.
2025-09-19 18:57:36,579 [ERROR] LogOutputStream:75 - [STDERR_REDIRECT] 
2025-09-19 18:57:37,573 [ERROR] LogOutputStream:75 - [STDERR_REDIRECT] [Fatal Error] :1:1: Premature end of file.
2025-09-19 18:57:37,573 [ERROR] LogOutputStream:75 - [STDERR_REDIRECT] 
2025-09-19 18:57:38,569 [ERROR] LogOutputStream:75 - [STDERR_REDIRECT] [Fatal Error] :1:1: Premature end of file.
2025-09-19 18:57:38,569 [ERROR] LogOutputStream:75 - [STDERR_REDIRECT] 
2025-09-19 18:57:39,571 [ERROR] LogOutputStream:75 - [STDERR_REDIRECT] [Fatal Error] :1:1: Premature end of file.
2025-09-19 18:57:39,571 [ERROR] LogOutputStream:75 - [STDERR_REDIRECT] 
2025-09-19 18:57:40,581 [ERROR] LogOutputStream:75 - [STDERR_REDIRECT] [Fatal Error] :1:1: Premature end of file.
2025-09-19 18:57:40,581 [ERROR] LogOutputStream:75 - [STDERR_REDIRECT] 
2025-09-19 18:57:41,573 [ERROR] LogOutputStream:75 - [STDERR_REDIRECT] [Fatal Error] :1:1: Premature end of file.
2025-09-19 18:57:41,574 [ERROR] LogOutputStream:75 - [STDERR_REDIRECT] 
2025-09-19 18:57:42,582 [ERROR] LogOutputStream:75 - [STDERR_REDIRECT] [Fatal Error] :1:1: Premature end of file.
2025-09-19 18:57:42,582 [ERROR] LogOutputStream:75 - [STDERR_REDIRECT] 
2025-09-19 18:57:43,580 [ERROR] LogOutputStream:75 - [STDERR_REDIRECT] [Fatal Error] :1:1: Premature end of file.
2025-09-19 18:57:43,581 [ERROR] LogOutputStream:75 - [STDERR_REDIRECT] 
2025-09-19 18:57:44,578 [ERROR] LogOutputStream:75 - [STDERR_REDIRECT] [Fatal Error] :1:1: Premature end of file.
2025-09-19 18:57:44,578 [ERROR] LogOutputStream:75 - [STDERR_REDIRECT] 
2025-09-19 18:57:45,580 [ERROR] LogOutputStream:75 - [STDERR_REDIRECT] [Fatal Error] :1:1: Premature end of file.
2025-09-19 18:57:45,580 [ERROR] LogOutputStream:75 - [STDERR_REDIRECT] 
2025-09-19 18:57:46,578 [ERROR] LogOutputStream:75 - [STDERR_REDIRECT] [Fatal Error] :1:1: Premature end of file.
2025-09-19 18:57:46,578 [ERROR] LogOutputStream:75 - [STDERR_REDIRECT] 
2025-09-19 18:57:47,570 [ERROR] LogOutputStream:75 - [STDERR_REDIRECT] [Fatal Error] :1:1: Premature end of file.
2025-09-19 18:57:47,570 [ERROR] LogOutputStream:75 - [STDERR_REDIRECT] 
2025-09-19 18:57:48,569 [ERROR] LogOutputStream:75 - [STDERR_REDIRECT] [Fatal Error] :1:1: Premature end of file.
2025-09-19 18:57:48,569 [ERROR] LogOutputStream:75 - [STDERR_REDIRECT] 
2025-09-19 18:57:49,585 [ERROR] LogOutputStream:75 - [STDERR_REDIRECT] [Fatal Error] :1:1: Premature end of file.
2025-09-19 18:57:49,585 [ERROR] LogOutputStream:75 - [STDERR_REDIRECT] 
2025-09-19 18:57:50,580 [ERROR] LogOutputStream:75 - [STDERR_REDIRECT] [Fatal Error] :1:1: Premature end of file.
2025-09-19 18:57:50,582 [ERROR] LogOutputStream:75 - [STDERR_REDIRECT] 
2025-09-19 18:57:51,579 [ERROR] LogOutputStream:75 - [STDERR_REDIRECT] [Fatal Error] :1:1: Premature end of file.
2025-09-19 18:57:51,579 [ERROR] LogOutputStream:75 - [STDERR_REDIRECT] 
2025-09-19 18:57:52,578 [ERROR] LogOutputStream:75 - [STDERR_REDIRECT] [Fatal Error] :1:1: Premature end of file.
2025-09-19 18:57:52,578 [ERROR] LogOutputStream:75 - [STDERR_REDIRECT] 
2025-09-19 18:57:53,578 [ERROR] LogOutputStream:75 - [STDERR_REDIRECT] [Fatal Error] :1:1: Premature end of file.
2025-09-19 18:57:53,578 [ERROR] LogOutputStream:75 - [STDERR_REDIRECT] 
2025-09-19 18:57:54,577 [ERROR] LogOutputStream:75 - [STDERR_REDIRECT] [Fatal Error] :1:1: Premature end of file.
2025-09-19 18:57:54,577 [ERROR] LogOutputStream:75 - [STDERR_REDIRECT] 
2025-09-19 18:57:55,574 [ERROR] LogOutputStream:75 - [STDERR_REDIRECT] [Fatal Error] :1:1: Premature end of file.
2025-09-19 18:57:55,575 [ERROR] LogOutputStream:75 - [STDERR_REDIRECT] 
2025-09-19 18:57:56,567 [ERROR] LogOutputStream:75 - [STDERR_REDIRECT] [Fatal Error] :1:1: Premature end of file.
2025-09-19 18:57:56,567 [ERROR] LogOutputStream:75 - [STDERR_REDIRECT] 
2025-09-19 18:57:57,575 [ERROR] LogOutputStream:75 - [STDERR_REDIRECT] [Fatal Error] :1:1: Premature end of file.
2025-09-19 18:57:57,575 [ERROR] LogOutputStream:75 - [STDERR_REDIRECT] 
2025-09-19 18:57:58,579 [ERROR] LogOutputStream:75 - [STDERR_REDIRECT] [Fatal Error] :1:1: Premature end of file.
2025-09-19 18:57:58,579 [ERROR] LogOutputStream:75 - [STDERR_REDIRECT] 
2025-09-19 18:57:59,580 [ERROR] LogOutputStream:75 - [STDERR_REDIRECT] [Fatal Error] :1:1: Premature end of file.
2025-09-19 18:57:59,580 [ERROR] LogOutputStream:75 - [STDERR_REDIRECT] 
2025-09-19 18:58:00,574 [ERROR] LogOutputStream:75 - [STDERR_REDIRECT] [Fatal Error] :1:1: Premature end of file.
2025-09-19 18:58:00,574 [ERROR] LogOutputStream:75 - [STDERR_REDIRECT] 
2025-09-19 18:58:01,577 [ERROR] LogOutputStream:75 - [STDERR_REDIRECT] [Fatal Error] :1:1: Premature end of file.
2025-09-19 18:58:01,578 [ERROR] LogOutputStream:75 - [STDERR_REDIRECT] 
2025-09-19 18:58:02,577 [ERROR] LogOutputStream:75 - [STDERR_REDIRECT] [Fatal Error] :1:1: Premature end of file.
2025-09-19 18:58:02,578 [ERROR] LogOutputStream:75 - [STDERR_REDIRECT] 
2025-09-19 18:58:03,578 [ERROR] LogOutputStream:75 - [STDERR_REDIRECT] [Fatal Error] :1:1: Premature end of file.
2025-09-19 18:58:03,578 [ERROR] LogOutputStream:75 - [STDERR_REDIRECT] 
2025-09-19 18:58:04,569 [ERROR] LogOutputStream:75 - [STDERR_REDIRECT] [Fatal Error] :1:1: Premature end of file.
2025-09-19 18:58:04,569 [ERROR] LogOutputStream:75 - [STDERR_REDIRECT] 
2025-09-19 18:58:05,585 [ERROR] LogOutputStream:75 - [STDERR_REDIRECT] [Fatal Error] :1:1: Premature end of file.
2025-09-19 18:58:05,585 [ERROR] LogOutputStream:75 - [STDERR_REDIRECT] 
2025-09-19 18:58:06,571 [ERROR] LogOutputStream:75 - [STDERR_REDIRECT] [Fatal Error] :1:1: Premature end of file.
2025-09-19 18:58:06,571 [ERROR] LogOutputStream:75 - [STDERR_REDIRECT] 
2025-09-19 18:58:07,611 [ERROR] LogOutputStream:75 - [STDERR_REDIRECT] [Fatal Error] :1:1: Premature end of file.
2025-09-19 18:58:07,612 [ERROR] LogOutputStream:75 - [STDERR_REDIRECT] 
2025-09-19 18:58:08,581 [ERROR] LogOutputStream:75 - [STDERR_REDIRECT] [Fatal Error] :1:1: Premature end of file.
2025-09-19 18:58:08,581 [ERROR] LogOutputStream:75 - [STDERR_REDIRECT] 
2025-09-19 18:58:09,579 [ERROR] LogOutputStream:75 - [STDERR_REDIRECT] [Fatal Error] :1:1: Premature end of file.
2025-09-19 18:58:09,579 [ERROR] LogOutputStream:75 - [STDERR_REDIRECT] 
2025-09-19 18:58:10,590 [ERROR] LogOutputStream:75 - [STDERR_REDIRECT] [Fatal Error] :1:1: Premature end of file.
2025-09-19 18:58:10,590 [ERROR] LogOutputStream:75 - [STDERR_REDIRECT] 
2025-09-19 18:58:11,587 [ERROR] LogOutputStream:75 - [STDERR_REDIRECT] [Fatal Error] :1:1: Premature end of file.
2025-09-19 18:58:11,588 [ERROR] LogOutputStream:75 - [STDERR_REDIRECT] 
2025-09-19 18:58:12,602 [ERROR] LogOutputStream:75 - [STDERR_REDIRECT] [Fatal Error] :1:1: Premature end of file.
2025-09-19 18:58:12,603 [ERROR] LogOutputStream:75 - [STDERR_REDIRECT] 
2025-09-19 18:58:13,580 [ERROR] LogOutputStream:75 - [STDERR_REDIRECT] [Fatal Error] :1:1: Premature end of file.
2025-09-19 18:58:13,580 [ERROR] LogOutputStream:75 - [STDERR_REDIRECT] 
2025-09-19 18:58:14,589 [ERROR] LogOutputStream:75 - [STDERR_REDIRECT] [Fatal Error] :1:1: Premature end of file.
2025-09-19 18:58:14,589 [ERROR] LogOutputStream:75 - [STDERR_REDIRECT] 
2025-09-19 18:58:15,585 [ERROR] LogOutputStream:75 - [STDERR_REDIRECT] [Fatal Error] :1:1: Premature end of file.
2025-09-19 18:58:15,585 [ERROR] LogOutputStream:75 - [STDERR_REDIRECT] 
2025-09-19 18:58:16,573 [ERROR] LogOutputStream:75 - [STDERR_REDIRECT] [Fatal Error] :1:1: Premature end of file.
2025-09-19 18:58:16,573 [ERROR] LogOutputStream:75 - [STDERR_REDIRECT] 
2025-09-19 18:58:17,590 [ERROR] LogOutputStream:75 - [STDERR_REDIRECT] [Fatal Error] :1:1: Premature end of file.
2025-09-19 18:58:17,591 [ERROR] LogOutputStream:75 - [STDERR_REDIRECT] 
2025-09-19 18:58:18,571 [ERROR] LogOutputStream:75 - [STDERR_REDIRECT] [Fatal Error] :1:1: Premature end of file.
2025-09-19 18:58:18,571 [ERROR] LogOutputStream:75 - [STDERR_REDIRECT] 
2025-09-19 18:58:19,583 [ERROR] LogOutputStream:75 - [STDERR_REDIRECT] [Fatal Error] :1:1: Premature end of file.
2025-09-19 18:58:19,583 [ERROR] LogOutputStream:75 - [STDERR_REDIRECT] 
2025-09-19 18:58:20,584 [ERROR] LogOutputStream:75 - [STDERR_REDIRECT] [Fatal Error] :1:1: Premature end of file.
2025-09-19 18:58:20,584 [ERROR] LogOutputStream:75 - [STDERR_REDIRECT] 
2025-09-19 18:58:21,579 [ERROR] LogOutputStream:75 - [STDERR_REDIRECT] [Fatal Error] :1:1: Premature end of file.
2025-09-19 18:58:21,579 [ERROR] LogOutputStream:75 - [STDERR_REDIRECT] 
2025-09-19 18:58:22,573 [ERROR] LogOutputStream:75 - [STDERR_REDIRECT] [Fatal Error] :1:1: Premature end of file.
2025-09-19 18:58:22,573 [ERROR] LogOutputStream:75 - [STDERR_REDIRECT] 
2025-09-19 18:58:23,586 [ERROR] LogOutputStream:75 - [STDERR_REDIRECT] [Fatal Error] :1:1: Premature end of file.
2025-09-19 18:58:23,586 [ERROR] LogOutputStream:75 - [STDERR_REDIRECT] 
2025-09-19 18:58:24,581 [ERROR] LogOutputStream:75 - [STDERR_REDIRECT] [Fatal Error] :1:1: Premature end of file.
2025-09-19 18:58:24,581 [ERROR] LogOutputStream:75 - [STDERR_REDIRECT] 
2025-09-19 18:58:25,584 [ERROR] LogOutputStream:75 - [STDERR_REDIRECT] [Fatal Error] :1:1: Premature end of file.
2025-09-19 18:58:25,585 [ERROR] LogOutputStream:75 - [STDERR_REDIRECT] 
2025-09-19 18:58:26,582 [ERROR] LogOutputStream:75 - [STDERR_REDIRECT] [Fatal Error] :1:1: Premature end of file.
2025-09-19 18:58:26,582 [ERROR] LogOutputStream:75 - [STDERR_REDIRECT] 
2025-09-19 18:58:27,574 [ERROR] LogOutputStream:75 - [STDERR_REDIRECT] [Fatal Error] :1:1: Premature end of file.
2025-09-19 18:58:27,574 [ERROR] LogOutputStream:75 - [STDERR_REDIRECT] 
2025-09-19 18:58:28,588 [ERROR] LogOutputStream:75 - [STDERR_REDIRECT] [Fatal Error] :1:1: Premature end of file.
2025-09-19 18:58:28,588 [ERROR] LogOutputStream:75 - [STDERR_REDIRECT] 
2025-09-19 18:58:29,586 [ERROR] LogOutputStream:75 - [STDERR_REDIRECT] [Fatal Error] :1:1: Premature end of file.
2025-09-19 18:58:29,586 [ERROR] LogOutputStream:75 - [STDERR_REDIRECT] 
2025-09-19 18:58:30,583 [ERROR] LogOutputStream:75 - [STDERR_REDIRECT] [Fatal Error] :1:1: Premature end of file.
2025-09-19 18:58:30,583 [ERROR] LogOutputStream:75 - [STDERR_REDIRECT] 
2025-09-19 18:58:31,576 [ERROR] LogOutputStream:75 - [STDERR_REDIRECT] [Fatal Error] :1:1: Premature end of file.
2025-09-19 18:58:31,577 [ERROR] LogOutputStream:75 - [STDERR_REDIRECT] 
2025-09-19 18:58:32,573 [ERROR] LogOutputStream:75 - [STDERR_REDIRECT] [Fatal Error] :1:1: Premature end of file.
2025-09-19 18:58:32,573 [ERROR] LogOutputStream:75 - [STDERR_REDIRECT] 
2025-09-19 18:58:33,587 [ERROR] LogOutputStream:75 - [STDERR_REDIRECT] [Fatal Error] :1:1: Premature end of file.
2025-09-19 18:58:33,587 [ERROR] LogOutputStream:75 - [STDERR_REDIRECT] 
2025-09-19 18:58:34,583 [ERROR] LogOutputStream:75 - [STDERR_REDIRECT] [Fatal Error] :1:1: Premature end of file.
2025-09-19 18:58:34,584 [ERROR] LogOutputStream:75 - [STDERR_REDIRECT] 
2025-09-19 18:58:35,580 [ERROR] LogOutputStream:75 - [STDERR_REDIRECT] [Fatal Error] :1:1: Premature end of file.
2025-09-19 18:58:35,580 [ERROR] LogOutputStream:75 - [STDERR_REDIRECT] 
2025-09-19 18:58:36,579 [ERROR] LogOutputStream:75 - [STDERR_REDIRECT] [Fatal Error] :1:1: Premature end of file.
2025-09-19 18:58:36,579 [ERROR] LogOutputStream:75 - [STDERR_REDIRECT] 
2025-09-19 18:58:37,580 [ERROR] LogOutputStream:75 - [STDERR_REDIRECT] [Fatal Error] :1:1: Premature end of file.
2025-09-19 18:58:37,580 [ERROR] LogOutputStream:75 - [STDERR_REDIRECT] 
2025-09-19 18:58:38,583 [ERROR] LogOutputStream:75 - [STDERR_REDIRECT] [Fatal Error] :1:1: Premature end of file.
2025-09-19 18:58:38,583 [ERROR] LogOutputStream:75 - [STDERR_REDIRECT] 
2025-09-19 18:58:39,580 [ERROR] LogOutputStream:75 - [STDERR_REDIRECT] [Fatal Error] :1:1: Premature end of file.
2025-09-19 18:58:39,580 [ERROR] LogOutputStream:75 - [STDERR_REDIRECT] 
2025-09-19 18:58:40,582 [ERROR] LogOutputStream:75 - [STDERR_REDIRECT] [Fatal Error] :1:1: Premature end of file.
2025-09-19 18:58:40,582 [ERROR] LogOutputStream:75 - [STDERR_REDIRECT] 
2025-09-19 18:58:41,583 [ERROR] LogOutputStream:75 - [STDERR_REDIRECT] [Fatal Error] :1:1: Premature end of file.
2025-09-19 18:58:41,583 [ERROR] LogOutputStream:75 - [STDERR_REDIRECT] 
2025-09-19 18:58:42,583 [ERROR] LogOutputStream:75 - [STDERR_REDIRECT] [Fatal Error] :1:1: Premature end of file.
2025-09-19 18:58:42,584 [ERROR] LogOutputStream:75 - [STDERR_REDIRECT] 
2025-09-19 18:58:43,580 [ERROR] LogOutputStream:75 - [STDERR_REDIRECT] [Fatal Error] :1:1: Premature end of file.
2025-09-19 18:58:43,580 [ERROR] LogOutputStream:75 - [STDERR_REDIRECT] 
2025-09-19 18:58:44,577 [ERROR] LogOutputStream:75 - [STDERR_REDIRECT] [Fatal Error] :1:1: Premature end of file.
2025-09-19 18:58:44,577 [ERROR] LogOutputStream:75 - [STDERR_REDIRECT] 
2025-09-19 18:58:45,577 [ERROR] LogOutputStream:75 - [STDERR_REDIRECT] [Fatal Error] :1:1: Premature end of file.
2025-09-19 18:58:45,577 [ERROR] LogOutputStream:75 - [STDERR_REDIRECT] 
2025-09-19 18:58:46,574 [ERROR] LogOutputStream:75 - [STDERR_REDIRECT] [Fatal Error] :1:1: Premature end of file.
2025-09-19 18:58:46,574 [ERROR] LogOutputStream:75 - [STDERR_REDIRECT] 
2025-09-19 18:58:47,579 [ERROR] LogOutputStream:75 - [STDERR_REDIRECT] [Fatal Error] :1:1: Premature end of file.
2025-09-19 18:58:47,579 [ERROR] LogOutputStream:75 - [STDERR_REDIRECT] 
2025-09-19 18:58:48,578 [ERROR] LogOutputStream:75 - [STDERR_REDIRECT] [Fatal Error] :1:1: Premature end of file.
2025-09-19 18:58:48,578 [ERROR] LogOutputStream:75 - [STDERR_REDIRECT] 
2025-09-19 18:58:49,574 [ERROR] LogOutputStream:75 - [STDERR_REDIRECT] [Fatal Error] :1:1: Premature end of file.
2025-09-19 18:58:49,574 [ERROR] LogOutputStream:75 - [STDERR_REDIRECT] 
2025-09-19 18:58:50,571 [ERROR] LogOutputStream:75 - [STDERR_REDIRECT] [Fatal Error] :1:1: Premature end of file.
2025-09-19 18:58:50,571 [ERROR] LogOutputStream:75 - [STDERR_REDIRECT] 
2025-09-19 18:58:51,570 [ERROR] LogOutputStream:75 - [STDERR_REDIRECT] [Fatal Error] :1:1: Premature end of file.
2025-09-19 18:58:51,570 [ERROR] LogOutputStream:75 - [STDERR_REDIRECT] 
2025-09-19 18:58:52,570 [ERROR] LogOutputStream:75 - [STDERR_REDIRECT] [Fatal Error] :1:1: Premature end of file.
2025-09-19 18:58:52,570 [ERROR] LogOutputStream:75 - [STDERR_REDIRECT] 
2025-09-19 18:58:53,581 [ERROR] LogOutputStream:75 - [STDERR_REDIRECT] [Fatal Error] :1:1: Premature end of file.
2025-09-19 18:58:53,581 [ERROR] LogOutputStream:75 - [STDERR_REDIRECT] 
2025-09-19 18:58:54,574 [ERROR] LogOutputStream:75 - [STDERR_REDIRECT] [Fatal Error] :1:1: Premature end of file.
2025-09-19 18:58:54,574 [ERROR] LogOutputStream:75 - [STDERR_REDIRECT] 
2025-09-19 18:58:55,574 [ERROR] LogOutputStream:75 - [STDERR_REDIRECT] [Fatal Error] :1:1: Premature end of file.
2025-09-19 18:58:55,574 [ERROR] LogOutputStream:75 - [STDERR_REDIRECT] 
2025-09-19 18:58:56,571 [ERROR] LogOutputStream:75 - [STDERR_REDIRECT] [Fatal Error] :1:1: Premature end of file.
2025-09-19 18:58:56,571 [ERROR] LogOutputStream:75 - [STDERR_REDIRECT] 
2025-09-19 18:58:57,580 [ERROR] LogOutputStream:75 - [STDERR_REDIRECT] [Fatal Error] :1:1: Premature end of file.
2025-09-19 18:58:57,580 [ERROR] LogOutputStream:75 - [STDERR_REDIRECT] 
2025-09-19 18:58:58,583 [ERROR] LogOutputStream:75 - [STDERR_REDIRECT] [Fatal Error] :1:1: Premature end of file.
2025-09-19 18:58:58,583 [ERROR] LogOutputStream:75 - [STDERR_REDIRECT] 
2025-09-19 18:58:59,584 [ERROR] LogOutputStream:75 - [STDERR_REDIRECT] [Fatal Error] :1:1: Premature end of file.
2025-09-19 18:58:59,584 [ERROR] LogOutputStream:75 - [STDERR_REDIRECT] 
2025-09-19 18:59:00,584 [ERROR] LogOutputStream:75 - [STDERR_REDIRECT] [Fatal Error] :1:1: Premature end of file.
2025-09-19 18:59:00,584 [ERROR] LogOutputStream:75 - [STDERR_REDIRECT] 
2025-09-19 18:59:01,625 [ERROR] LogOutputStream:75 - [STDERR_REDIRECT] [Fatal Error] :1:1: Premature end of file.
2025-09-19 18:59:01,627 [ERROR] LogOutputStream:75 - [STDERR_REDIRECT] 
2025-09-19 18:59:02,579 [ERROR] LogOutputStream:75 - [STDERR_REDIRECT] [Fatal Error] :1:1: Premature end of file.
2025-09-19 18:59:02,579 [ERROR] LogOutputStream:75 - [STDERR_REDIRECT] 
2025-09-19 18:59:03,577 [ERROR] LogOutputStream:75 - [STDERR_REDIRECT] [Fatal Error] :1:1: Premature end of file.
2025-09-19 18:59:03,577 [ERROR] LogOutputStream:75 - [STDERR_REDIRECT] 
2025-09-19 18:59:04,578 [ERROR] LogOutputStream:75 - [STDERR_REDIRECT] [Fatal Error] :1:1: Premature end of file.
2025-09-19 18:59:04,578 [ERROR] LogOutputStream:75 - [STDERR_REDIRECT] 
2025-09-19 18:59:05,573 [ERROR] LogOutputStream:75 - [STDERR_REDIRECT] [Fatal Error] :1:1: Premature end of file.
2025-09-19 18:59:05,574 [ERROR] LogOutputStream:75 - [STDERR_REDIRECT] 
2025-09-19 18:59:06,570 [ERROR] LogOutputStream:75 - [STDERR_REDIRECT] [Fatal Error] :1:1: Premature end of file.
2025-09-19 18:59:06,570 [ERROR] LogOutputStream:75 - [STDERR_REDIRECT] 
2025-09-19 18:59:07,574 [ERROR] LogOutputStream:75 - [STDERR_REDIRECT] [Fatal Error] :1:1: Premature end of file.
2025-09-19 18:59:07,574 [ERROR] LogOutputStream:75 - [STDERR_REDIRECT] 
2025-09-19 18:59:08,582 [ERROR] LogOutputStream:75 - [STDERR_REDIRECT] [Fatal Error] :1:1: Premature end of file.
2025-09-19 18:59:08,583 [ERROR] LogOutputStream:75 - [STDERR_REDIRECT] 
2025-09-19 18:59:09,584 [ERROR] LogOutputStream:75 - [STDERR_REDIRECT] [Fatal Error] :1:1: Premature end of file.
2025-09-19 18:59:09,584 [ERROR] LogOutputStream:75 - [STDERR_REDIRECT] 
2025-09-19 18:59:10,581 [ERROR] LogOutputStream:75 - [STDERR_REDIRECT] [Fatal Error] :1:1: Premature end of file.
2025-09-19 18:59:10,581 [ERROR] LogOutputStream:75 - [STDERR_REDIRECT] 
2025-09-19 18:59:11,579 [ERROR] LogOutputStream:75 - [STDERR_REDIRECT] [Fatal Error] :1:1: Premature end of file.
2025-09-19 18:59:11,579 [ERROR] LogOutputStream:75 - [STDERR_REDIRECT] 
2025-09-19 18:59:12,577 [ERROR] LogOutputStream:75 - [STDERR_REDIRECT] [Fatal Error] :1:1: Premature end of file.
2025-09-19 18:59:12,578 [ERROR] LogOutputStream:75 - [STDERR_REDIRECT] 
2025-09-19 18:59:13,572 [ERROR] LogOutputStream:75 - [STDERR_REDIRECT] [Fatal Error] :1:1: Premature end of file.
2025-09-19 18:59:13,572 [ERROR] LogOutputStream:75 - [STDERR_REDIRECT] 
2025-09-19 18:59:14,570 [ERROR] LogOutputStream:75 - [STDERR_REDIRECT] [Fatal Error] :1:1: Premature end of file.
2025-09-19 18:59:14,570 [ERROR] LogOutputStream:75 - [STDERR_REDIRECT] 
2025-09-19 18:59:15,574 [ERROR] LogOutputStream:75 - [STDERR_REDIRECT] [Fatal Error] :1:1: Premature end of file.
2025-09-19 18:59:15,574 [ERROR] LogOutputStream:75 - [STDERR_REDIRECT] 
2025-09-19 18:59:16,574 [ERROR] LogOutputStream:75 - [STDERR_REDIRECT] [Fatal Error] :1:1: Premature end of file.
2025-09-19 18:59:16,576 [ERROR] LogOutputStream:75 - [STDERR_REDIRECT] 
2025-09-19 18:59:17,580 [ERROR] LogOutputStream:75 - [STDERR_REDIRECT] [Fatal Error] :1:1: Premature end of file.
2025-09-19 18:59:17,580 [ERROR] LogOutputStream:75 - [STDERR_REDIRECT] 
2025-09-19 18:59:18,580 [ERROR] LogOutputStream:75 - [STDERR_REDIRECT] [Fatal Error] :1:1: Premature end of file.
2025-09-19 18:59:18,581 [ERROR] LogOutputStream:75 - [STDERR_REDIRECT] 
2025-09-19 18:59:19,584 [ERROR] LogOutputStream:75 - [STDERR_REDIRECT] [Fatal Error] :1:1: Premature end of file.
2025-09-19 18:59:19,584 [ERROR] LogOutputStream:75 - [STDERR_REDIRECT] 
2025-09-19 18:59:20,580 [ERROR] LogOutputStream:75 - [STDERR_REDIRECT] [Fatal Error] :1:1: Premature end of file.
2025-09-19 18:59:20,580 [ERROR] LogOutputStream:75 - [STDERR_REDIRECT] 
2025-09-19 18:59:21,570 [ERROR] LogOutputStream:75 - [STDERR_REDIRECT] [Fatal Error] :1:1: Premature end of file.
2025-09-19 18:59:21,570 [ERROR] LogOutputStream:75 - [STDERR_REDIRECT] 
2025-09-19 18:59:22,582 [ERROR] LogOutputStream:75 - [STDERR_REDIRECT] [Fatal Error] :1:1: Premature end of file.
2025-09-19 18:59:22,582 [ERROR] LogOutputStream:75 - [STDERR_REDIRECT] 
2025-09-19 18:59:23,573 [ERROR] LogOutputStream:75 - [STDERR_REDIRECT] [Fatal Error] :1:1: Premature end of file.
2025-09-19 18:59:23,574 [ERROR] LogOutputStream:75 - [STDERR_REDIRECT] 
2025-09-19 18:59:24,582 [ERROR] LogOutputStream:75 - [STDERR_REDIRECT] [Fatal Error] :1:1: Premature end of file.
2025-09-19 18:59:24,582 [ERROR] LogOutputStream:75 - [STDERR_REDIRECT] 
2025-09-19 18:59:25,605 [ERROR] LogOutputStream:75 - [STDERR_REDIRECT] [Fatal Error] :1:1: Premature end of file.
2025-09-19 18:59:25,605 [ERROR] LogOutputStream:75 - [STDERR_REDIRECT] 
2025-09-19 18:59:26,583 [ERROR] LogOutputStream:75 - [STDERR_REDIRECT] [Fatal Error] :1:1: Premature end of file.
2025-09-19 18:59:26,583 [ERROR] LogOutputStream:75 - [STDERR_REDIRECT] 
2025-09-19 18:59:27,575 [ERROR] LogOutputStream:75 - [STDERR_REDIRECT] [Fatal Error] :1:1: Premature end of file.
2025-09-19 18:59:27,575 [ERROR] LogOutputStream:75 - [STDERR_REDIRECT] 
2025-09-19 18:59:28,582 [ERROR] LogOutputStream:75 - [STDERR_REDIRECT] [Fatal Error] :1:1: Premature end of file.
2025-09-19 18:59:28,582 [ERROR] LogOutputStream:75 - [STDERR_REDIRECT] 
2025-09-19 18:59:29,572 [ERROR] LogOutputStream:75 - [STDERR_REDIRECT] [Fatal Error] :1:1: Premature end of file.
2025-09-19 18:59:29,572 [ERROR] LogOutputStream:75 - [STDERR_REDIRECT] 
2025-09-19 18:59:30,574 [ERROR] LogOutputStream:75 - [STDERR_REDIRECT] [Fatal Error] :1:1: Premature end of file.
2025-09-19 18:59:30,574 [ERROR] LogOutputStream:75 - [STDERR_REDIRECT] 
2025-09-19 18:59:31,573 [ERROR] LogOutputStream:75 - [STDERR_REDIRECT] [Fatal Error] :1:1: Premature end of file.
2025-09-19 18:59:31,573 [ERROR] LogOutputStream:75 - [STDERR_REDIRECT] 
2025-09-19 18:59:32,582 [ERROR] LogOutputStream:75 - [STDERR_REDIRECT] [Fatal Error] :1:1: Premature end of file.
2025-09-19 18:59:32,582 [ERROR] LogOutputStream:75 - [STDERR_REDIRECT] 
2025-09-19 18:59:33,581 [ERROR] LogOutputStream:75 - [STDERR_REDIRECT] [Fatal Error] :1:1: Premature end of file.
2025-09-19 18:59:33,581 [ERROR] LogOutputStream:75 - [STDERR_REDIRECT] 
2025-09-19 18:59:34,583 [ERROR] LogOutputStream:75 - [STDERR_REDIRECT] [Fatal Error] :1:1: Premature end of file.
2025-09-19 18:59:34,583 [ERROR] LogOutputStream:75 - [STDERR_REDIRECT] 
2025-09-19 18:59:35,584 [ERROR] LogOutputStream:75 - [STDERR_REDIRECT] [Fatal Error] :1:1: Premature end of file.
2025-09-19 18:59:35,584 [ERROR] LogOutputStream:75 - [STDERR_REDIRECT] 
2025-09-19 18:59:36,582 [ERROR] LogOutputStream:75 - [STDERR_REDIRECT] [Fatal Error] :1:1: Premature end of file.
2025-09-19 18:59:36,582 [ERROR] LogOutputStream:75 - [STDERR_REDIRECT] 
2025-09-19 18:59:37,573 [ERROR] LogOutputStream:75 - [STDERR_REDIRECT] [Fatal Error] :1:1: Premature end of file.
2025-09-19 18:59:37,573 [ERROR] LogOutputStream:75 - [STDERR_REDIRECT] 
2025-09-19 18:59:38,573 [ERROR] LogOutputStream:75 - [STDERR_REDIRECT] [Fatal Error] :1:1: Premature end of file.
2025-09-19 18:59:38,573 [ERROR] LogOutputStream:75 - [STDERR_REDIRECT] 
2025-09-19 18:59:39,591 [ERROR] LogOutputStream:75 - [STDERR_REDIRECT] [Fatal Error] :1:1: Premature end of file.
2025-09-19 18:59:39,591 [ERROR] LogOutputStream:75 - [STDERR_REDIRECT] 
2025-09-19 18:59:40,612 [ERROR] LogOutputStream:75 - [STDERR_REDIRECT] [Fatal Error] :1:1: Premature end of file.
2025-09-19 18:59:40,612 [ERROR] LogOutputStream:75 - [STDERR_REDIRECT] 
2025-09-19 18:59:41,583 [ERROR] LogOutputStream:75 - [STDERR_REDIRECT] [Fatal Error] :1:1: Premature end of file.
2025-09-19 18:59:41,583 [ERROR] LogOutputStream:75 - [STDERR_REDIRECT] 
2025-09-19 18:59:42,589 [ERROR] LogOutputStream:75 - [STDERR_REDIRECT] [Fatal Error] :1:1: Premature end of file.
2025-09-19 18:59:42,589 [ERROR] LogOutputStream:75 - [STDERR_REDIRECT] 
2025-09-19 18:59:43,595 [ERROR] LogOutputStream:75 - [STDERR_REDIRECT] [Fatal Error] :1:1: Premature end of file.
2025-09-19 18:59:43,595 [ERROR] LogOutputStream:75 - [STDERR_REDIRECT] 
2025-09-19 18:59:44,577 [ERROR] LogOutputStream:75 - [STDERR_REDIRECT] [Fatal Error] :1:1: Premature end of file.
2025-09-19 18:59:44,577 [ERROR] LogOutputStream:75 - [STDERR_REDIRECT] 
2025-09-19 18:59:45,572 [ERROR] LogOutputStream:75 - [STDERR_REDIRECT] [Fatal Error] :1:1: Premature end of file.
2025-09-19 18:59:45,572 [ERROR] LogOutputStream:75 - [STDERR_REDIRECT] 
2025-09-19 18:59:46,582 [ERROR] LogOutputStream:75 - [STDERR_REDIRECT] [Fatal Error] :1:1: Premature end of file.
2025-09-19 18:59:46,582 [ERROR] LogOutputStream:75 - [STDERR_REDIRECT] 
2025-09-19 18:59:47,571 [ERROR] LogOutputStream:75 - [STDERR_REDIRECT] [Fatal Error] :1:1: Premature end of file.
2025-09-19 18:59:47,572 [ERROR] LogOutputStream:75 - [STDERR_REDIRECT] 
2025-09-19 18:59:48,584 [ERROR] LogOutputStream:75 - [STDERR_REDIRECT] [Fatal Error] :1:1: Premature end of file.
2025-09-19 18:59:48,586 [ERROR] LogOutputStream:75 - [STDERR_REDIRECT] 
2025-09-19 18:59:49,584 [ERROR] LogOutputStream:75 - [STDERR_REDIRECT] [Fatal Error] :1:1: Premature end of file.
2025-09-19 18:59:49,584 [ERROR] LogOutputStream:75 - [STDERR_REDIRECT] 
2025-09-19 18:59:50,578 [ERROR] LogOutputStream:75 - [STDERR_REDIRECT] [Fatal Error] :1:1: Premature end of file.
2025-09-19 18:59:50,578 [ERROR] LogOutputStream:75 - [STDERR_REDIRECT] 
2025-09-19 18:59:51,577 [ERROR] LogOutputStream:75 - [STDERR_REDIRECT] [Fatal Error] :1:1: Premature end of file.
2025-09-19 18:59:51,577 [ERROR] LogOutputStream:75 - [STDERR_REDIRECT] 
2025-09-19 18:59:52,568 [ERROR] LogOutputStream:75 - [STDERR_REDIRECT] [Fatal Error] :1:1: Premature end of file.
2025-09-19 18:59:52,568 [ERROR] LogOutputStream:75 - [STDERR_REDIRECT] 
2025-09-19 18:59:53,580 [ERROR] LogOutputStream:75 - [STDERR_REDIRECT] [Fatal Error] :1:1: Premature end of file.
2025-09-19 18:59:53,580 [ERROR] LogOutputStream:75 - [STDERR_REDIRECT] 
2025-09-19 18:59:54,577 [ERROR] LogOutputStream:75 - [STDERR_REDIRECT] [Fatal Error] :1:1: Premature end of file.
2025-09-19 18:59:54,577 [ERROR] LogOutputStream:75 - [STDERR_REDIRECT] 
2025-09-19 18:59:55,567 [ERROR] LogOutputStream:75 - [STDERR_REDIRECT] [Fatal Error] :1:1: Premature end of file.
2025-09-19 18:59:55,567 [ERROR] LogOutputStream:75 - [STDERR_REDIRECT] 
2025-09-19 18:59:56,657 [ERROR] LogOutputStream:75 - [STDERR_REDIRECT] [Fatal Error] :1:1: Premature end of file.
2025-09-19 18:59:56,658 [ERROR] LogOutputStream:75 - [STDERR_REDIRECT] 
2025-09-19 18:59:57,583 [ERROR] LogOutputStream:75 - [STDERR_REDIRECT] [Fatal Error] :1:1: Premature end of file.
2025-09-19 18:59:57,583 [ERROR] LogOutputStream:75 - [STDERR_REDIRECT] 
2025-09-19 18:59:58,594 [ERROR] LogOutputStream:75 - [STDERR_REDIRECT] [Fatal Error] :1:1: Premature end of file.
2025-09-19 18:59:58,594 [ERROR] LogOutputStream:75 - [STDERR_REDIRECT] 
2025-09-19 18:59:59,583 [ERROR] LogOutputStream:75 - [STDERR_REDIRECT] [Fatal Error] :1:1: Premature end of file.
2025-09-19 18:59:59,583 [ERROR] LogOutputStream:75 - [STDERR_REDIRECT] 
2025-09-19 19:00:00,595 [ERROR] LogOutputStream:75 - [STDERR_REDIRECT] [Fatal Error] :1:1: Premature end of file.
2025-09-19 19:00:00,595 [ERROR] LogOutputStream:75 - [STDERR_REDIRECT] 
2025-09-19 19:00:01,577 [ERROR] LogOutputStream:75 - [STDERR_REDIRECT] [Fatal Error] :1:1: Premature end of file.
2025-09-19 19:00:01,577 [ERROR] LogOutputStream:75 - [STDERR_REDIRECT] 
2025-09-19 19:00:02,578 [ERROR] LogOutputStream:75 - [STDERR_REDIRECT] [Fatal Error] :1:1: Premature end of file.
2025-09-19 19:00:02,578 [ERROR] LogOutputStream:75 - [STDERR_REDIRECT] 
2025-09-19 19:00:03,573 [ERROR] LogOutputStream:75 - [STDERR_REDIRECT] [Fatal Error] :1:1: Premature end of file.
2025-09-19 19:00:03,573 [ERROR] LogOutputStream:75 - [STDERR_REDIRECT] 
2025-09-19 19:00:04,574 [ERROR] LogOutputStream:75 - [STDERR_REDIRECT] [Fatal Error] :1:1: Premature end of file.
2025-09-19 19:00:04,574 [ERROR] LogOutputStream:75 - [STDERR_REDIRECT] 
2025-09-19 19:00:05,572 [ERROR] LogOutputStream:75 - [STDERR_REDIRECT] [Fatal Error] :1:1: Premature end of file.
2025-09-19 19:00:05,572 [ERROR] LogOutputStream:75 - [STDERR_REDIRECT] 
2025-09-19 19:00:06,584 [ERROR] LogOutputStream:75 - [STDERR_REDIRECT] [Fatal Error] :1:1: Premature end of file.
2025-09-19 19:00:06,584 [ERROR] LogOutputStream:75 - [STDERR_REDIRECT] 
2025-09-19 19:00:07,580 [ERROR] LogOutputStream:75 - [STDERR_REDIRECT] [Fatal Error] :1:1: Premature end of file.
2025-09-19 19:00:07,581 [ERROR] LogOutputStream:75 - [STDERR_REDIRECT] 
2025-09-19 19:00:08,582 [ERROR] LogOutputStream:75 - [STDERR_REDIRECT] [Fatal Error] :1:1: Premature end of file.
2025-09-19 19:00:08,582 [ERROR] LogOutputStream:75 - [STDERR_REDIRECT] 
2025-09-19 19:00:09,577 [ERROR] LogOutputStream:75 - [STDERR_REDIRECT] [Fatal Error] :1:1: Premature end of file.
2025-09-19 19:00:09,577 [ERROR] LogOutputStream:75 - [STDERR_REDIRECT] 
2025-09-19 19:00:10,574 [ERROR] LogOutputStream:75 - [STDERR_REDIRECT] [Fatal Error] :1:1: Premature end of file.
2025-09-19 19:00:10,574 [ERROR] LogOutputStream:75 - [STDERR_REDIRECT] 
2025-09-19 19:00:11,570 [ERROR] LogOutputStream:75 - [STDERR_REDIRECT] [Fatal Error] :1:1: Premature end of file.
2025-09-19 19:00:11,571 [ERROR] LogOutputStream:75 - [STDERR_REDIRECT] 
2025-09-19 19:00:12,568 [ERROR] LogOutputStream:75 - [STDERR_REDIRECT] [Fatal Error] :1:1: Premature end of file.
2025-09-19 19:00:12,568 [ERROR] LogOutputStream:75 - [STDERR_REDIRECT] 
2025-09-19 19:00:13,578 [ERROR] LogOutputStream:75 - [STDERR_REDIRECT] [Fatal Error] :1:1: Premature end of file.
2025-09-19 19:00:13,578 [ERROR] LogOutputStream:75 - [STDERR_REDIRECT] 
2025-09-19 19:00:14,576 [ERROR] LogOutputStream:75 - [STDERR_REDIRECT] [Fatal Error] :1:1: Premature end of file.
2025-09-19 19:00:14,576 [ERROR] LogOutputStream:75 - [STDERR_REDIRECT] 
2025-09-19 19:00:15,571 [ERROR] LogOutputStream:75 - [STDERR_REDIRECT] [Fatal Error] :1:1: Premature end of file.
2025-09-19 19:00:15,572 [ERROR] LogOutputStream:75 - [STDERR_REDIRECT] 
2025-09-19 19:00:16,578 [ERROR] LogOutputStream:75 - [STDERR_REDIRECT] [Fatal Error] :1:1: Premature end of file.
2025-09-19 19:00:16,579 [ERROR] LogOutputStream:75 - [STDERR_REDIRECT] 
2025-09-19 19:00:17,571 [ERROR] LogOutputStream:75 - [STDERR_REDIRECT] [Fatal Error] :1:1: Premature end of file.
2025-09-19 19:00:17,571 [ERROR] LogOutputStream:75 - [STDERR_REDIRECT] 
2025-09-19 19:00:18,572 [ERROR] LogOutputStream:75 - [STDERR_REDIRECT] [Fatal Error] :1:1: Premature end of file.
2025-09-19 19:00:18,572 [ERROR] LogOutputStream:75 - [STDERR_REDIRECT] 
2025-09-19 19:00:19,569 [ERROR] LogOutputStream:75 - [STDERR_REDIRECT] [Fatal Error] :1:1: Premature end of file.
2025-09-19 19:00:19,569 [ERROR] LogOutputStream:75 - [STDERR_REDIRECT] 
2025-09-19 19:00:20,581 [ERROR] LogOutputStream:75 - [STDERR_REDIRECT] [Fatal Error] :1:1: Premature end of file.
2025-09-19 19:00:20,581 [ERROR] LogOutputStream:75 - [STDERR_REDIRECT] 
2025-09-19 19:00:21,581 [ERROR] LogOutputStream:75 - [STDERR_REDIRECT] [Fatal Error] :1:1: Premature end of file.
2025-09-19 19:00:21,581 [ERROR] LogOutputStream:75 - [STDERR_REDIRECT] 
2025-09-19 19:00:22,580 [ERROR] LogOutputStream:75 - [STDERR_REDIRECT] [Fatal Error] :1:1: Premature end of file.
2025-09-19 19:00:22,580 [ERROR] LogOutputStream:75 - [STDERR_REDIRECT] 
2025-09-19 19:00:23,580 [ERROR] LogOutputStream:75 - [STDERR_REDIRECT] [Fatal Error] :1:1: Premature end of file.
2025-09-19 19:00:23,581 [ERROR] LogOutputStream:75 - [STDERR_REDIRECT] 
2025-09-19 19:00:24,586 [ERROR] LogOutputStream:75 - [STDERR_REDIRECT] [Fatal Error] :1:1: Premature end of file.
2025-09-19 19:00:24,587 [ERROR] LogOutputStream:75 - [STDERR_REDIRECT] 
2025-09-19 19:00:25,627 [ERROR] LogOutputStream:75 - [STDERR_REDIRECT] [Fatal Error] :1:1: Premature end of file.
2025-09-19 19:00:25,627 [ERROR] LogOutputStream:75 - [STDERR_REDIRECT] 
2025-09-19 19:00:26,580 [ERROR] LogOutputStream:75 - [STDERR_REDIRECT] [Fatal Error] :1:1: Premature end of file.
2025-09-19 19:00:26,580 [ERROR] LogOutputStream:75 - [STDERR_REDIRECT] 
2025-09-19 19:00:27,582 [ERROR] LogOutputStream:75 - [STDERR_REDIRECT] [Fatal Error] :1:1: Premature end of file.
2025-09-19 19:00:27,582 [ERROR] LogOutputStream:75 - [STDERR_REDIRECT] 
2025-09-19 19:00:28,577 [ERROR] LogOutputStream:75 - [STDERR_REDIRECT] [Fatal Error] :1:1: Premature end of file.
2025-09-19 19:00:28,578 [ERROR] LogOutputStream:75 - [STDERR_REDIRECT] 
2025-09-19 19:00:29,584 [ERROR] LogOutputStream:75 - [STDERR_REDIRECT] [Fatal Error] :1:1: Premature end of file.
2025-09-19 19:00:29,586 [ERROR] LogOutputStream:75 - [STDERR_REDIRECT] 
2025-09-19 19:00:30,585 [ERROR] LogOutputStream:75 - [STDERR_REDIRECT] [Fatal Error] :1:1: Premature end of file.
2025-09-19 19:00:30,585 [ERROR] LogOutputStream:75 - [STDERR_REDIRECT] 
2025-09-19 19:00:31,579 [ERROR] LogOutputStream:75 - [STDERR_REDIRECT] [Fatal Error] :1:1: Premature end of file.
2025-09-19 19:00:31,579 [ERROR] LogOutputStream:75 - [STDERR_REDIRECT] 
2025-09-19 19:00:32,583 [ERROR] LogOutputStream:75 - [STDERR_REDIRECT] [Fatal Error] :1:1: Premature end of file.
2025-09-19 19:00:32,584 [ERROR] LogOutputStream:75 - [STDERR_REDIRECT] 
2025-09-19 19:00:33,593 [ERROR] LogOutputStream:75 - [STDERR_REDIRECT] [Fatal Error] :1:1: Premature end of file.
2025-09-19 19:00:33,593 [ERROR] LogOutputStream:75 - [STDERR_REDIRECT] 
2025-09-19 19:00:34,587 [ERROR] LogOutputStream:75 - [STDERR_REDIRECT] [Fatal Error] :1:1: Premature end of file.
2025-09-19 19:00:34,587 [ERROR] LogOutputStream:75 - [STDERR_REDIRECT] 
2025-09-19 19:00:35,578 [ERROR] LogOutputStream:75 - [STDERR_REDIRECT] [Fatal Error] :1:1: Premature end of file.
2025-09-19 19:00:35,578 [ERROR] LogOutputStream:75 - [STDERR_REDIRECT] 
2025-09-19 19:00:36,577 [ERROR] LogOutputStream:75 - [STDERR_REDIRECT] [Fatal Error] :1:1: Premature end of file.
2025-09-19 19:00:36,577 [ERROR] LogOutputStream:75 - [STDERR_REDIRECT] 
2025-09-19 19:00:37,575 [ERROR] LogOutputStream:75 - [STDERR_REDIRECT] [Fatal Error] :1:1: Premature end of file.
2025-09-19 19:00:37,575 [ERROR] LogOutputStream:75 - [STDERR_REDIRECT] 
2025-09-19 19:00:38,575 [ERROR] LogOutputStream:75 - [STDERR_REDIRECT] [Fatal Error] :1:1: Premature end of file.
2025-09-19 19:00:38,575 [ERROR] LogOutputStream:75 - [STDERR_REDIRECT] 
2025-09-19 19:00:39,578 [ERROR] LogOutputStream:75 - [STDERR_REDIRECT] [Fatal Error] :1:1: Premature end of file.
2025-09-19 19:00:39,578 [ERROR] LogOutputStream:75 - [STDERR_REDIRECT] 
2025-09-19 19:00:40,573 [ERROR] LogOutputStream:75 - [STDERR_REDIRECT] [Fatal Error] :1:1: Premature end of file.
2025-09-19 19:00:40,573 [ERROR] LogOutputStream:75 - [STDERR_REDIRECT] 
2025-09-19 19:00:41,572 [ERROR] LogOutputStream:75 - [STDERR_REDIRECT] [Fatal Error] :1:1: Premature end of file.
2025-09-19 19:00:41,572 [ERROR] LogOutputStream:75 - [STDERR_REDIRECT] 
2025-09-19 19:00:42,582 [ERROR] LogOutputStream:75 - [STDERR_REDIRECT] [Fatal Error] :1:1: Premature end of file.
2025-09-19 19:00:42,582 [ERROR] LogOutputStream:75 - [STDERR_REDIRECT] 
2025-09-19 19:00:43,578 [ERROR] LogOutputStream:75 - [STDERR_REDIRECT] [Fatal Error] :1:1: Premature end of file.
2025-09-19 19:00:43,578 [ERROR] LogOutputStream:75 - [STDERR_REDIRECT] 
2025-09-19 19:00:44,583 [ERROR] LogOutputStream:75 - [STDERR_REDIRECT] [Fatal Error] :1:1: Premature end of file.
2025-09-19 19:00:44,583 [ERROR] LogOutputStream:75 - [STDERR_REDIRECT] 
2025-09-19 19:00:45,577 [ERROR] LogOutputStream:75 - [STDERR_REDIRECT] [Fatal Error] :1:1: Premature end of file.
2025-09-19 19:00:45,578 [ERROR] LogOutputStream:75 - [STDERR_REDIRECT] 
2025-09-19 19:00:46,573 [ERROR] LogOutputStream:75 - [STDERR_REDIRECT] [Fatal Error] :1:1: Premature end of file.
2025-09-19 19:00:46,573 [ERROR] LogOutputStream:75 - [STDERR_REDIRECT] 
2025-09-19 19:00:47,585 [ERROR] LogOutputStream:75 - [STDERR_REDIRECT] [Fatal Error] :1:1: Premature end of file.
2025-09-19 19:00:47,585 [ERROR] LogOutputStream:75 - [STDERR_REDIRECT] 
2025-09-19 19:00:48,582 [ERROR] LogOutputStream:75 - [STDERR_REDIRECT] [Fatal Error] :1:1: Premature end of file.
2025-09-19 19:00:48,582 [ERROR] LogOutputStream:75 - [STDERR_REDIRECT] 
2025-09-19 19:00:49,581 [ERROR] LogOutputStream:75 - [STDERR_REDIRECT] [Fatal Error] :1:1: Premature end of file.
2025-09-19 19:00:49,581 [ERROR] LogOutputStream:75 - [STDERR_REDIRECT] 
2025-09-19 19:00:50,577 [ERROR] LogOutputStream:75 - [STDERR_REDIRECT] [Fatal Error] :1:1: Premature end of file.
2025-09-19 19:00:50,577 [ERROR] LogOutputStream:75 - [STDERR_REDIRECT] 
2025-09-19 19:00:51,580 [ERROR] LogOutputStream:75 - [STDERR_REDIRECT] [Fatal Error] :1:1: Premature end of file.
2025-09-19 19:00:51,581 [ERROR] LogOutputStream:75 - [STDERR_REDIRECT] 
2025-09-19 19:00:52,573 [ERROR] LogOutputStream:75 - [STDERR_REDIRECT] [Fatal Error] :1:1: Premature end of file.
2025-09-19 19:00:52,573 [ERROR] LogOutputStream:75 - [STDERR_REDIRECT] 
2025-09-19 19:00:53,575 [ERROR] LogOutputStream:75 - [STDERR_REDIRECT] [Fatal Error] :1:1: Premature end of file.
2025-09-19 19:00:53,575 [ERROR] LogOutputStream:75 - [STDERR_REDIRECT] 
2025-09-19 19:00:54,579 [ERROR] LogOutputStream:75 - [STDERR_REDIRECT] [Fatal Error] :1:1: Premature end of file.
2025-09-19 19:00:54,579 [ERROR] LogOutputStream:75 - [STDERR_REDIRECT] 
2025-09-19 19:00:55,578 [ERROR] LogOutputStream:75 - [STDERR_REDIRECT] [Fatal Error] :1:1: Premature end of file.
2025-09-19 19:00:55,578 [ERROR] LogOutputStream:75 - [STDERR_REDIRECT] 
2025-09-19 19:00:56,572 [ERROR] LogOutputStream:75 - [STDERR_REDIRECT] [Fatal Error] :1:1: Premature end of file.
2025-09-19 19:00:56,572 [ERROR] LogOutputStream:75 - [STDERR_REDIRECT] 
2025-09-19 19:00:57,583 [ERROR] LogOutputStream:75 - [STDERR_REDIRECT] [Fatal Error] :1:1: Premature end of file.
2025-09-19 19:00:57,584 [ERROR] LogOutputStream:75 - [STDERR_REDIRECT] 
2025-09-19 19:00:58,582 [ERROR] LogOutputStream:75 - [STDERR_REDIRECT] [Fatal Error] :1:1: Premature end of file.
2025-09-19 19:00:58,582 [ERROR] LogOutputStream:75 - [STDERR_REDIRECT] 
2025-09-19 19:00:59,580 [ERROR] LogOutputStream:75 - [STDERR_REDIRECT] [Fatal Error] :1:1: Premature end of file.
2025-09-19 19:00:59,580 [ERROR] LogOutputStream:75 - [STDERR_REDIRECT] 
2025-09-19 19:01:00,573 [ERROR] LogOutputStream:75 - [STDERR_REDIRECT] [Fatal Error] :1:1: Premature end of file.
2025-09-19 19:01:00,573 [ERROR] LogOutputStream:75 - [STDERR_REDIRECT] 
2025-09-19 19:01:01,580 [ERROR] LogOutputStream:75 - [STDERR_REDIRECT] [Fatal Error] :1:1: Premature end of file.
2025-09-19 19:01:01,582 [ERROR] LogOutputStream:75 - [STDERR_REDIRECT] 
2025-09-19 19:01:02,579 [ERROR] LogOutputStream:75 - [STDERR_REDIRECT] [Fatal Error] :1:1: Premature end of file.
2025-09-19 19:01:02,579 [ERROR] LogOutputStream:75 - [STDERR_REDIRECT] 
2025-09-19 19:01:03,584 [ERROR] LogOutputStream:75 - [STDERR_REDIRECT] [Fatal Error] :1:1: Premature end of file.
2025-09-19 19:01:03,584 [ERROR] LogOutputStream:75 - [STDERR_REDIRECT] 
2025-09-19 19:01:04,584 [ERROR] LogOutputStream:75 - [STDERR_REDIRECT] [Fatal Error] :1:1: Premature end of file.
2025-09-19 19:01:04,584 [ERROR] LogOutputStream:75 - [STDERR_REDIRECT] 
2025-09-19 19:01:05,579 [ERROR] LogOutputStream:75 - [STDERR_REDIRECT] [Fatal Error] :1:1: Premature end of file.
2025-09-19 19:01:05,579 [ERROR] LogOutputStream:75 - [STDERR_REDIRECT] 
2025-09-19 19:01:06,573 [ERROR] LogOutputStream:75 - [STDERR_REDIRECT] [Fatal Error] :1:1: Premature end of file.
2025-09-19 19:01:06,573 [ERROR] LogOutputStream:75 - [STDERR_REDIRECT] 
2025-09-19 19:01:07,570 [ERROR] LogOutputStream:75 - [STDERR_REDIRECT] [Fatal Error] :1:1: Premature end of file.
2025-09-19 19:01:07,570 [ERROR] LogOutputStream:75 - [STDERR_REDIRECT] 
2025-09-19 19:01:08,593 [ERROR] LogOutputStream:75 - [STDERR_REDIRECT] [Fatal Error] :1:1: Premature end of file.
2025-09-19 19:01:08,593 [ERROR] LogOutputStream:75 - [STDERR_REDIRECT] 
2025-09-19 19:01:09,616 [ERROR] LogOutputStream:75 - [STDERR_REDIRECT] [Fatal Error] :1:1: Premature end of file.
2025-09-19 19:01:09,617 [ERROR] LogOutputStream:75 - [STDERR_REDIRECT] 
2025-09-19 19:01:10,577 [ERROR] LogOutputStream:75 - [STDERR_REDIRECT] [Fatal Error] :1:1: Premature end of file.
2025-09-19 19:01:10,577 [ERROR] LogOutputStream:75 - [STDERR_REDIRECT] 
2025-09-19 19:01:11,593 [ERROR] LogOutputStream:75 - [STDERR_REDIRECT] [Fatal Error] :1:1: Premature end of file.
2025-09-19 19:01:11,593 [ERROR] LogOutputStream:75 - [STDERR_REDIRECT] 
2025-09-19 19:01:12,590 [ERROR] LogOutputStream:75 - [STDERR_REDIRECT] [Fatal Error] :1:1: Premature end of file.
2025-09-19 19:01:12,590 [ERROR] LogOutputStream:75 - [STDERR_REDIRECT] 
2025-09-19 19:01:13,589 [ERROR] LogOutputStream:75 - [STDERR_REDIRECT] [Fatal Error] :1:1: Premature end of file.
2025-09-19 19:01:13,589 [ERROR] LogOutputStream:75 - [STDERR_REDIRECT] 
2025-09-19 19:01:14,591 [ERROR] LogOutputStream:75 - [STDERR_REDIRECT] [Fatal Error] :1:1: Premature end of file.
2025-09-19 19:01:14,591 [ERROR] LogOutputStream:75 - [STDERR_REDIRECT] 
2025-09-19 19:01:15,604 [ERROR] LogOutputStream:75 - [STDERR_REDIRECT] [Fatal Error] :1:1: Premature end of file.
2025-09-19 19:01:15,604 [ERROR] LogOutputStream:75 - [STDERR_REDIRECT] 
2025-09-19 19:01:16,581 [ERROR] LogOutputStream:75 - [STDERR_REDIRECT] [Fatal Error] :1:1: Premature end of file.
2025-09-19 19:01:16,581 [ERROR] LogOutputStream:75 - [STDERR_REDIRECT] 
2025-09-19 19:01:17,585 [ERROR] LogOutputStream:75 - [STDERR_REDIRECT] [Fatal Error] :1:1: Premature end of file.
2025-09-19 19:01:17,585 [ERROR] LogOutputStream:75 - [STDERR_REDIRECT] 
2025-09-19 19:01:18,600 [ERROR] LogOutputStream:75 - [STDERR_REDIRECT] [Fatal Error] :1:1: Premature end of file.
2025-09-19 19:01:18,600 [ERROR] LogOutputStream:75 - [STDERR_REDIRECT] 
2025-09-19 19:01:19,597 [ERROR] LogOutputStream:75 - [STDERR_REDIRECT] [Fatal Error] :1:1: Premature end of file.
2025-09-19 19:01:19,598 [ERROR] LogOutputStream:75 - [STDERR_REDIRECT] 
2025-09-19 19:01:20,596 [ERROR] LogOutputStream:75 - [STDERR_REDIRECT] [Fatal Error] :1:1: Premature end of file.
2025-09-19 19:01:20,596 [ERROR] LogOutputStream:75 - [STDERR_REDIRECT] 
2025-09-19 19:01:21,594 [ERROR] LogOutputStream:75 - [STDERR_REDIRECT] [Fatal Error] :1:1: Premature end of file.
2025-09-19 19:01:21,595 [ERROR] LogOutputStream:75 - [STDERR_REDIRECT] 
2025-09-19 19:01:22,582 [ERROR] LogOutputStream:75 - [STDERR_REDIRECT] [Fatal Error] :1:1: Premature end of file.
2025-09-19 19:01:22,582 [ERROR] LogOutputStream:75 - [STDERR_REDIRECT] 
2025-09-19 19:01:23,573 [ERROR] LogOutputStream:75 - [STDERR_REDIRECT] [Fatal Error] :1:1: Premature end of file.
2025-09-19 19:01:23,573 [ERROR] LogOutputStream:75 - [STDERR_REDIRECT] 
2025-09-19 19:01:24,568 [ERROR] LogOutputStream:75 - [STDERR_REDIRECT] [Fatal Error] :1:1: Premature end of file.
2025-09-19 19:01:24,569 [ERROR] LogOutputStream:75 - [STDERR_REDIRECT] 
2025-09-19 19:01:25,571 [ERROR] LogOutputStream:75 - [STDERR_REDIRECT] [Fatal Error] :1:1: Premature end of file.
2025-09-19 19:01:25,573 [ERROR] LogOutputStream:75 - [STDERR_REDIRECT] 
2025-09-19 19:01:26,588 [ERROR] LogOutputStream:75 - [STDERR_REDIRECT] [Fatal Error] :1:1: Premature end of file.
2025-09-19 19:01:26,588 [ERROR] LogOutputStream:75 - [STDERR_REDIRECT] 
2025-09-19 19:01:27,581 [ERROR] LogOutputStream:75 - [STDERR_REDIRECT] [Fatal Error] :1:1: Premature end of file.
2025-09-19 19:01:27,581 [ERROR] LogOutputStream:75 - [STDERR_REDIRECT] 
2025-09-19 19:01:28,579 [ERROR] LogOutputStream:75 - [STDERR_REDIRECT] [Fatal Error] :1:1: Premature end of file.
2025-09-19 19:01:28,579 [ERROR] LogOutputStream:75 - [STDERR_REDIRECT] 
2025-09-19 19:01:29,573 [ERROR] LogOutputStream:75 - [STDERR_REDIRECT] [Fatal Error] :1:1: Premature end of file.
2025-09-19 19:01:29,573 [ERROR] LogOutputStream:75 - [STDERR_REDIRECT] 
2025-09-19 19:01:30,579 [ERROR] LogOutputStream:75 - [STDERR_REDIRECT] [Fatal Error] :1:1: Premature end of file.
2025-09-19 19:01:30,580 [ERROR] LogOutputStream:75 - [STDERR_REDIRECT] 
2025-09-19 19:01:31,578 [ERROR] LogOutputStream:75 - [STDERR_REDIRECT] [Fatal Error] :1:1: Premature end of file.
2025-09-19 19:01:31,578 [ERROR] LogOutputStream:75 - [STDERR_REDIRECT] 
2025-09-19 19:01:32,587 [ERROR] LogOutputStream:75 - [STDERR_REDIRECT] [Fatal Error] :1:1: Premature end of file.
2025-09-19 19:01:32,587 [ERROR] LogOutputStream:75 - [STDERR_REDIRECT] 
2025-09-19 19:01:33,578 [ERROR] LogOutputStream:75 - [STDERR_REDIRECT] [Fatal Error] :1:1: Premature end of file.
2025-09-19 19:01:33,578 [ERROR] LogOutputStream:75 - [STDERR_REDIRECT] 
2025-09-19 19:01:34,573 [ERROR] LogOutputStream:75 - [STDERR_REDIRECT] [Fatal Error] :1:1: Premature end of file.
2025-09-19 19:01:34,575 [ERROR] LogOutputStream:75 - [STDERR_REDIRECT] 
2025-09-19 19:01:35,573 [ERROR] LogOutputStream:75 - [STDERR_REDIRECT] [Fatal Error] :1:1: Premature end of file.
2025-09-19 19:01:35,573 [ERROR] LogOutputStream:75 - [STDERR_REDIRECT] 
2025-09-19 19:01:36,578 [ERROR] LogOutputStream:75 - [STDERR_REDIRECT] [Fatal Error] :1:1: Premature end of file.
2025-09-19 19:01:36,578 [ERROR] LogOutputStream:75 - [STDERR_REDIRECT] 
2025-09-19 19:01:37,580 [ERROR] LogOutputStream:75 - [STDERR_REDIRECT] [Fatal Error] :1:1: Premature end of file.
2025-09-19 19:01:37,580 [ERROR] LogOutputStream:75 - [STDERR_REDIRECT] 
2025-09-19 19:01:38,581 [ERROR] LogOutputStream:75 - [STDERR_REDIRECT] [Fatal Error] :1:1: Premature end of file.
2025-09-19 19:01:38,581 [ERROR] LogOutputStream:75 - [STDERR_REDIRECT] 
2025-09-19 19:01:39,575 [ERROR] LogOutputStream:75 - [STDERR_REDIRECT] [Fatal Error] :1:1: Premature end of file.
2025-09-19 19:01:39,576 [ERROR] LogOutputStream:75 - [STDERR_REDIRECT] 
2025-09-19 19:01:40,579 [ERROR] LogOutputStream:75 - [STDERR_REDIRECT] [Fatal Error] :1:1: Premature end of file.
2025-09-19 19:01:40,579 [ERROR] LogOutputStream:75 - [STDERR_REDIRECT] 
2025-09-19 19:01:41,598 [ERROR] LogOutputStream:75 - [STDERR_REDIRECT] [Fatal Error] :1:1: Premature end of file.
2025-09-19 19:01:41,598 [ERROR] LogOutputStream:75 - [STDERR_REDIRECT] 
2025-09-19 19:01:42,575 [ERROR] LogOutputStream:75 - [STDERR_REDIRECT] [Fatal Error] :1:1: Premature end of file.
2025-09-19 19:01:42,576 [ERROR] LogOutputStream:75 - [STDERR_REDIRECT] 
2025-09-19 19:01:43,582 [ERROR] LogOutputStream:75 - [STDERR_REDIRECT] [Fatal Error] :1:1: Premature end of file.
2025-09-19 19:01:43,582 [ERROR] LogOutputStream:75 - [STDERR_REDIRECT] 
2025-09-19 19:01:44,577 [ERROR] LogOutputStream:75 - [STDERR_REDIRECT] [Fatal Error] :1:1: Premature end of file.
2025-09-19 19:01:44,577 [ERROR] LogOutputStream:75 - [STDERR_REDIRECT] 
2025-09-19 19:01:45,579 [ERROR] LogOutputStream:75 - [STDERR_REDIRECT] [Fatal Error] :1:1: Premature end of file.
2025-09-19 19:01:45,580 [ERROR] LogOutputStream:75 - [STDERR_REDIRECT] 
2025-09-19 19:01:46,569 [ERROR] LogOutputStream:75 - [STDERR_REDIRECT] [Fatal Error] :1:1: Premature end of file.
2025-09-19 19:01:46,569 [ERROR] LogOutputStream:75 - [STDERR_REDIRECT] 
2025-09-19 19:01:47,584 [ERROR] LogOutputStream:75 - [STDERR_REDIRECT] [Fatal Error] :1:1: Premature end of file.
2025-09-19 19:01:47,584 [ERROR] LogOutputStream:75 - [STDERR_REDIRECT] 
2025-09-19 19:01:48,572 [ERROR] LogOutputStream:75 - [STDERR_REDIRECT] [Fatal Error] :1:1: Premature end of file.
2025-09-19 19:01:48,572 [ERROR] LogOutputStream:75 - [STDERR_REDIRECT] 
2025-09-19 19:01:49,580 [ERROR] LogOutputStream:75 - [STDERR_REDIRECT] [Fatal Error] :1:1: Premature end of file.
2025-09-19 19:01:49,581 [ERROR] LogOutputStream:75 - [STDERR_REDIRECT] 
2025-09-19 19:01:50,570 [ERROR] LogOutputStream:75 - [STDERR_REDIRECT] [Fatal Error] :1:1: Premature end of file.
2025-09-19 19:01:50,571 [ERROR] LogOutputStream:75 - [STDERR_REDIRECT] 
2025-09-19 19:01:51,578 [ERROR] LogOutputStream:75 - [STDERR_REDIRECT] [Fatal Error] :1:1: Premature end of file.
2025-09-19 19:01:51,578 [ERROR] LogOutputStream:75 - [STDERR_REDIRECT] 
2025-09-19 19:01:52,581 [ERROR] LogOutputStream:75 - [STDERR_REDIRECT] [Fatal Error] :1:1: Premature end of file.
2025-09-19 19:01:52,581 [ERROR] LogOutputStream:75 - [STDERR_REDIRECT] 
2025-09-19 19:01:53,579 [ERROR] LogOutputStream:75 - [STDERR_REDIRECT] [Fatal Error] :1:1: Premature end of file.
2025-09-19 19:01:53,579 [ERROR] LogOutputStream:75 - [STDERR_REDIRECT] 
2025-09-19 19:01:54,569 [ERROR] LogOutputStream:75 - [STDERR_REDIRECT] [Fatal Error] :1:1: Premature end of file.
2025-09-19 19:01:54,569 [ERROR] LogOutputStream:75 - [STDERR_REDIRECT] 
2025-09-19 19:01:55,581 [ERROR] LogOutputStream:75 - [STDERR_REDIRECT] [Fatal Error] :1:1: Premature end of file.
2025-09-19 19:01:55,581 [ERROR] LogOutputStream:75 - [STDERR_REDIRECT] 
2025-09-19 19:01:56,580 [ERROR] LogOutputStream:75 - [STDERR_REDIRECT] [Fatal Error] :1:1: Premature end of file.
2025-09-19 19:01:56,581 [ERROR] LogOutputStream:75 - [STDERR_REDIRECT] 
2025-09-19 19:01:57,579 [ERROR] LogOutputStream:75 - [STDERR_REDIRECT] [Fatal Error] :1:1: Premature end of file.
2025-09-19 19:01:57,579 [ERROR] LogOutputStream:75 - [STDERR_REDIRECT] 
2025-09-19 19:01:58,577 [ERROR] LogOutputStream:75 - [STDERR_REDIRECT] [Fatal Error] :1:1: Premature end of file.
2025-09-19 19:01:58,577 [ERROR] LogOutputStream:75 - [STDERR_REDIRECT] 
2025-09-19 19:01:59,571 [ERROR] LogOutputStream:75 - [STDERR_REDIRECT] [Fatal Error] :1:1: Premature end of file.
2025-09-19 19:01:59,571 [ERROR] LogOutputStream:75 - [STDERR_REDIRECT] 
2025-09-19 19:02:00,573 [ERROR] LogOutputStream:75 - [STDERR_REDIRECT] [Fatal Error] :1:1: Premature end of file.
2025-09-19 19:02:00,574 [ERROR] LogOutputStream:75 - [STDERR_REDIRECT] 
2025-09-19 19:02:01,581 [ERROR] LogOutputStream:75 - [STDERR_REDIRECT] [Fatal Error] :1:1: Premature end of file.
2025-09-19 19:02:01,581 [ERROR] LogOutputStream:75 - [STDERR_REDIRECT] 
2025-09-19 19:02:02,581 [ERROR] LogOutputStream:75 - [STDERR_REDIRECT] [Fatal Error] :1:1: Premature end of file.
2025-09-19 19:02:02,581 [ERROR] LogOutputStream:75 - [STDERR_REDIRECT] 
2025-09-19 19:02:03,576 [ERROR] LogOutputStream:75 - [STDERR_REDIRECT] [Fatal Error] :1:1: Premature end of file.
2025-09-19 19:02:03,576 [ERROR] LogOutputStream:75 - [STDERR_REDIRECT] 
2025-09-19 19:02:04,570 [ERROR] LogOutputStream:75 - [STDERR_REDIRECT] [Fatal Error] :1:1: Premature end of file.
2025-09-19 19:02:04,570 [ERROR] LogOutputStream:75 - [STDERR_REDIRECT] 
2025-09-19 19:02:05,584 [ERROR] LogOutputStream:75 - [STDERR_REDIRECT] [Fatal Error] :1:1: Premature end of file.
2025-09-19 19:02:05,584 [ERROR] LogOutputStream:75 - [STDERR_REDIRECT] 
2025-09-19 19:02:06,579 [ERROR] LogOutputStream:75 - [STDERR_REDIRECT] [Fatal Error] :1:1: Premature end of file.
2025-09-19 19:02:06,579 [ERROR] LogOutputStream:75 - [STDERR_REDIRECT] 
2025-09-19 19:02:07,581 [ERROR] LogOutputStream:75 - [STDERR_REDIRECT] [Fatal Error] :1:1: Premature end of file.
2025-09-19 19:02:07,582 [ERROR] LogOutputStream:75 - [STDERR_REDIRECT] 
2025-09-19 19:02:08,576 [ERROR] LogOutputStream:75 - [STDERR_REDIRECT] [Fatal Error] :1:1: Premature end of file.
2025-09-19 19:02:08,576 [ERROR] LogOutputStream:75 - [STDERR_REDIRECT] 
2025-09-19 19:02:09,578 [ERROR] LogOutputStream:75 - [STDERR_REDIRECT] [Fatal Error] :1:1: Premature end of file.
2025-09-19 19:02:09,578 [ERROR] LogOutputStream:75 - [STDERR_REDIRECT] 
2025-09-19 19:02:10,575 [ERROR] LogOutputStream:75 - [STDERR_REDIRECT] [Fatal Error] :1:1: Premature end of file.
2025-09-19 19:02:10,575 [ERROR] LogOutputStream:75 - [STDERR_REDIRECT] 
2025-09-19 19:02:11,575 [ERROR] LogOutputStream:75 - [STDERR_REDIRECT] [Fatal Error] :1:1: Premature end of file.
2025-09-19 19:02:11,575 [ERROR] LogOutputStream:75 - [STDERR_REDIRECT] 
2025-09-19 19:02:12,583 [ERROR] LogOutputStream:75 - [STDERR_REDIRECT] [Fatal Error] :1:1: Premature end of file.
2025-09-19 19:02:12,583 [ERROR] LogOutputStream:75 - [STDERR_REDIRECT] 
2025-09-19 19:02:13,572 [ERROR] LogOutputStream:75 - [STDERR_REDIRECT] [Fatal Error] :1:1: Premature end of file.
2025-09-19 19:02:13,572 [ERROR] LogOutputStream:75 - [STDERR_REDIRECT] 
2025-09-19 19:02:14,581 [ERROR] LogOutputStream:75 - [STDERR_REDIRECT] [Fatal Error] :1:1: Premature end of file.
2025-09-19 19:02:14,581 [ERROR] LogOutputStream:75 - [STDERR_REDIRECT] 
2025-09-19 19:02:15,580 [ERROR] LogOutputStream:75 - [STDERR_REDIRECT] [Fatal Error] :1:1: Premature end of file.
2025-09-19 19:02:15,580 [ERROR] LogOutputStream:75 - [STDERR_REDIRECT] 
2025-09-19 19:02:16,581 [ERROR] LogOutputStream:75 - [STDERR_REDIRECT] [Fatal Error] :1:1: Premature end of file.
2025-09-19 19:02:16,581 [ERROR] LogOutputStream:75 - [STDERR_REDIRECT] 
2025-09-19 19:02:17,571 [ERROR] LogOutputStream:75 - [STDERR_REDIRECT] [Fatal Error] :1:1: Premature end of file.
2025-09-19 19:02:17,571 [ERROR] LogOutputStream:75 - [STDERR_REDIRECT] 
2025-09-19 19:02:18,569 [ERROR] LogOutputStream:75 - [STDERR_REDIRECT] [Fatal Error] :1:1: Premature end of file.
2025-09-19 19:02:18,570 [ERROR] LogOutputStream:75 - [STDERR_REDIRECT] 
2025-09-19 19:02:19,586 [ERROR] LogOutputStream:75 - [STDERR_REDIRECT] [Fatal Error] :1:1: Premature end of file.
2025-09-19 19:02:19,586 [ERROR] LogOutputStream:75 - [STDERR_REDIRECT] 
2025-09-19 19:02:20,580 [ERROR] LogOutputStream:75 - [STDERR_REDIRECT] [Fatal Error] :1:1: Premature end of file.
2025-09-19 19:02:20,580 [ERROR] LogOutputStream:75 - [STDERR_REDIRECT] 
2025-09-19 19:02:21,567 [ERROR] LogOutputStream:75 - [STDERR_REDIRECT] [Fatal Error] :1:1: Premature end of file.
2025-09-19 19:02:21,567 [ERROR] LogOutputStream:75 - [STDERR_REDIRECT] 
2025-09-19 19:02:22,581 [ERROR] LogOutputStream:75 - [STDERR_REDIRECT] [Fatal Error] :1:1: Premature end of file.
2025-09-19 19:02:22,581 [ERROR] LogOutputStream:75 - [STDERR_REDIRECT] 
2025-09-19 19:02:23,577 [ERROR] LogOutputStream:75 - [STDERR_REDIRECT] [Fatal Error] :1:1: Premature end of file.
2025-09-19 19:02:23,577 [ERROR] LogOutputStream:75 - [STDERR_REDIRECT] 
2025-09-19 19:02:24,586 [ERROR] LogOutputStream:75 - [STDERR_REDIRECT] [Fatal Error] :1:1: Premature end of file.
2025-09-19 19:02:24,586 [ERROR] LogOutputStream:75 - [STDERR_REDIRECT] 
2025-09-19 19:02:25,578 [ERROR] LogOutputStream:75 - [STDERR_REDIRECT] [Fatal Error] :1:1: Premature end of file.
2025-09-19 19:02:25,578 [ERROR] LogOutputStream:75 - [STDERR_REDIRECT] 
2025-09-19 19:02:26,576 [ERROR] LogOutputStream:75 - [STDERR_REDIRECT] [Fatal Error] :1:1: Premature end of file.
2025-09-19 19:02:26,576 [ERROR] LogOutputStream:75 - [STDERR_REDIRECT] 
2025-09-19 19:02:27,581 [ERROR] LogOutputStream:75 - [STDERR_REDIRECT] [Fatal Error] :1:1: Premature end of file.
2025-09-19 19:02:27,583 [ERROR] LogOutputStream:75 - [STDERR_REDIRECT] 
2025-09-19 19:02:28,580 [ERROR] LogOutputStream:75 - [STDERR_REDIRECT] [Fatal Error] :1:1: Premature end of file.
2025-09-19 19:02:28,582 [ERROR] LogOutputStream:75 - [STDERR_REDIRECT] 
2025-09-19 19:02:29,587 [ERROR] LogOutputStream:75 - [STDERR_REDIRECT] [Fatal Error] :1:1: Premature end of file.
2025-09-19 19:02:29,588 [ERROR] LogOutputStream:75 - [STDERR_REDIRECT] 
2025-09-19 19:02:30,578 [ERROR] LogOutputStream:75 - [STDERR_REDIRECT] [Fatal Error] :1:1: Premature end of file.
2025-09-19 19:02:30,578 [ERROR] LogOutputStream:75 - [STDERR_REDIRECT] 
2025-09-19 19:02:31,576 [ERROR] LogOutputStream:75 - [STDERR_REDIRECT] [Fatal Error] :1:1: Premature end of file.
2025-09-19 19:02:31,576 [ERROR] LogOutputStream:75 - [STDERR_REDIRECT] 
2025-09-19 19:02:32,584 [ERROR] LogOutputStream:75 - [STDERR_REDIRECT] [Fatal Error] :1:1: Premature end of file.
2025-09-19 19:02:32,584 [ERROR] LogOutputStream:75 - [STDERR_REDIRECT] 
2025-09-19 19:02:33,581 [ERROR] LogOutputStream:75 - [STDERR_REDIRECT] [Fatal Error] :1:1: Premature end of file.
2025-09-19 19:02:33,581 [ERROR] LogOutputStream:75 - [STDERR_REDIRECT] 
2025-09-19 19:02:34,582 [ERROR] LogOutputStream:75 - [STDERR_REDIRECT] [Fatal Error] :1:1: Premature end of file.
2025-09-19 19:02:34,582 [ERROR] LogOutputStream:75 - [STDERR_REDIRECT] 
2025-09-19 19:02:35,575 [ERROR] LogOutputStream:75 - [STDERR_REDIRECT] [Fatal Error] :1:1: Premature end of file.
2025-09-19 19:02:35,576 [ERROR] LogOutputStream:75 - [STDERR_REDIRECT] 
2025-09-19 19:02:36,573 [ERROR] LogOutputStream:75 - [STDERR_REDIRECT] [Fatal Error] :1:1: Premature end of file.
2025-09-19 19:02:36,573 [ERROR] LogOutputStream:75 - [STDERR_REDIRECT] 
2025-09-19 19:02:37,570 [ERROR] LogOutputStream:75 - [STDERR_REDIRECT] [Fatal Error] :1:1: Premature end of file.
2025-09-19 19:02:37,570 [ERROR] LogOutputStream:75 - [STDERR_REDIRECT] 
2025-09-19 19:02:38,583 [ERROR] LogOutputStream:75 - [STDERR_REDIRECT] [Fatal Error] :1:1: Premature end of file.
2025-09-19 19:02:38,583 [ERROR] LogOutputStream:75 - [STDERR_REDIRECT] 
2025-09-19 19:02:39,580 [ERROR] LogOutputStream:75 - [STDERR_REDIRECT] [Fatal Error] :1:1: Premature end of file.
2025-09-19 19:02:39,580 [ERROR] LogOutputStream:75 - [STDERR_REDIRECT] 
2025-09-19 19:02:40,578 [ERROR] LogOutputStream:75 - [STDERR_REDIRECT] [Fatal Error] :1:1: Premature end of file.
2025-09-19 19:02:40,578 [ERROR] LogOutputStream:75 - [STDERR_REDIRECT] 
2025-09-19 19:02:41,570 [ERROR] LogOutputStream:75 - [STDERR_REDIRECT] [Fatal Error] :1:1: Premature end of file.
2025-09-19 19:02:41,570 [ERROR] LogOutputStream:75 - [STDERR_REDIRECT] 
2025-09-19 19:02:42,569 [ERROR] LogOutputStream:75 - [STDERR_REDIRECT] [Fatal Error] :1:1: Premature end of file.
2025-09-19 19:02:42,569 [ERROR] LogOutputStream:75 - [STDERR_REDIRECT] 
2025-09-19 19:02:43,582 [ERROR] LogOutputStream:75 - [STDERR_REDIRECT] [Fatal Error] :1:1: Premature end of file.
2025-09-19 19:02:43,582 [ERROR] LogOutputStream:75 - [STDERR_REDIRECT] 
2025-09-19 19:02:44,582 [ERROR] LogOutputStream:75 - [STDERR_REDIRECT] [Fatal Error] :1:1: Premature end of file.
2025-09-19 19:02:44,583 [ERROR] LogOutputStream:75 - [STDERR_REDIRECT] 
2025-09-19 19:02:45,577 [ERROR] LogOutputStream:75 - [STDERR_REDIRECT] [Fatal Error] :1:1: Premature end of file.
2025-09-19 19:02:45,577 [ERROR] LogOutputStream:75 - [STDERR_REDIRECT] 
2025-09-19 19:02:46,575 [ERROR] LogOutputStream:75 - [STDERR_REDIRECT] [Fatal Error] :1:1: Premature end of file.
2025-09-19 19:02:46,575 [ERROR] LogOutputStream:75 - [STDERR_REDIRECT] 
2025-09-19 19:02:47,575 [ERROR] LogOutputStream:75 - [STDERR_REDIRECT] [Fatal Error] :1:1: Premature end of file.
2025-09-19 19:02:47,575 [ERROR] LogOutputStream:75 - [STDERR_REDIRECT] 
2025-09-19 19:02:48,572 [ERROR] LogOutputStream:75 - [STDERR_REDIRECT] [Fatal Error] :1:1: Premature end of file.
2025-09-19 19:02:48,572 [ERROR] LogOutputStream:75 - [STDERR_REDIRECT] 
2025-09-19 19:02:49,570 [ERROR] LogOutputStream:75 - [STDERR_REDIRECT] [Fatal Error] :1:1: Premature end of file.
2025-09-19 19:02:49,572 [ERROR] LogOutputStream:75 - [STDERR_REDIRECT] 
2025-09-19 19:02:50,568 [ERROR] LogOutputStream:75 - [STDERR_REDIRECT] [Fatal Error] :1:1: Premature end of file.
2025-09-19 19:02:50,568 [ERROR] LogOutputStream:75 - [STDERR_REDIRECT] 
2025-09-19 19:02:51,586 [ERROR] LogOutputStream:75 - [STDERR_REDIRECT] [Fatal Error] :1:1: Premature end of file.
2025-09-19 19:02:51,586 [ERROR] LogOutputStream:75 - [STDERR_REDIRECT] 
2025-09-19 19:02:52,603 [ERROR] LogOutputStream:75 - [STDERR_REDIRECT] [Fatal Error] :1:1: Premature end of file.
2025-09-19 19:02:52,603 [ERROR] LogOutputStream:75 - [STDERR_REDIRECT] 
2025-09-19 19:02:53,586 [ERROR] LogOutputStream:75 - [STDERR_REDIRECT] [Fatal Error] :1:1: Premature end of file.
2025-09-19 19:02:53,587 [ERROR] LogOutputStream:75 - [STDERR_REDIRECT] 
2025-09-19 19:02:54,569 [ERROR] LogOutputStream:75 - [STDERR_REDIRECT] [Fatal Error] :1:1: Premature end of file.
2025-09-19 19:02:54,569 [ERROR] LogOutputStream:75 - [STDERR_REDIRECT] 
2025-09-19 19:02:55,577 [ERROR] LogOutputStream:75 - [STDERR_REDIRECT] [Fatal Error] :1:1: Premature end of file.
2025-09-19 19:02:55,577 [ERROR] LogOutputStream:75 - [STDERR_REDIRECT] 
2025-09-19 19:02:56,573 [ERROR] LogOutputStream:75 - [STDERR_REDIRECT] [Fatal Error] :1:1: Premature end of file.
2025-09-19 19:02:56,574 [ERROR] LogOutputStream:75 - [STDERR_REDIRECT] 
2025-09-19 19:02:57,576 [ERROR] LogOutputStream:75 - [STDERR_REDIRECT] [Fatal Error] :1:1: Premature end of file.
2025-09-19 19:02:57,576 [ERROR] LogOutputStream:75 - [STDERR_REDIRECT] 
2025-09-19 19:02:58,571 [ERROR] LogOutputStream:75 - [STDERR_REDIRECT] [Fatal Error] :1:1: Premature end of file.
2025-09-19 19:02:58,571 [ERROR] LogOutputStream:75 - [STDERR_REDIRECT] 
2025-09-19 19:02:59,575 [ERROR] LogOutputStream:75 - [STDERR_REDIRECT] [Fatal Error] :1:1: Premature end of file.
2025-09-19 19:02:59,576 [ERROR] LogOutputStream:75 - [STDERR_REDIRECT] 
2025-09-19 19:03:00,583 [ERROR] LogOutputStream:75 - [STDERR_REDIRECT] [Fatal Error] :1:1: Premature end of file.
2025-09-19 19:03:00,584 [ERROR] LogOutputStream:75 - [STDERR_REDIRECT] 
2025-09-19 19:03:01,582 [ERROR] LogOutputStream:75 - [STDERR_REDIRECT] [Fatal Error] :1:1: Premature end of file.
2025-09-19 19:03:01,582 [ERROR] LogOutputStream:75 - [STDERR_REDIRECT] 
2025-09-19 19:03:02,583 [ERROR] LogOutputStream:75 - [STDERR_REDIRECT] [Fatal Error] :1:1: Premature end of file.
2025-09-19 19:03:02,583 [ERROR] LogOutputStream:75 - [STDERR_REDIRECT] 
2025-09-19 19:03:03,579 [ERROR] LogOutputStream:75 - [STDERR_REDIRECT] [Fatal Error] :1:1: Premature end of file.
2025-09-19 19:03:03,579 [ERROR] LogOutputStream:75 - [STDERR_REDIRECT] 
2025-09-19 19:03:04,581 [ERROR] LogOutputStream:75 - [STDERR_REDIRECT] [Fatal Error] :1:1: Premature end of file.
2025-09-19 19:03:04,581 [ERROR] LogOutputStream:75 - [STDERR_REDIRECT] 
2025-09-19 19:03:05,580 [ERROR] LogOutputStream:75 - [STDERR_REDIRECT] [Fatal Error] :1:1: Premature end of file.
2025-09-19 19:03:05,580 [ERROR] LogOutputStream:75 - [STDERR_REDIRECT] 
2025-09-19 19:03:06,577 [ERROR] LogOutputStream:75 - [STDERR_REDIRECT] [Fatal Error] :1:1: Premature end of file.
2025-09-19 19:03:06,577 [ERROR] LogOutputStream:75 - [STDERR_REDIRECT] 
2025-09-19 19:03:07,581 [ERROR] LogOutputStream:75 - [STDERR_REDIRECT] [Fatal Error] :1:1: Premature end of file.
2025-09-19 19:03:07,581 [ERROR] LogOutputStream:75 - [STDERR_REDIRECT] 
2025-09-19 19:03:08,594 [ERROR] LogOutputStream:75 - [STDERR_REDIRECT] [Fatal Error] :1:1: Premature end of file.
2025-09-19 19:03:08,594 [ERROR] LogOutputStream:75 - [STDERR_REDIRECT] 
2025-09-19 19:03:09,583 [ERROR] LogOutputStream:75 - [STDERR_REDIRECT] [Fatal Error] :1:1: Premature end of file.
2025-09-19 19:03:09,583 [ERROR] LogOutputStream:75 - [STDERR_REDIRECT] 
2025-09-19 19:03:10,597 [ERROR] LogOutputStream:75 - [STDERR_REDIRECT] [Fatal Error] :1:1: Premature end of file.
2025-09-19 19:03:10,597 [ERROR] LogOutputStream:75 - [STDERR_REDIRECT] 
2025-09-19 19:03:11,579 [ERROR] LogOutputStream:75 - [STDERR_REDIRECT] [Fatal Error] :1:1: Premature end of file.
2025-09-19 19:03:11,579 [ERROR] LogOutputStream:75 - [STDERR_REDIRECT] 
2025-09-19 19:03:12,579 [ERROR] LogOutputStream:75 - [STDERR_REDIRECT] [Fatal Error] :1:1: Premature end of file.
2025-09-19 19:03:12,580 [ERROR] LogOutputStream:75 - [STDERR_REDIRECT] 
2025-09-19 19:03:13,576 [ERROR] LogOutputStream:75 - [STDERR_REDIRECT] [Fatal Error] :1:1: Premature end of file.
2025-09-19 19:03:13,576 [ERROR] LogOutputStream:75 - [STDERR_REDIRECT] 
2025-09-19 19:03:14,584 [ERROR] LogOutputStream:75 - [STDERR_REDIRECT] [Fatal Error] :1:1: Premature end of file.
2025-09-19 19:03:14,584 [ERROR] LogOutputStream:75 - [STDERR_REDIRECT] 
2025-09-19 19:03:15,574 [ERROR] LogOutputStream:75 - [STDERR_REDIRECT] [Fatal Error] :1:1: Premature end of file.
2025-09-19 19:03:15,575 [ERROR] LogOutputStream:75 - [STDERR_REDIRECT] 
2025-09-19 19:03:16,591 [ERROR] LogOutputStream:75 - [STDERR_REDIRECT] [Fatal Error] :1:1: Premature end of file.
2025-09-19 19:03:16,591 [ERROR] LogOutputStream:75 - [STDERR_REDIRECT] 
2025-09-19 19:03:17,575 [ERROR] LogOutputStream:75 - [STDERR_REDIRECT] [Fatal Error] :1:1: Premature end of file.
2025-09-19 19:03:17,575 [ERROR] LogOutputStream:75 - [STDERR_REDIRECT] 
2025-09-19 19:03:18,617 [ERROR] LogOutputStream:75 - [STDERR_REDIRECT] [Fatal Error] :1:1: Premature end of file.
2025-09-19 19:03:18,617 [ERROR] LogOutputStream:75 - [STDERR_REDIRECT] 
2025-09-19 19:03:19,580 [ERROR] LogOutputStream:75 - [STDERR_REDIRECT] [Fatal Error] :1:1: Premature end of file.
2025-09-19 19:03:19,580 [ERROR] LogOutputStream:75 - [STDERR_REDIRECT] 
2025-09-19 19:03:20,574 [ERROR] LogOutputStream:75 - [STDERR_REDIRECT] [Fatal Error] :1:1: Premature end of file.
2025-09-19 19:03:20,575 [ERROR] LogOutputStream:75 - [STDERR_REDIRECT] 
2025-09-19 19:03:21,575 [ERROR] LogOutputStream:75 - [STDERR_REDIRECT] [Fatal Error] :1:1: Premature end of file.
2025-09-19 19:03:21,575 [ERROR] LogOutputStream:75 - [STDERR_REDIRECT] 
2025-09-19 19:03:22,578 [ERROR] LogOutputStream:75 - [STDERR_REDIRECT] [Fatal Error] :1:1: Premature end of file.
2025-09-19 19:03:22,579 [ERROR] LogOutputStream:75 - [STDERR_REDIRECT] 
2025-09-19 19:03:23,578 [ERROR] LogOutputStream:75 - [STDERR_REDIRECT] [Fatal Error] :1:1: Premature end of file.
2025-09-19 19:03:23,578 [ERROR] LogOutputStream:75 - [STDERR_REDIRECT] 
2025-09-19 19:03:24,571 [ERROR] LogOutputStream:75 - [STDERR_REDIRECT] [Fatal Error] :1:1: Premature end of file.
2025-09-19 19:03:24,571 [ERROR] LogOutputStream:75 - [STDERR_REDIRECT] 
2025-09-19 19:03:25,578 [ERROR] LogOutputStream:75 - [STDERR_REDIRECT] [Fatal Error] :1:1: Premature end of file.
2025-09-19 19:03:25,578 [ERROR] LogOutputStream:75 - [STDERR_REDIRECT] 
2025-09-19 19:03:26,579 [ERROR] LogOutputStream:75 - [STDERR_REDIRECT] [Fatal Error] :1:1: Premature end of file.
2025-09-19 19:03:26,579 [ERROR] LogOutputStream:75 - [STDERR_REDIRECT] 
2025-09-19 19:03:27,571 [ERROR] LogOutputStream:75 - [STDERR_REDIRECT] [Fatal Error] :1:1: Premature end of file.
2025-09-19 19:03:27,571 [ERROR] LogOutputStream:75 - [STDERR_REDIRECT] 
2025-09-19 19:03:28,585 [ERROR] LogOutputStream:75 - [STDERR_REDIRECT] [Fatal Error] :1:1: Premature end of file.
2025-09-19 19:03:28,585 [ERROR] LogOutputStream:75 - [STDERR_REDIRECT] 
2025-09-19 19:03:29,574 [ERROR] LogOutputStream:75 - [STDERR_REDIRECT] [Fatal Error] :1:1: Premature end of file.
2025-09-19 19:03:29,575 [ERROR] LogOutputStream:75 - [STDERR_REDIRECT] 
2025-09-19 19:03:30,574 [ERROR] LogOutputStream:75 - [STDERR_REDIRECT] [Fatal Error] :1:1: Premature end of file.
2025-09-19 19:03:30,574 [ERROR] LogOutputStream:75 - [STDERR_REDIRECT] 
2025-09-19 19:03:31,580 [ERROR] LogOutputStream:75 - [STDERR_REDIRECT] [Fatal Error] :1:1: Premature end of file.
2025-09-19 19:03:31,580 [ERROR] LogOutputStream:75 - [STDERR_REDIRECT] 
2025-09-19 19:03:32,582 [ERROR] LogOutputStream:75 - [STDERR_REDIRECT] [Fatal Error] :1:1: Premature end of file.
2025-09-19 19:03:32,582 [ERROR] LogOutputStream:75 - [STDERR_REDIRECT] 
2025-09-19 19:03:33,580 [ERROR] LogOutputStream:75 - [STDERR_REDIRECT] [Fatal Error] :1:1: Premature end of file.
2025-09-19 19:03:33,580 [ERROR] LogOutputStream:75 - [STDERR_REDIRECT] 
2025-09-19 19:03:34,583 [ERROR] LogOutputStream:75 - [STDERR_REDIRECT] [Fatal Error] :1:1: Premature end of file.
2025-09-19 19:03:34,584 [ERROR] LogOutputStream:75 - [STDERR_REDIRECT] 
2025-09-19 19:03:35,582 [ERROR] LogOutputStream:75 - [STDERR_REDIRECT] [Fatal Error] :1:1: Premature end of file.
2025-09-19 19:03:35,582 [ERROR] LogOutputStream:75 - [STDERR_REDIRECT] 
2025-09-19 19:03:36,569 [ERROR] LogOutputStream:75 - [STDERR_REDIRECT] [Fatal Error] :1:1: Premature end of file.
2025-09-19 19:03:36,569 [ERROR] LogOutputStream:75 - [STDERR_REDIRECT] 
2025-09-19 19:03:37,569 [ERROR] LogOutputStream:75 - [STDERR_REDIRECT] [Fatal Error] :1:1: Premature end of file.
2025-09-19 19:03:37,569 [ERROR] LogOutputStream:75 - [STDERR_REDIRECT] 
2025-09-19 19:03:38,582 [ERROR] LogOutputStream:75 - [STDERR_REDIRECT] [Fatal Error] :1:1: Premature end of file.
2025-09-19 19:03:38,584 [ERROR] LogOutputStream:75 - [STDERR_REDIRECT] 
2025-09-19 19:03:39,585 [ERROR] LogOutputStream:75 - [STDERR_REDIRECT] [Fatal Error] :1:1: Premature end of file.
2025-09-19 19:03:39,585 [ERROR] LogOutputStream:75 - [STDERR_REDIRECT] 
2025-09-19 19:03:40,588 [ERROR] LogOutputStream:75 - [STDERR_REDIRECT] [Fatal Error] :1:1: Premature end of file.
2025-09-19 19:03:40,588 [ERROR] LogOutputStream:75 - [STDERR_REDIRECT] 
2025-09-19 19:03:41,566 [ERROR] LogOutputStream:75 - [STDERR_REDIRECT] [Fatal Error] :1:1: Premature end of file.
2025-09-19 19:03:41,567 [ERROR] LogOutputStream:75 - [STDERR_REDIRECT] 
2025-09-19 19:03:42,580 [ERROR] LogOutputStream:75 - [STDERR_REDIRECT] [Fatal Error] :1:1: Premature end of file.
2025-09-19 19:03:42,580 [ERROR] LogOutputStream:75 - [STDERR_REDIRECT] 
2025-09-19 19:03:43,577 [ERROR] LogOutputStream:75 - [STDERR_REDIRECT] [Fatal Error] :1:1: Premature end of file.
2025-09-19 19:03:43,577 [ERROR] LogOutputStream:75 - [STDERR_REDIRECT] 
2025-09-19 19:03:44,578 [ERROR] LogOutputStream:75 - [STDERR_REDIRECT] [Fatal Error] :1:1: Premature end of file.
2025-09-19 19:03:44,578 [ERROR] LogOutputStream:75 - [STDERR_REDIRECT] 
2025-09-19 19:03:45,573 [ERROR] LogOutputStream:75 - [STDERR_REDIRECT] [Fatal Error] :1:1: Premature end of file.
2025-09-19 19:03:45,573 [ERROR] LogOutputStream:75 - [STDERR_REDIRECT] 
2025-09-19 19:03:46,571 [ERROR] LogOutputStream:75 - [STDERR_REDIRECT] [Fatal Error] :1:1: Premature end of file.
2025-09-19 19:03:46,571 [ERROR] LogOutputStream:75 - [STDERR_REDIRECT] 
2025-09-19 19:03:47,572 [ERROR] LogOutputStream:75 - [STDERR_REDIRECT] [Fatal Error] :1:1: Premature end of file.
2025-09-19 19:03:47,572 [ERROR] LogOutputStream:75 - [STDERR_REDIRECT] 
2025-09-19 19:03:48,578 [ERROR] LogOutputStream:75 - [STDERR_REDIRECT] [Fatal Error] :1:1: Premature end of file.
2025-09-19 19:03:48,578 [ERROR] LogOutputStream:75 - [STDERR_REDIRECT] 
2025-09-19 19:03:49,583 [ERROR] LogOutputStream:75 - [STDERR_REDIRECT] [Fatal Error] :1:1: Premature end of file.
2025-09-19 19:03:49,583 [ERROR] LogOutputStream:75 - [STDERR_REDIRECT] 
2025-09-19 19:03:50,580 [ERROR] LogOutputStream:75 - [STDERR_REDIRECT] [Fatal Error] :1:1: Premature end of file.
2025-09-19 19:03:50,580 [ERROR] LogOutputStream:75 - [STDERR_REDIRECT] 
2025-09-19 19:03:51,578 [ERROR] LogOutputStream:75 - [STDERR_REDIRECT] [Fatal Error] :1:1: Premature end of file.
2025-09-19 19:03:51,578 [ERROR] LogOutputStream:75 - [STDERR_REDIRECT] 
2025-09-19 19:03:52,584 [ERROR] LogOutputStream:75 - [STDERR_REDIRECT] [Fatal Error] :1:1: Premature end of file.
2025-09-19 19:03:52,584 [ERROR] LogOutputStream:75 - [STDERR_REDIRECT] 
2025-09-19 19:03:53,577 [ERROR] LogOutputStream:75 - [STDERR_REDIRECT] [Fatal Error] :1:1: Premature end of file.
2025-09-19 19:03:53,579 [ERROR] LogOutputStream:75 - [STDERR_REDIRECT] 
2025-09-19 19:03:54,580 [ERROR] LogOutputStream:75 - [STDERR_REDIRECT] [Fatal Error] :1:1: Premature end of file.
2025-09-19 19:03:54,580 [ERROR] LogOutputStream:75 - [STDERR_REDIRECT] 
2025-09-19 19:03:55,579 [ERROR] LogOutputStream:75 - [STDERR_REDIRECT] [Fatal Error] :1:1: Premature end of file.
2025-09-19 19:03:55,579 [ERROR] LogOutputStream:75 - [STDERR_REDIRECT] 
2025-09-19 19:03:56,576 [ERROR] LogOutputStream:75 - [STDERR_REDIRECT] [Fatal Error] :1:1: Premature end of file.
2025-09-19 19:03:56,576 [ERROR] LogOutputStream:75 - [STDERR_REDIRECT] 
2025-09-19 19:03:57,577 [ERROR] LogOutputStream:75 - [STDERR_REDIRECT] [Fatal Error] :1:1: Premature end of file.
2025-09-19 19:03:57,578 [ERROR] LogOutputStream:75 - [STDERR_REDIRECT] 
2025-09-19 19:03:58,577 [ERROR] LogOutputStream:75 - [STDERR_REDIRECT] [Fatal Error] :1:1: Premature end of file.
2025-09-19 19:03:58,577 [ERROR] LogOutputStream:75 - [STDERR_REDIRECT] 
2025-09-19 19:03:59,584 [ERROR] LogOutputStream:75 - [STDERR_REDIRECT] [Fatal Error] :1:1: Premature end of file.
2025-09-19 19:03:59,584 [ERROR] LogOutputStream:75 - [STDERR_REDIRECT] 
2025-09-19 19:04:00,581 [ERROR] LogOutputStream:75 - [STDERR_REDIRECT] [Fatal Error] :1:1: Premature end of file.
2025-09-19 19:04:00,581 [ERROR] LogOutputStream:75 - [STDERR_REDIRECT] 
2025-09-19 19:04:01,578 [ERROR] LogOutputStream:75 - [STDERR_REDIRECT] [Fatal Error] :1:1: Premature end of file.
2025-09-19 19:04:01,578 [ERROR] LogOutputStream:75 - [STDERR_REDIRECT] 
2025-09-19 19:04:02,576 [ERROR] LogOutputStream:75 - [STDERR_REDIRECT] [Fatal Error] :1:1: Premature end of file.
2025-09-19 19:04:02,576 [ERROR] LogOutputStream:75 - [STDERR_REDIRECT] 
2025-09-19 19:04:03,576 [ERROR] LogOutputStream:75 - [STDERR_REDIRECT] [Fatal Error] :1:1: Premature end of file.
2025-09-19 19:04:03,576 [ERROR] LogOutputStream:75 - [STDERR_REDIRECT] 
2025-09-19 19:04:04,582 [ERROR] LogOutputStream:75 - [STDERR_REDIRECT] [Fatal Error] :1:1: Premature end of file.
2025-09-19 19:04:04,582 [ERROR] LogOutputStream:75 - [STDERR_REDIRECT] 
2025-09-19 19:04:05,576 [ERROR] LogOutputStream:75 - [STDERR_REDIRECT] [Fatal Error] :1:1: Premature end of file.
2025-09-19 19:04:05,576 [ERROR] LogOutputStream:75 - [STDERR_REDIRECT] 
2025-09-19 19:04:06,571 [ERROR] LogOutputStream:75 - [STDERR_REDIRECT] [Fatal Error] :1:1: Premature end of file.
2025-09-19 19:04:06,572 [ERROR] LogOutputStream:75 - [STDERR_REDIRECT] 
2025-09-19 19:04:07,581 [ERROR] LogOutputStream:75 - [STDERR_REDIRECT] [Fatal Error] :1:1: Premature end of file.
2025-09-19 19:04:07,581 [ERROR] LogOutputStream:75 - [STDERR_REDIRECT] 
2025-09-19 19:04:08,573 [ERROR] LogOutputStream:75 - [STDERR_REDIRECT] [Fatal Error] :1:1: Premature end of file.
2025-09-19 19:04:08,573 [ERROR] LogOutputStream:75 - [STDERR_REDIRECT] 
2025-09-19 19:04:09,572 [ERROR] LogOutputStream:75 - [STDERR_REDIRECT] [Fatal Error] :1:1: Premature end of file.
2025-09-19 19:04:09,572 [ERROR] LogOutputStream:75 - [STDERR_REDIRECT] 
2025-09-19 19:04:10,569 [ERROR] LogOutputStream:75 - [STDERR_REDIRECT] [Fatal Error] :1:1: Premature end of file.
2025-09-19 19:04:10,569 [ERROR] LogOutputStream:75 - [STDERR_REDIRECT] 
2025-09-19 19:04:11,586 [ERROR] LogOutputStream:75 - [STDERR_REDIRECT] [Fatal Error] :1:1: Premature end of file.
2025-09-19 19:04:11,586 [ERROR] LogOutputStream:75 - [STDERR_REDIRECT] 
2025-09-19 19:04:12,582 [ERROR] LogOutputStream:75 - [STDERR_REDIRECT] [Fatal Error] :1:1: Premature end of file.
2025-09-19 19:04:12,582 [ERROR] LogOutputStream:75 - [STDERR_REDIRECT] 
2025-09-19 19:04:13,580 [ERROR] LogOutputStream:75 - [STDERR_REDIRECT] [Fatal Error] :1:1: Premature end of file.
2025-09-19 19:04:13,580 [ERROR] LogOutputStream:75 - [STDERR_REDIRECT] 
2025-09-19 19:04:14,582 [ERROR] LogOutputStream:75 - [STDERR_REDIRECT] [Fatal Error] :1:1: Premature end of file.
2025-09-19 19:04:14,582 [ERROR] LogOutputStream:75 - [STDERR_REDIRECT] 
2025-09-19 19:04:15,586 [ERROR] LogOutputStream:75 - [STDERR_REDIRECT] [Fatal Error] :1:1: Premature end of file.
2025-09-19 19:04:15,586 [ERROR] LogOutputStream:75 - [STDERR_REDIRECT] 
2025-09-19 19:04:16,589 [ERROR] LogOutputStream:75 - [STDERR_REDIRECT] [Fatal Error] :1:1: Premature end of file.
2025-09-19 19:04:16,589 [ERROR] LogOutputStream:75 - [STDERR_REDIRECT] 
2025-09-19 19:04:17,585 [ERROR] LogOutputStream:75 - [STDERR_REDIRECT] [Fatal Error] :1:1: Premature end of file.
2025-09-19 19:04:17,585 [ERROR] LogOutputStream:75 - [STDERR_REDIRECT] 
2025-09-19 19:04:18,584 [ERROR] LogOutputStream:75 - [STDERR_REDIRECT] [Fatal Error] :1:1: Premature end of file.
2025-09-19 19:04:18,586 [ERROR] LogOutputStream:75 - [STDERR_REDIRECT] 
2025-09-19 19:04:19,587 [ERROR] LogOutputStream:75 - [STDERR_REDIRECT] [Fatal Error] :1:1: Premature end of file.
2025-09-19 19:04:19,587 [ERROR] LogOutputStream:75 - [STDERR_REDIRECT] 
2025-09-19 19:04:20,582 [ERROR] LogOutputStream:75 - [STDERR_REDIRECT] [Fatal Error] :1:1: Premature end of file.
2025-09-19 19:04:20,582 [ERROR] LogOutputStream:75 - [STDERR_REDIRECT] 
2025-09-19 19:04:21,570 [ERROR] LogOutputStream:75 - [STDERR_REDIRECT] [Fatal Error] :1:1: Premature end of file.
2025-09-19 19:04:21,571 [ERROR] LogOutputStream:75 - [STDERR_REDIRECT] 
2025-09-19 19:04:22,569 [ERROR] LogOutputStream:75 - [STDERR_REDIRECT] [Fatal Error] :1:1: Premature end of file.
2025-09-19 19:04:22,569 [ERROR] LogOutputStream:75 - [STDERR_REDIRECT] 
2025-09-19 19:04:23,571 [ERROR] LogOutputStream:75 - [STDERR_REDIRECT] [Fatal Error] :1:1: Premature end of file.
2025-09-19 19:04:23,571 [ERROR] LogOutputStream:75 - [STDERR_REDIRECT] 
2025-09-19 19:04:24,577 [ERROR] LogOutputStream:75 - [STDERR_REDIRECT] [Fatal Error] :1:1: Premature end of file.
2025-09-19 19:04:24,577 [ERROR] LogOutputStream:75 - [STDERR_REDIRECT] 
2025-09-19 19:04:25,591 [ERROR] LogOutputStream:75 - [STDERR_REDIRECT] [Fatal Error] :1:1: Premature end of file.
2025-09-19 19:04:25,591 [ERROR] LogOutputStream:75 - [STDERR_REDIRECT] 
2025-09-19 19:04:26,631 [ERROR] LogOutputStream:75 - [STDERR_REDIRECT] [Fatal Error] :1:1: Premature end of file.
2025-09-19 19:04:26,631 [ERROR] LogOutputStream:75 - [STDERR_REDIRECT] 
2025-09-19 19:04:27,602 [ERROR] LogOutputStream:75 - [STDERR_REDIRECT] [Fatal Error] :1:1: Premature end of file.
2025-09-19 19:04:27,602 [ERROR] LogOutputStream:75 - [STDERR_REDIRECT] 
2025-09-19 19:04:28,579 [ERROR] LogOutputStream:75 - [STDERR_REDIRECT] [Fatal Error] :1:1: Premature end of file.
2025-09-19 19:04:28,580 [ERROR] LogOutputStream:75 - [STDERR_REDIRECT] 
2025-09-19 19:04:29,628 [ERROR] LogOutputStream:75 - [STDERR_REDIRECT] [Fatal Error] :1:1: Premature end of file.
2025-09-19 19:04:29,629 [ERROR] LogOutputStream:75 - [STDERR_REDIRECT] 
2025-09-19 19:04:30,580 [ERROR] LogOutputStream:75 - [STDERR_REDIRECT] [Fatal Error] :1:1: Premature end of file.
2025-09-19 19:04:30,580 [ERROR] LogOutputStream:75 - [STDERR_REDIRECT] 
2025-09-19 19:04:31,590 [ERROR] LogOutputStream:75 - [STDERR_REDIRECT] [Fatal Error] :1:1: Premature end of file.
2025-09-19 19:04:31,590 [ERROR] LogOutputStream:75 - [STDERR_REDIRECT] 
2025-09-19 19:04:32,578 [ERROR] LogOutputStream:75 - [STDERR_REDIRECT] [Fatal Error] :1:1: Premature end of file.
2025-09-19 19:04:32,578 [ERROR] LogOutputStream:75 - [STDERR_REDIRECT] 
2025-09-19 19:04:33,579 [ERROR] LogOutputStream:75 - [STDERR_REDIRECT] [Fatal Error] :1:1: Premature end of file.
2025-09-19 19:04:33,579 [ERROR] LogOutputStream:75 - [STDERR_REDIRECT] 
2025-09-19 19:04:34,606 [ERROR] LogOutputStream:75 - [STDERR_REDIRECT] [Fatal Error] :1:1: Premature end of file.
2025-09-19 19:04:34,606 [ERROR] LogOutputStream:75 - [STDERR_REDIRECT] 
2025-09-19 19:04:35,577 [ERROR] LogOutputStream:75 - [STDERR_REDIRECT] [Fatal Error] :1:1: Premature end of file.
2025-09-19 19:04:35,577 [ERROR] LogOutputStream:75 - [STDERR_REDIRECT] 
2025-09-19 19:04:36,599 [ERROR] LogOutputStream:75 - [STDERR_REDIRECT] [Fatal Error] :1:1: Premature end of file.
2025-09-19 19:04:36,599 [ERROR] LogOutputStream:75 - [STDERR_REDIRECT] 
2025-09-19 19:04:37,584 [ERROR] LogOutputStream:75 - [STDERR_REDIRECT] [Fatal Error] :1:1: Premature end of file.
2025-09-19 19:04:37,585 [ERROR] LogOutputStream:75 - [STDERR_REDIRECT] 
2025-09-19 19:04:38,586 [ERROR] LogOutputStream:75 - [STDERR_REDIRECT] [Fatal Error] :1:1: Premature end of file.
2025-09-19 19:04:38,586 [ERROR] LogOutputStream:75 - [STDERR_REDIRECT] 
2025-09-19 19:04:39,585 [ERROR] LogOutputStream:75 - [STDERR_REDIRECT] [Fatal Error] :1:1: Premature end of file.
2025-09-19 19:04:39,585 [ERROR] LogOutputStream:75 - [STDERR_REDIRECT] 
2025-09-19 19:04:40,583 [ERROR] LogOutputStream:75 - [STDERR_REDIRECT] [Fatal Error] :1:1: Premature end of file.
2025-09-19 19:04:40,583 [ERROR] LogOutputStream:75 - [STDERR_REDIRECT] 
2025-09-19 19:04:41,596 [ERROR] LogOutputStream:75 - [STDERR_REDIRECT] [Fatal Error] :1:1: Premature end of file.
2025-09-19 19:04:41,596 [ERROR] LogOutputStream:75 - [STDERR_REDIRECT] 
2025-09-19 19:04:42,581 [ERROR] LogOutputStream:75 - [STDERR_REDIRECT] [Fatal Error] :1:1: Premature end of file.
2025-09-19 19:04:42,581 [ERROR] LogOutputStream:75 - [STDERR_REDIRECT] 
2025-09-19 19:04:43,581 [ERROR] LogOutputStream:75 - [STDERR_REDIRECT] [Fatal Error] :1:1: Premature end of file.
2025-09-19 19:04:43,581 [ERROR] LogOutputStream:75 - [STDERR_REDIRECT] 
2025-09-19 19:04:44,577 [ERROR] LogOutputStream:75 - [STDERR_REDIRECT] [Fatal Error] :1:1: Premature end of file.
2025-09-19 19:04:44,577 [ERROR] LogOutputStream:75 - [STDERR_REDIRECT] 
2025-09-19 19:04:45,580 [ERROR] LogOutputStream:75 - [STDERR_REDIRECT] [Fatal Error] :1:1: Premature end of file.
2025-09-19 19:04:45,580 [ERROR] LogOutputStream:75 - [STDERR_REDIRECT] 
2025-09-19 19:04:46,585 [ERROR] LogOutputStream:75 - [STDERR_REDIRECT] [Fatal Error] :1:1: Premature end of file.
2025-09-19 19:04:46,585 [ERROR] LogOutputStream:75 - [STDERR_REDIRECT] 
2025-09-19 19:04:47,584 [ERROR] LogOutputStream:75 - [STDERR_REDIRECT] [Fatal Error] :1:1: Premature end of file.
2025-09-19 19:04:47,584 [ERROR] LogOutputStream:75 - [STDERR_REDIRECT] 
2025-09-19 19:04:48,588 [ERROR] LogOutputStream:75 - [STDERR_REDIRECT] [Fatal Error] :1:1: Premature end of file.
2025-09-19 19:04:48,591 [ERROR] LogOutputStream:75 - [STDERR_REDIRECT] 
2025-09-19 19:04:49,580 [ERROR] LogOutputStream:75 - [STDERR_REDIRECT] [Fatal Error] :1:1: Premature end of file.
2025-09-19 19:04:49,581 [ERROR] LogOutputStream:75 - [STDERR_REDIRECT] 
2025-09-19 19:04:50,575 [ERROR] LogOutputStream:75 - [STDERR_REDIRECT] [Fatal Error] :1:1: Premature end of file.
2025-09-19 19:04:50,575 [ERROR] LogOutputStream:75 - [STDERR_REDIRECT] 
2025-09-19 19:04:51,571 [ERROR] LogOutputStream:75 - [STDERR_REDIRECT] [Fatal Error] :1:1: Premature end of file.
2025-09-19 19:04:51,571 [ERROR] LogOutputStream:75 - [STDERR_REDIRECT] 
2025-09-19 19:04:52,614 [ERROR] LogOutputStream:75 - [STDERR_REDIRECT] [Fatal Error] :1:1: Premature end of file.
2025-09-19 19:04:52,614 [ERROR] LogOutputStream:75 - [STDERR_REDIRECT] 
2025-09-19 19:04:53,598 [ERROR] LogOutputStream:75 - [STDERR_REDIRECT] [Fatal Error] :1:1: Premature end of file.
2025-09-19 19:04:53,600 [ERROR] LogOutputStream:75 - [STDERR_REDIRECT] 
2025-09-19 19:04:54,662 [ERROR] LogOutputStream:75 - [STDERR_REDIRECT] [Fatal Error] :1:1: Premature end of file.
2025-09-19 19:04:54,662 [ERROR] LogOutputStream:75 - [STDERR_REDIRECT] 
2025-09-19 19:04:55,587 [ERROR] LogOutputStream:75 - [STDERR_REDIRECT] [Fatal Error] :1:1: Premature end of file.
2025-09-19 19:04:55,587 [ERROR] LogOutputStream:75 - [STDERR_REDIRECT] 
2025-09-19 19:04:56,583 [ERROR] LogOutputStream:75 - [STDERR_REDIRECT] [Fatal Error] :1:1: Premature end of file.
2025-09-19 19:04:56,583 [ERROR] LogOutputStream:75 - [STDERR_REDIRECT] 
2025-09-19 19:04:57,588 [ERROR] LogOutputStream:75 - [STDERR_REDIRECT] [Fatal Error] :1:1: Premature end of file.
2025-09-19 19:04:57,589 [ERROR] LogOutputStream:75 - [STDERR_REDIRECT] 
2025-09-19 19:04:58,577 [ERROR] LogOutputStream:75 - [STDERR_REDIRECT] [Fatal Error] :1:1: Premature end of file.
2025-09-19 19:04:58,579 [ERROR] LogOutputStream:75 - [STDERR_REDIRECT] 
2025-09-19 19:04:59,577 [ERROR] LogOutputStream:75 - [STDERR_REDIRECT] [Fatal Error] :1:1: Premature end of file.
2025-09-19 19:04:59,577 [ERROR] LogOutputStream:75 - [STDERR_REDIRECT] 
2025-09-19 19:05:00,571 [ERROR] LogOutputStream:75 - [STDERR_REDIRECT] [Fatal Error] :1:1: Premature end of file.
2025-09-19 19:05:00,572 [ERROR] LogOutputStream:75 - [STDERR_REDIRECT] 
2025-09-19 19:05:01,584 [ERROR] LogOutputStream:75 - [STDERR_REDIRECT] [Fatal Error] :1:1: Premature end of file.
2025-09-19 19:05:01,584 [ERROR] LogOutputStream:75 - [STDERR_REDIRECT] 
2025-09-19 19:05:02,579 [ERROR] LogOutputStream:75 - [STDERR_REDIRECT] [Fatal Error] :1:1: Premature end of file.
2025-09-19 19:05:02,580 [ERROR] LogOutputStream:75 - [STDERR_REDIRECT] 
2025-09-19 19:05:03,584 [ERROR] LogOutputStream:75 - [STDERR_REDIRECT] [Fatal Error] :1:1: Premature end of file.
2025-09-19 19:05:03,584 [ERROR] LogOutputStream:75 - [STDERR_REDIRECT] 
2025-09-19 19:05:04,588 [ERROR] LogOutputStream:75 - [STDERR_REDIRECT] [Fatal Error] :1:1: Premature end of file.
2025-09-19 19:05:04,588 [ERROR] LogOutputStream:75 - [STDERR_REDIRECT] 
2025-09-19 19:05:05,584 [ERROR] LogOutputStream:75 - [STDERR_REDIRECT] [Fatal Error] :1:1: Premature end of file.
2025-09-19 19:05:05,584 [ERROR] LogOutputStream:75 - [STDERR_REDIRECT] 
2025-09-19 19:05:06,587 [ERROR] LogOutputStream:75 - [STDERR_REDIRECT] [Fatal Error] :1:1: Premature end of file.
2025-09-19 19:05:06,587 [ERROR] LogOutputStream:75 - [STDERR_REDIRECT] 
2025-09-19 19:05:07,595 [ERROR] LogOutputStream:75 - [STDERR_REDIRECT] [Fatal Error] :1:1: Premature end of file.
2025-09-19 19:05:07,595 [ERROR] LogOutputStream:75 - [STDERR_REDIRECT] 
2025-09-19 19:05:08,578 [ERROR] LogOutputStream:75 - [STDERR_REDIRECT] [Fatal Error] :1:1: Premature end of file.
2025-09-19 19:05:08,578 [ERROR] LogOutputStream:75 - [STDERR_REDIRECT] 
2025-09-19 19:05:09,591 [ERROR] LogOutputStream:75 - [STDERR_REDIRECT] [Fatal Error] :1:1: Premature end of file.
2025-09-19 19:05:09,591 [ERROR] LogOutputStream:75 - [STDERR_REDIRECT] 
2025-09-19 19:05:10,583 [ERROR] LogOutputStream:75 - [STDERR_REDIRECT] [Fatal Error] :1:1: Premature end of file.
2025-09-19 19:05:10,584 [ERROR] LogOutputStream:75 - [STDERR_REDIRECT] 
2025-09-19 19:05:11,582 [ERROR] LogOutputStream:75 - [STDERR_REDIRECT] [Fatal Error] :1:1: Premature end of file.
2025-09-19 19:05:11,582 [ERROR] LogOutputStream:75 - [STDERR_REDIRECT] 
2025-09-19 19:05:12,586 [ERROR] LogOutputStream:75 - [STDERR_REDIRECT] [Fatal Error] :1:1: Premature end of file.
2025-09-19 19:05:12,587 [ERROR] LogOutputStream:75 - [STDERR_REDIRECT] 
2025-09-19 19:05:13,578 [ERROR] LogOutputStream:75 - [STDERR_REDIRECT] [Fatal Error] :1:1: Premature end of file.
2025-09-19 19:05:13,578 [ERROR] LogOutputStream:75 - [STDERR_REDIRECT] 
2025-09-19 19:05:14,584 [ERROR] LogOutputStream:75 - [STDERR_REDIRECT] [Fatal Error] :1:1: Premature end of file.
2025-09-19 19:05:14,584 [ERROR] LogOutputStream:75 - [STDERR_REDIRECT] 
2025-09-19 19:05:15,589 [ERROR] LogOutputStream:75 - [STDERR_REDIRECT] [Fatal Error] :1:1: Premature end of file.
2025-09-19 19:05:15,589 [ERROR] LogOutputStream:75 - [STDERR_REDIRECT] 
2025-09-19 19:05:16,580 [ERROR] LogOutputStream:75 - [STDERR_REDIRECT] [Fatal Error] :1:1: Premature end of file.
2025-09-19 19:05:16,581 [ERROR] LogOutputStream:75 - [STDERR_REDIRECT] 
2025-09-19 19:05:17,588 [ERROR] LogOutputStream:75 - [STDERR_REDIRECT] [Fatal Error] :1:1: Premature end of file.
2025-09-19 19:05:17,588 [ERROR] LogOutputStream:75 - [STDERR_REDIRECT] 
2025-09-19 19:05:18,584 [ERROR] LogOutputStream:75 - [STDERR_REDIRECT] [Fatal Error] :1:1: Premature end of file.
2025-09-19 19:05:18,585 [ERROR] LogOutputStream:75 - [STDERR_REDIRECT] 
2025-09-19 19:05:19,582 [ERROR] LogOutputStream:75 - [STDERR_REDIRECT] [Fatal Error] :1:1: Premature end of file.
2025-09-19 19:05:19,582 [ERROR] LogOutputStream:75 - [STDERR_REDIRECT] 
2025-09-19 19:05:20,579 [ERROR] LogOutputStream:75 - [STDERR_REDIRECT] [Fatal Error] :1:1: Premature end of file.
2025-09-19 19:05:20,580 [ERROR] LogOutputStream:75 - [STDERR_REDIRECT] 
2025-09-19 19:05:21,587 [ERROR] LogOutputStream:75 - [STDERR_REDIRECT] [Fatal Error] :1:1: Premature end of file.
2025-09-19 19:05:21,587 [ERROR] LogOutputStream:75 - [STDERR_REDIRECT] 
2025-09-19 19:05:22,582 [ERROR] LogOutputStream:75 - [STDERR_REDIRECT] [Fatal Error] :1:1: Premature end of file.
2025-09-19 19:05:22,582 [ERROR] LogOutputStream:75 - [STDERR_REDIRECT] 
2025-09-19 19:05:23,580 [ERROR] LogOutputStream:75 - [STDERR_REDIRECT] [Fatal Error] :1:1: Premature end of file.
2025-09-19 19:05:23,581 [ERROR] LogOutputStream:75 - [STDERR_REDIRECT] 
2025-09-19 19:05:24,587 [ERROR] LogOutputStream:75 - [STDERR_REDIRECT] [Fatal Error] :1:1: Premature end of file.
2025-09-19 19:05:24,588 [ERROR] LogOutputStream:75 - [STDERR_REDIRECT] 
2025-09-19 19:05:25,584 [ERROR] LogOutputStream:75 - [STDERR_REDIRECT] [Fatal Error] :1:1: Premature end of file.
2025-09-19 19:05:25,584 [ERROR] LogOutputStream:75 - [STDERR_REDIRECT] 
2025-09-19 19:05:26,649 [ERROR] LogOutputStream:75 - [STDERR_REDIRECT] [Fatal Error] :1:1: Premature end of file.
2025-09-19 19:05:26,650 [ERROR] LogOutputStream:75 - [STDERR_REDIRECT] 
2025-09-19 19:05:27,579 [ERROR] LogOutputStream:75 - [STDERR_REDIRECT] [Fatal Error] :1:1: Premature end of file.
2025-09-19 19:05:27,579 [ERROR] LogOutputStream:75 - [STDERR_REDIRECT] 
2025-09-19 19:05:28,573 [ERROR] LogOutputStream:75 - [STDERR_REDIRECT] [Fatal Error] :1:1: Premature end of file.
2025-09-19 19:05:28,573 [ERROR] LogOutputStream:75 - [STDERR_REDIRECT] 
2025-09-19 19:05:29,587 [ERROR] LogOutputStream:75 - [STDERR_REDIRECT] [Fatal Error] :1:1: Premature end of file.
2025-09-19 19:05:29,587 [ERROR] LogOutputStream:75 - [STDERR_REDIRECT] 
2025-09-19 19:05:30,582 [ERROR] LogOutputStream:75 - [STDERR_REDIRECT] [Fatal Error] :1:1: Premature end of file.
2025-09-19 19:05:30,582 [ERROR] LogOutputStream:75 - [STDERR_REDIRECT] 
2025-09-19 19:05:31,584 [ERROR] LogOutputStream:75 - [STDERR_REDIRECT] [Fatal Error] :1:1: Premature end of file.
2025-09-19 19:05:31,584 [ERROR] LogOutputStream:75 - [STDERR_REDIRECT] 
2025-09-19 19:05:32,585 [ERROR] LogOutputStream:75 - [STDERR_REDIRECT] [Fatal Error] :1:1: Premature end of file.
2025-09-19 19:05:32,585 [ERROR] LogOutputStream:75 - [STDERR_REDIRECT] 
2025-09-19 19:05:33,577 [ERROR] LogOutputStream:75 - [STDERR_REDIRECT] [Fatal Error] :1:1: Premature end of file.
2025-09-19 19:05:33,577 [ERROR] LogOutputStream:75 - [STDERR_REDIRECT] 
2025-09-19 19:05:34,583 [ERROR] LogOutputStream:75 - [STDERR_REDIRECT] [Fatal Error] :1:1: Premature end of file.
2025-09-19 19:05:34,583 [ERROR] LogOutputStream:75 - [STDERR_REDIRECT] 
2025-09-19 19:05:35,588 [ERROR] LogOutputStream:75 - [STDERR_REDIRECT] [Fatal Error] :1:1: Premature end of file.
2025-09-19 19:05:35,588 [ERROR] LogOutputStream:75 - [STDERR_REDIRECT] 
2025-09-19 19:05:36,578 [ERROR] LogOutputStream:75 - [STDERR_REDIRECT] [Fatal Error] :1:1: Premature end of file.
2025-09-19 19:05:36,578 [ERROR] LogOutputStream:75 - [STDERR_REDIRECT] 
2025-09-19 19:05:37,585 [ERROR] LogOutputStream:75 - [STDERR_REDIRECT] [Fatal Error] :1:1: Premature end of file.
2025-09-19 19:05:37,585 [ERROR] LogOutputStream:75 - [STDERR_REDIRECT] 
2025-09-19 19:05:38,582 [ERROR] LogOutputStream:75 - [STDERR_REDIRECT] [Fatal Error] :1:1: Premature end of file.
2025-09-19 19:05:38,582 [ERROR] LogOutputStream:75 - [STDERR_REDIRECT] 
2025-09-19 19:05:39,581 [ERROR] LogOutputStream:75 - [STDERR_REDIRECT] [Fatal Error] :1:1: Premature end of file.
2025-09-19 19:05:39,582 [ERROR] LogOutputStream:75 - [STDERR_REDIRECT] 
2025-09-19 19:05:40,582 [ERROR] LogOutputStream:75 - [STDERR_REDIRECT] [Fatal Error] :1:1: Premature end of file.
2025-09-19 19:05:40,583 [ERROR] LogOutputStream:75 - [STDERR_REDIRECT] 
2025-09-19 19:05:41,584 [ERROR] LogOutputStream:75 - [STDERR_REDIRECT] [Fatal Error] :1:1: Premature end of file.
2025-09-19 19:05:41,585 [ERROR] LogOutputStream:75 - [STDERR_REDIRECT] 
2025-09-19 19:05:42,580 [ERROR] LogOutputStream:75 - [STDERR_REDIRECT] [Fatal Error] :1:1: Premature end of file.
2025-09-19 19:05:42,580 [ERROR] LogOutputStream:75 - [STDERR_REDIRECT] 
2025-09-19 19:05:43,587 [ERROR] LogOutputStream:75 - [STDERR_REDIRECT] [Fatal Error] :1:1: Premature end of file.
2025-09-19 19:05:43,587 [ERROR] LogOutputStream:75 - [STDERR_REDIRECT] 
2025-09-19 19:05:44,592 [ERROR] LogOutputStream:75 - [STDERR_REDIRECT] [Fatal Error] :1:1: Premature end of file.
2025-09-19 19:05:44,593 [ERROR] LogOutputStream:75 - [STDERR_REDIRECT] 
2025-09-19 19:05:45,594 [ERROR] LogOutputStream:75 - [STDERR_REDIRECT] [Fatal Error] :1:1: Premature end of file.
2025-09-19 19:05:45,595 [ERROR] LogOutputStream:75 - [STDERR_REDIRECT] 
2025-09-19 19:05:46,587 [ERROR] LogOutputStream:75 - [STDERR_REDIRECT] [Fatal Error] :1:1: Premature end of file.
2025-09-19 19:05:46,587 [ERROR] LogOutputStream:75 - [STDERR_REDIRECT] 
2025-09-19 19:05:47,585 [ERROR] LogOutputStream:75 - [STDERR_REDIRECT] [Fatal Error] :1:1: Premature end of file.
2025-09-19 19:05:47,585 [ERROR] LogOutputStream:75 - [STDERR_REDIRECT] 
2025-09-19 19:05:48,585 [ERROR] LogOutputStream:75 - [STDERR_REDIRECT] [Fatal Error] :1:1: Premature end of file.
2025-09-19 19:05:48,585 [ERROR] LogOutputStream:75 - [STDERR_REDIRECT] 
2025-09-19 19:05:49,588 [ERROR] LogOutputStream:75 - [STDERR_REDIRECT] [Fatal Error] :1:1: Premature end of file.
2025-09-19 19:05:49,589 [ERROR] LogOutputStream:75 - [STDERR_REDIRECT] 
2025-09-19 19:05:50,584 [ERROR] LogOutputStream:75 - [STDERR_REDIRECT] [Fatal Error] :1:1: Premature end of file.
2025-09-19 19:05:50,584 [ERROR] LogOutputStream:75 - [STDERR_REDIRECT] 
2025-09-19 19:05:51,715 [ERROR] LogOutputStream:75 - [STDERR_REDIRECT] [Fatal Error] :1:1: Premature end of file.
2025-09-19 19:05:51,715 [ERROR] LogOutputStream:75 - [STDERR_REDIRECT] 
2025-09-19 19:05:52,585 [ERROR] LogOutputStream:75 - [STDERR_REDIRECT] [Fatal Error] :1:1: Premature end of file.
2025-09-19 19:05:52,585 [ERROR] LogOutputStream:75 - [STDERR_REDIRECT] 
2025-09-19 19:05:53,583 [ERROR] LogOutputStream:75 - [STDERR_REDIRECT] [Fatal Error] :1:1: Premature end of file.
2025-09-19 19:05:53,583 [ERROR] LogOutputStream:75 - [STDERR_REDIRECT] 
2025-09-19 19:05:54,584 [ERROR] LogOutputStream:75 - [STDERR_REDIRECT] [Fatal Error] :1:1: Premature end of file.
2025-09-19 19:05:54,584 [ERROR] LogOutputStream:75 - [STDERR_REDIRECT] 
2025-09-19 19:05:55,589 [ERROR] LogOutputStream:75 - [STDERR_REDIRECT] [Fatal Error] :1:1: Premature end of file.
2025-09-19 19:05:55,589 [ERROR] LogOutputStream:75 - [STDERR_REDIRECT] 
2025-09-19 19:05:56,586 [ERROR] LogOutputStream:75 - [STDERR_REDIRECT] [Fatal Error] :1:1: Premature end of file.
2025-09-19 19:05:56,586 [ERROR] LogOutputStream:75 - [STDERR_REDIRECT] 
2025-09-19 19:05:57,587 [ERROR] LogOutputStream:75 - [STDERR_REDIRECT] [Fatal Error] :1:1: Premature end of file.
2025-09-19 19:05:57,587 [ERROR] LogOutputStream:75 - [STDERR_REDIRECT] 
2025-09-19 19:05:58,583 [ERROR] LogOutputStream:75 - [STDERR_REDIRECT] [Fatal Error] :1:1: Premature end of file.
2025-09-19 19:05:58,583 [ERROR] LogOutputStream:75 - [STDERR_REDIRECT] 
2025-09-19 19:05:59,582 [ERROR] LogOutputStream:75 - [STDERR_REDIRECT] [Fatal Error] :1:1: Premature end of file.
2025-09-19 19:05:59,582 [ERROR] LogOutputStream:75 - [STDERR_REDIRECT] 
2025-09-19 19:06:00,579 [ERROR] LogOutputStream:75 - [STDERR_REDIRECT] [Fatal Error] :1:1: Premature end of file.
2025-09-19 19:06:00,581 [ERROR] LogOutputStream:75 - [STDERR_REDIRECT] 
2025-09-19 19:06:01,591 [ERROR] LogOutputStream:75 - [STDERR_REDIRECT] [Fatal Error] :1:1: Premature end of file.
2025-09-19 19:06:01,591 [ERROR] LogOutputStream:75 - [STDERR_REDIRECT] 
2025-09-19 19:06:02,587 [ERROR] LogOutputStream:75 - [STDERR_REDIRECT] [Fatal Error] :1:1: Premature end of file.
2025-09-19 19:06:02,587 [ERROR] LogOutputStream:75 - [STDERR_REDIRECT] 
2025-09-19 19:06:03,584 [ERROR] LogOutputStream:75 - [STDERR_REDIRECT] [Fatal Error] :1:1: Premature end of file.
2025-09-19 19:06:03,584 [ERROR] LogOutputStream:75 - [STDERR_REDIRECT] 
2025-09-19 19:06:04,582 [ERROR] LogOutputStream:75 - [STDERR_REDIRECT] [Fatal Error] :1:1: Premature end of file.
2025-09-19 19:06:04,582 [ERROR] LogOutputStream:75 - [STDERR_REDIRECT] 
2025-09-19 19:06:05,585 [ERROR] LogOutputStream:75 - [STDERR_REDIRECT] [Fatal Error] :1:1: Premature end of file.
2025-09-19 19:06:05,585 [ERROR] LogOutputStream:75 - [STDERR_REDIRECT] 
2025-09-19 19:06:06,593 [ERROR] LogOutputStream:75 - [STDERR_REDIRECT] [Fatal Error] :1:1: Premature end of file.
2025-09-19 19:06:06,594 [ERROR] LogOutputStream:75 - [STDERR_REDIRECT] 
2025-09-19 19:06:07,588 [ERROR] LogOutputStream:75 - [STDERR_REDIRECT] [Fatal Error] :1:1: Premature end of file.
2025-09-19 19:06:07,589 [ERROR] LogOutputStream:75 - [STDERR_REDIRECT] 
2025-09-19 19:06:08,620 [ERROR] LogOutputStream:75 - [STDERR_REDIRECT] [Fatal Error] :1:1: Premature end of file.
2025-09-19 19:06:08,620 [ERROR] LogOutputStream:75 - [STDERR_REDIRECT] 
2025-09-19 19:06:09,588 [ERROR] LogOutputStream:75 - [STDERR_REDIRECT] [Fatal Error] :1:1: Premature end of file.
2025-09-19 19:06:09,590 [ERROR] LogOutputStream:75 - [STDERR_REDIRECT] 
2025-09-19 19:06:10,584 [ERROR] LogOutputStream:75 - [STDERR_REDIRECT] [Fatal Error] :1:1: Premature end of file.
2025-09-19 19:06:10,584 [ERROR] LogOutputStream:75 - [STDERR_REDIRECT] 
2025-09-19 19:06:11,586 [ERROR] LogOutputStream:75 - [STDERR_REDIRECT] [Fatal Error] :1:1: Premature end of file.
2025-09-19 19:06:11,587 [ERROR] LogOutputStream:75 - [STDERR_REDIRECT] 
2025-09-19 19:06:12,583 [ERROR] LogOutputStream:75 - [STDERR_REDIRECT] [Fatal Error] :1:1: Premature end of file.
2025-09-19 19:06:12,583 [ERROR] LogOutputStream:75 - [STDERR_REDIRECT] 
2025-09-19 19:06:13,580 [ERROR] LogOutputStream:75 - [STDERR_REDIRECT] [Fatal Error] :1:1: Premature end of file.
2025-09-19 19:06:13,581 [ERROR] LogOutputStream:75 - [STDERR_REDIRECT] 
2025-09-19 19:06:14,580 [ERROR] LogOutputStream:75 - [STDERR_REDIRECT] [Fatal Error] :1:1: Premature end of file.
2025-09-19 19:06:14,580 [ERROR] LogOutputStream:75 - [STDERR_REDIRECT] 
2025-09-19 19:06:15,579 [ERROR] LogOutputStream:75 - [STDERR_REDIRECT] [Fatal Error] :1:1: Premature end of file.
2025-09-19 19:06:15,579 [ERROR] LogOutputStream:75 - [STDERR_REDIRECT] 
2025-09-19 19:06:16,583 [ERROR] LogOutputStream:75 - [STDERR_REDIRECT] [Fatal Error] :1:1: Premature end of file.
2025-09-19 19:06:16,583 [ERROR] LogOutputStream:75 - [STDERR_REDIRECT] 
2025-09-19 19:06:17,585 [ERROR] LogOutputStream:75 - [STDERR_REDIRECT] [Fatal Error] :1:1: Premature end of file.
2025-09-19 19:06:17,585 [ERROR] LogOutputStream:75 - [STDERR_REDIRECT] 
2025-09-19 19:06:18,587 [ERROR] LogOutputStream:75 - [STDERR_REDIRECT] [Fatal Error] :1:1: Premature end of file.
2025-09-19 19:06:18,587 [ERROR] LogOutputStream:75 - [STDERR_REDIRECT] 
2025-09-19 19:06:19,583 [ERROR] LogOutputStream:75 - [STDERR_REDIRECT] [Fatal Error] :1:1: Premature end of file.
2025-09-19 19:06:19,583 [ERROR] LogOutputStream:75 - [STDERR_REDIRECT] 
2025-09-19 19:06:20,587 [ERROR] LogOutputStream:75 - [STDERR_REDIRECT] [Fatal Error] :1:1: Premature end of file.
2025-09-19 19:06:20,588 [ERROR] LogOutputStream:75 - [STDERR_REDIRECT] 
2025-09-19 19:06:21,580 [ERROR] LogOutputStream:75 - [STDERR_REDIRECT] [Fatal Error] :1:1: Premature end of file.
2025-09-19 19:06:21,580 [ERROR] LogOutputStream:75 - [STDERR_REDIRECT] 
2025-09-19 19:06:22,581 [ERROR] LogOutputStream:75 - [STDERR_REDIRECT] [Fatal Error] :1:1: Premature end of file.
2025-09-19 19:06:22,581 [ERROR] LogOutputStream:75 - [STDERR_REDIRECT] 
2025-09-19 19:06:23,584 [ERROR] LogOutputStream:75 - [STDERR_REDIRECT] [Fatal Error] :1:1: Premature end of file.
2025-09-19 19:06:23,584 [ERROR] LogOutputStream:75 - [STDERR_REDIRECT] 
2025-09-19 19:06:24,587 [ERROR] LogOutputStream:75 - [STDERR_REDIRECT] [Fatal Error] :1:1: Premature end of file.
2025-09-19 19:06:24,588 [ERROR] LogOutputStream:75 - [STDERR_REDIRECT] 
2025-09-19 19:06:25,577 [ERROR] LogOutputStream:75 - [STDERR_REDIRECT] [Fatal Error] :1:1: Premature end of file.
2025-09-19 19:06:25,577 [ERROR] LogOutputStream:75 - [STDERR_REDIRECT] 
2025-09-19 19:06:26,585 [ERROR] LogOutputStream:75 - [STDERR_REDIRECT] [Fatal Error] :1:1: Premature end of file.
2025-09-19 19:06:26,585 [ERROR] LogOutputStream:75 - [STDERR_REDIRECT] 
2025-09-19 19:06:27,583 [ERROR] LogOutputStream:75 - [STDERR_REDIRECT] [Fatal Error] :1:1: Premature end of file.
2025-09-19 19:06:27,583 [ERROR] LogOutputStream:75 - [STDERR_REDIRECT] 
2025-09-19 19:06:28,584 [ERROR] LogOutputStream:75 - [STDERR_REDIRECT] [Fatal Error] :1:1: Premature end of file.
2025-09-19 19:06:28,585 [ERROR] LogOutputStream:75 - [STDERR_REDIRECT] 
2025-09-19 19:06:29,584 [ERROR] LogOutputStream:75 - [STDERR_REDIRECT] [Fatal Error] :1:1: Premature end of file.
2025-09-19 19:06:29,584 [ERROR] LogOutputStream:75 - [STDERR_REDIRECT] 
2025-09-19 19:06:30,584 [ERROR] LogOutputStream:75 - [STDERR_REDIRECT] [Fatal Error] :1:1: Premature end of file.
2025-09-19 19:06:30,584 [ERROR] LogOutputStream:75 - [STDERR_REDIRECT] 
2025-09-19 19:06:31,583 [ERROR] LogOutputStream:75 - [STDERR_REDIRECT] [Fatal Error] :1:1: Premature end of file.
2025-09-19 19:06:31,583 [ERROR] LogOutputStream:75 - [STDERR_REDIRECT] 
2025-09-19 19:06:32,591 [ERROR] LogOutputStream:75 - [STDERR_REDIRECT] [Fatal Error] :1:1: Premature end of file.
2025-09-19 19:06:32,592 [ERROR] LogOutputStream:75 - [STDERR_REDIRECT] 
2025-09-19 19:06:33,598 [ERROR] LogOutputStream:75 - [STDERR_REDIRECT] [Fatal Error] :1:1: Premature end of file.
2025-09-19 19:06:33,599 [ERROR] LogOutputStream:75 - [STDERR_REDIRECT] 
2025-09-19 19:06:34,598 [ERROR] LogOutputStream:75 - [STDERR_REDIRECT] [Fatal Error] :1:1: Premature end of file.
2025-09-19 19:06:34,598 [ERROR] LogOutputStream:75 - [STDERR_REDIRECT] 
2025-09-19 19:06:35,584 [ERROR] LogOutputStream:75 - [STDERR_REDIRECT] [Fatal Error] :1:1: Premature end of file.
2025-09-19 19:06:35,584 [ERROR] LogOutputStream:75 - [STDERR_REDIRECT] 
2025-09-19 19:06:36,633 [ERROR] LogOutputStream:75 - [STDERR_REDIRECT] [Fatal Error] :1:1: Premature end of file.
2025-09-19 19:06:36,635 [ERROR] LogOutputStream:75 - [STDERR_REDIRECT] 
2025-09-19 19:06:37,589 [ERROR] LogOutputStream:75 - [STDERR_REDIRECT] [Fatal Error] :1:1: Premature end of file.
2025-09-19 19:06:37,589 [ERROR] LogOutputStream:75 - [STDERR_REDIRECT] 
2025-09-19 19:06:38,593 [ERROR] LogOutputStream:75 - [STDERR_REDIRECT] [Fatal Error] :1:1: Premature end of file.
2025-09-19 19:06:38,593 [ERROR] LogOutputStream:75 - [STDERR_REDIRECT] 
2025-09-19 19:06:39,582 [ERROR] LogOutputStream:75 - [STDERR_REDIRECT] [Fatal Error] :1:1: Premature end of file.
2025-09-19 19:06:39,582 [ERROR] LogOutputStream:75 - [STDERR_REDIRECT] 
2025-09-19 19:06:40,582 [ERROR] LogOutputStream:75 - [STDERR_REDIRECT] [Fatal Error] :1:1: Premature end of file.
2025-09-19 19:06:40,583 [ERROR] LogOutputStream:75 - [STDERR_REDIRECT] 
2025-09-19 19:06:41,586 [ERROR] LogOutputStream:75 - [STDERR_REDIRECT] [Fatal Error] :1:1: Premature end of file.
2025-09-19 19:06:41,586 [ERROR] LogOutputStream:75 - [STDERR_REDIRECT] 
2025-09-19 19:06:42,593 [ERROR] LogOutputStream:75 - [STDERR_REDIRECT] [Fatal Error] :1:1: Premature end of file.
2025-09-19 19:06:42,593 [ERROR] LogOutputStream:75 - [STDERR_REDIRECT] 
2025-09-19 19:06:43,592 [ERROR] LogOutputStream:75 - [STDERR_REDIRECT] [Fatal Error] :1:1: Premature end of file.
2025-09-19 19:06:43,592 [ERROR] LogOutputStream:75 - [STDERR_REDIRECT] 
2025-09-19 19:06:44,601 [ERROR] LogOutputStream:75 - [STDERR_REDIRECT] [Fatal Error] :1:1: Premature end of file.
2025-09-19 19:06:44,602 [ERROR] LogOutputStream:75 - [STDERR_REDIRECT] 
2025-09-19 19:06:45,598 [ERROR] LogOutputStream:75 - [STDERR_REDIRECT] [Fatal Error] :1:1: Premature end of file.
2025-09-19 19:06:45,598 [ERROR] LogOutputStream:75 - [STDERR_REDIRECT] 
2025-09-19 19:06:46,585 [ERROR] LogOutputStream:75 - [STDERR_REDIRECT] [Fatal Error] :1:1: Premature end of file.
2025-09-19 19:06:46,587 [ERROR] LogOutputStream:75 - [STDERR_REDIRECT] 
2025-09-19 19:06:47,579 [ERROR] LogOutputStream:75 - [STDERR_REDIRECT] [Fatal Error] :1:1: Premature end of file.
2025-09-19 19:06:47,580 [ERROR] LogOutputStream:75 - [STDERR_REDIRECT] 
2025-09-19 19:06:48,581 [ERROR] LogOutputStream:75 - [STDERR_REDIRECT] [Fatal Error] :1:1: Premature end of file.
2025-09-19 19:06:48,581 [ERROR] LogOutputStream:75 - [STDERR_REDIRECT] 
2025-09-19 19:06:49,593 [ERROR] LogOutputStream:75 - [STDERR_REDIRECT] [Fatal Error] :1:1: Premature end of file.
2025-09-19 19:06:49,593 [ERROR] LogOutputStream:75 - [STDERR_REDIRECT] 
2025-09-19 19:06:50,595 [ERROR] LogOutputStream:75 - [STDERR_REDIRECT] [Fatal Error] :1:1: Premature end of file.
2025-09-19 19:06:50,595 [ERROR] LogOutputStream:75 - [STDERR_REDIRECT] 
2025-09-19 19:06:51,585 [ERROR] LogOutputStream:75 - [STDERR_REDIRECT] [Fatal Error] :1:1: Premature end of file.
2025-09-19 19:06:51,585 [ERROR] LogOutputStream:75 - [STDERR_REDIRECT] 
2025-09-19 19:06:52,577 [ERROR] LogOutputStream:75 - [STDERR_REDIRECT] [Fatal Error] :1:1: Premature end of file.
2025-09-19 19:06:52,578 [ERROR] LogOutputStream:75 - [STDERR_REDIRECT] 
2025-09-19 19:06:53,578 [ERROR] LogOutputStream:75 - [STDERR_REDIRECT] [Fatal Error] :1:1: Premature end of file.
2025-09-19 19:06:53,579 [ERROR] LogOutputStream:75 - [STDERR_REDIRECT] 
2025-09-19 19:06:54,591 [ERROR] LogOutputStream:75 - [STDERR_REDIRECT] [Fatal Error] :1:1: Premature end of file.
2025-09-19 19:06:54,591 [ERROR] LogOutputStream:75 - [STDERR_REDIRECT] 
2025-09-19 19:06:55,597 [ERROR] LogOutputStream:75 - [STDERR_REDIRECT] [Fatal Error] :1:1: Premature end of file.
2025-09-19 19:06:55,597 [ERROR] LogOutputStream:75 - [STDERR_REDIRECT] 
2025-09-19 19:06:56,580 [ERROR] LogOutputStream:75 - [STDERR_REDIRECT] [Fatal Error] :1:1: Premature end of file.
2025-09-19 19:06:56,580 [ERROR] LogOutputStream:75 - [STDERR_REDIRECT] 
2025-09-19 19:06:57,577 [ERROR] LogOutputStream:75 - [STDERR_REDIRECT] [Fatal Error] :1:1: Premature end of file.
2025-09-19 19:06:57,578 [ERROR] LogOutputStream:75 - [STDERR_REDIRECT] 
2025-09-19 19:06:58,594 [ERROR] LogOutputStream:75 - [STDERR_REDIRECT] [Fatal Error] :1:1: Premature end of file.
2025-09-19 19:06:58,594 [ERROR] LogOutputStream:75 - [STDERR_REDIRECT] 
2025-09-19 19:06:59,595 [ERROR] LogOutputStream:75 - [STDERR_REDIRECT] [Fatal Error] :1:1: Premature end of file.
2025-09-19 19:06:59,595 [ERROR] LogOutputStream:75 - [STDERR_REDIRECT] 
2025-09-19 19:07:00,585 [ERROR] LogOutputStream:75 - [STDERR_REDIRECT] [Fatal Error] :1:1: Premature end of file.
2025-09-19 19:07:00,585 [ERROR] LogOutputStream:75 - [STDERR_REDIRECT] 
2025-09-19 19:07:01,587 [ERROR] LogOutputStream:75 - [STDERR_REDIRECT] [Fatal Error] :1:1: Premature end of file.
2025-09-19 19:07:01,588 [ERROR] LogOutputStream:75 - [STDERR_REDIRECT] 
2025-09-19 19:07:02,581 [ERROR] LogOutputStream:75 - [STDERR_REDIRECT] [Fatal Error] :1:1: Premature end of file.
2025-09-19 19:07:02,581 [ERROR] LogOutputStream:75 - [STDERR_REDIRECT] 
2025-09-19 19:07:03,587 [ERROR] LogOutputStream:75 - [STDERR_REDIRECT] [Fatal Error] :1:1: Premature end of file.
2025-09-19 19:07:03,588 [ERROR] LogOutputStream:75 - [STDERR_REDIRECT] 
2025-09-19 19:07:04,587 [ERROR] LogOutputStream:75 - [STDERR_REDIRECT] [Fatal Error] :1:1: Premature end of file.
2025-09-19 19:07:04,588 [ERROR] LogOutputStream:75 - [STDERR_REDIRECT] 
2025-09-19 19:07:05,599 [ERROR] LogOutputStream:75 - [STDERR_REDIRECT] [Fatal Error] :1:1: Premature end of file.
2025-09-19 19:07:05,600 [ERROR] LogOutputStream:75 - [STDERR_REDIRECT] 
2025-09-19 19:07:06,574 [ERROR] LogOutputStream:75 - [STDERR_REDIRECT] [Fatal Error] :1:1: Premature end of file.
2025-09-19 19:07:06,575 [ERROR] LogOutputStream:75 - [STDERR_REDIRECT] 
2025-09-19 19:07:07,582 [ERROR] LogOutputStream:75 - [STDERR_REDIRECT] [Fatal Error] :1:1: Premature end of file.
2025-09-19 19:07:07,582 [ERROR] LogOutputStream:75 - [STDERR_REDIRECT] 
2025-09-19 19:07:08,580 [ERROR] LogOutputStream:75 - [STDERR_REDIRECT] [Fatal Error] :1:1: Premature end of file.
2025-09-19 19:07:08,580 [ERROR] LogOutputStream:75 - [STDERR_REDIRECT] 
2025-09-19 19:07:09,634 [ERROR] LogOutputStream:75 - [STDERR_REDIRECT] [Fatal Error] :1:1: Premature end of file.
2025-09-19 19:07:09,634 [ERROR] LogOutputStream:75 - [STDERR_REDIRECT] 
2025-09-19 19:07:10,583 [ERROR] LogOutputStream:75 - [STDERR_REDIRECT] [Fatal Error] :1:1: Premature end of file.
2025-09-19 19:07:10,583 [ERROR] LogOutputStream:75 - [STDERR_REDIRECT] 
2025-09-19 19:07:11,579 [ERROR] LogOutputStream:75 - [STDERR_REDIRECT] [Fatal Error] :1:1: Premature end of file.
2025-09-19 19:07:11,579 [ERROR] LogOutputStream:75 - [STDERR_REDIRECT] 
2025-09-19 19:07:12,575 [ERROR] LogOutputStream:75 - [STDERR_REDIRECT] [Fatal Error] :1:1: Premature end of file.
2025-09-19 19:07:12,575 [ERROR] LogOutputStream:75 - [STDERR_REDIRECT] 
2025-09-19 19:07:13,579 [ERROR] LogOutputStream:75 - [STDERR_REDIRECT] [Fatal Error] :1:1: Premature end of file.
2025-09-19 19:07:13,579 [ERROR] LogOutputStream:75 - [STDERR_REDIRECT] 
2025-09-19 19:07:14,573 [ERROR] LogOutputStream:75 - [STDERR_REDIRECT] [Fatal Error] :1:1: Premature end of file.
2025-09-19 19:07:14,573 [ERROR] LogOutputStream:75 - [STDERR_REDIRECT] 
2025-09-19 19:07:15,571 [ERROR] LogOutputStream:75 - [STDERR_REDIRECT] [Fatal Error] :1:1: Premature end of file.
2025-09-19 19:07:15,571 [ERROR] LogOutputStream:75 - [STDERR_REDIRECT] 
2025-09-19 19:07:16,570 [ERROR] LogOutputStream:75 - [STDERR_REDIRECT] [Fatal Error] :1:1: Premature end of file.
2025-09-19 19:07:16,571 [ERROR] LogOutputStream:75 - [STDERR_REDIRECT] 
2025-09-19 19:07:17,577 [ERROR] LogOutputStream:75 - [STDERR_REDIRECT] [Fatal Error] :1:1: Premature end of file.
2025-09-19 19:07:17,577 [ERROR] LogOutputStream:75 - [STDERR_REDIRECT] 
2025-09-19 19:07:18,594 [ERROR] LogOutputStream:75 - [STDERR_REDIRECT] [Fatal Error] :1:1: Premature end of file.
2025-09-19 19:07:18,594 [ERROR] LogOutputStream:75 - [STDERR_REDIRECT] 
2025-09-19 19:07:19,599 [ERROR] LogOutputStream:75 - [STDERR_REDIRECT] [Fatal Error] :1:1: Premature end of file.
2025-09-19 19:07:19,599 [ERROR] LogOutputStream:75 - [STDERR_REDIRECT] 
2025-09-19 19:07:20,579 [ERROR] LogOutputStream:75 - [STDERR_REDIRECT] [Fatal Error] :1:1: Premature end of file.
2025-09-19 19:07:20,579 [ERROR] LogOutputStream:75 - [STDERR_REDIRECT] 
2025-09-19 19:07:21,585 [ERROR] LogOutputStream:75 - [STDERR_REDIRECT] [Fatal Error] :1:1: Premature end of file.
2025-09-19 19:07:21,585 [ERROR] LogOutputStream:75 - [STDERR_REDIRECT] 
2025-09-19 19:07:22,580 [ERROR] LogOutputStream:75 - [STDERR_REDIRECT] [Fatal Error] :1:1: Premature end of file.
2025-09-19 19:07:22,580 [ERROR] LogOutputStream:75 - [STDERR_REDIRECT] 
2025-09-19 19:07:23,607 [ERROR] LogOutputStream:75 - [STDERR_REDIRECT] [Fatal Error] :1:1: Premature end of file.
2025-09-19 19:07:23,608 [ERROR] LogOutputStream:75 - [STDERR_REDIRECT] 
2025-09-19 19:07:24,579 [ERROR] LogOutputStream:75 - [STDERR_REDIRECT] [Fatal Error] :1:1: Premature end of file.
2025-09-19 19:07:24,580 [ERROR] LogOutputStream:75 - [STDERR_REDIRECT] 
2025-09-19 19:07:25,585 [ERROR] LogOutputStream:75 - [STDERR_REDIRECT] [Fatal Error] :1:1: Premature end of file.
2025-09-19 19:07:25,585 [ERROR] LogOutputStream:75 - [STDERR_REDIRECT] 
2025-09-19 19:07:26,576 [ERROR] LogOutputStream:75 - [STDERR_REDIRECT] [Fatal Error] :1:1: Premature end of file.
2025-09-19 19:07:26,576 [ERROR] LogOutputStream:75 - [STDERR_REDIRECT] 
2025-09-19 19:07:27,577 [ERROR] LogOutputStream:75 - [STDERR_REDIRECT] [Fatal Error] :1:1: Premature end of file.
2025-09-19 19:07:27,577 [ERROR] LogOutputStream:75 - [STDERR_REDIRECT] 
2025-09-19 19:07:28,582 [ERROR] LogOutputStream:75 - [STDERR_REDIRECT] [Fatal Error] :1:1: Premature end of file.
2025-09-19 19:07:28,582 [ERROR] LogOutputStream:75 - [STDERR_REDIRECT] 
2025-09-19 19:07:29,575 [ERROR] LogOutputStream:75 - [STDERR_REDIRECT] [Fatal Error] :1:1: Premature end of file.
2025-09-19 19:07:29,575 [ERROR] LogOutputStream:75 - [STDERR_REDIRECT] 
2025-09-19 19:07:30,573 [ERROR] LogOutputStream:75 - [STDERR_REDIRECT] [Fatal Error] :1:1: Premature end of file.
2025-09-19 19:07:30,573 [ERROR] LogOutputStream:75 - [STDERR_REDIRECT] 
2025-09-19 19:07:31,582 [ERROR] LogOutputStream:75 - [STDERR_REDIRECT] [Fatal Error] :1:1: Premature end of file.
2025-09-19 19:07:31,582 [ERROR] LogOutputStream:75 - [STDERR_REDIRECT] 
2025-09-19 19:07:32,585 [ERROR] LogOutputStream:75 - [STDERR_REDIRECT] [Fatal Error] :1:1: Premature end of file.
2025-09-19 19:07:32,585 [ERROR] LogOutputStream:75 - [STDERR_REDIRECT] 
2025-09-19 19:07:33,570 [ERROR] LogOutputStream:75 - [STDERR_REDIRECT] [Fatal Error] :1:1: Premature end of file.
2025-09-19 19:07:33,570 [ERROR] LogOutputStream:75 - [STDERR_REDIRECT] 
2025-09-19 19:07:34,594 [ERROR] LogOutputStream:75 - [STDERR_REDIRECT] [Fatal Error] :1:1: Premature end of file.
2025-09-19 19:07:34,595 [ERROR] LogOutputStream:75 - [STDERR_REDIRECT] 
2025-09-19 19:07:35,581 [ERROR] LogOutputStream:75 - [STDERR_REDIRECT] [Fatal Error] :1:1: Premature end of file.
2025-09-19 19:07:35,581 [ERROR] LogOutputStream:75 - [STDERR_REDIRECT] 
2025-09-19 19:07:36,575 [ERROR] LogOutputStream:75 - [STDERR_REDIRECT] [Fatal Error] :1:1: Premature end of file.
2025-09-19 19:07:36,575 [ERROR] LogOutputStream:75 - [STDERR_REDIRECT] 
2025-09-19 19:07:37,582 [ERROR] LogOutputStream:75 - [STDERR_REDIRECT] [Fatal Error] :1:1: Premature end of file.
2025-09-19 19:07:37,582 [ERROR] LogOutputStream:75 - [STDERR_REDIRECT] 
2025-09-19 19:07:38,572 [ERROR] LogOutputStream:75 - [STDERR_REDIRECT] [Fatal Error] :1:1: Premature end of file.
2025-09-19 19:07:38,572 [ERROR] LogOutputStream:75 - [STDERR_REDIRECT] 
2025-09-19 19:07:39,585 [ERROR] LogOutputStream:75 - [STDERR_REDIRECT] [Fatal Error] :1:1: Premature end of file.
2025-09-19 19:07:39,585 [ERROR] LogOutputStream:75 - [STDERR_REDIRECT] 
2025-09-19 19:07:40,572 [ERROR] LogOutputStream:75 - [STDERR_REDIRECT] [Fatal Error] :1:1: Premature end of file.
2025-09-19 19:07:40,572 [ERROR] LogOutputStream:75 - [STDERR_REDIRECT] 
2025-09-19 19:07:41,569 [ERROR] LogOutputStream:75 - [STDERR_REDIRECT] [Fatal Error] :1:1: Premature end of file.
2025-09-19 19:07:41,569 [ERROR] LogOutputStream:75 - [STDERR_REDIRECT] 
2025-09-19 19:07:42,573 [ERROR] LogOutputStream:75 - [STDERR_REDIRECT] [Fatal Error] :1:1: Premature end of file.
2025-09-19 19:07:42,573 [ERROR] LogOutputStream:75 - [STDERR_REDIRECT] 
2025-09-19 19:07:43,598 [ERROR] LogOutputStream:75 - [STDERR_REDIRECT] [Fatal Error] :1:1: Premature end of file.
2025-09-19 19:07:43,598 [ERROR] LogOutputStream:75 - [STDERR_REDIRECT] 
2025-09-19 19:07:44,677 [ERROR] LogOutputStream:75 - [STDERR_REDIRECT] [Fatal Error] :1:1: Premature end of file.
2025-09-19 19:07:44,678 [ERROR] LogOutputStream:75 - [STDERR_REDIRECT] 
2025-09-19 19:07:45,573 [ERROR] LogOutputStream:75 - [STDERR_REDIRECT] [Fatal Error] :1:1: Premature end of file.
2025-09-19 19:07:45,573 [ERROR] LogOutputStream:75 - [STDERR_REDIRECT] 
2025-09-19 19:07:46,581 [ERROR] LogOutputStream:75 - [STDERR_REDIRECT] [Fatal Error] :1:1: Premature end of file.
2025-09-19 19:07:46,581 [ERROR] LogOutputStream:75 - [STDERR_REDIRECT] 
2025-09-19 19:07:47,573 [ERROR] LogOutputStream:75 - [STDERR_REDIRECT] [Fatal Error] :1:1: Premature end of file.
2025-09-19 19:07:47,573 [ERROR] LogOutputStream:75 - [STDERR_REDIRECT] 
2025-09-19 19:07:48,578 [ERROR] LogOutputStream:75 - [STDERR_REDIRECT] [Fatal Error] :1:1: Premature end of file.
2025-09-19 19:07:48,578 [ERROR] LogOutputStream:75 - [STDERR_REDIRECT] 
2025-09-19 19:07:49,574 [ERROR] LogOutputStream:75 - [STDERR_REDIRECT] [Fatal Error] :1:1: Premature end of file.
2025-09-19 19:07:49,574 [ERROR] LogOutputStream:75 - [STDERR_REDIRECT] 
2025-09-19 19:07:50,569 [ERROR] LogOutputStream:75 - [STDERR_REDIRECT] [Fatal Error] :1:1: Premature end of file.
2025-09-19 19:07:50,569 [ERROR] LogOutputStream:75 - [STDERR_REDIRECT] 
2025-09-19 19:07:51,587 [ERROR] LogOutputStream:75 - [STDERR_REDIRECT] [Fatal Error] :1:1: Premature end of file.
2025-09-19 19:07:51,587 [ERROR] LogOutputStream:75 - [STDERR_REDIRECT] 
2025-09-19 19:07:52,574 [ERROR] LogOutputStream:75 - [STDERR_REDIRECT] [Fatal Error] :1:1: Premature end of file.
2025-09-19 19:07:52,574 [ERROR] LogOutputStream:75 - [STDERR_REDIRECT] 
2025-09-19 19:07:53,582 [ERROR] LogOutputStream:75 - [STDERR_REDIRECT] [Fatal Error] :1:1: Premature end of file.
2025-09-19 19:07:53,582 [ERROR] LogOutputStream:75 - [STDERR_REDIRECT] 
2025-09-19 19:07:54,580 [ERROR] LogOutputStream:75 - [STDERR_REDIRECT] [Fatal Error] :1:1: Premature end of file.
2025-09-19 19:07:54,580 [ERROR] LogOutputStream:75 - [STDERR_REDIRECT] 
2025-09-19 19:07:55,575 [ERROR] LogOutputStream:75 - [STDERR_REDIRECT] [Fatal Error] :1:1: Premature end of file.
2025-09-19 19:07:55,575 [ERROR] LogOutputStream:75 - [STDERR_REDIRECT] 
2025-09-19 19:07:56,575 [ERROR] LogOutputStream:75 - [STDERR_REDIRECT] [Fatal Error] :1:1: Premature end of file.
2025-09-19 19:07:56,575 [ERROR] LogOutputStream:75 - [STDERR_REDIRECT] 
2025-09-19 19:07:57,570 [ERROR] LogOutputStream:75 - [STDERR_REDIRECT] [Fatal Error] :1:1: Premature end of file.
2025-09-19 19:07:57,570 [ERROR] LogOutputStream:75 - [STDERR_REDIRECT] 
2025-09-19 19:07:58,571 [ERROR] LogOutputStream:75 - [STDERR_REDIRECT] [Fatal Error] :1:1: Premature end of file.
2025-09-19 19:07:58,571 [ERROR] LogOutputStream:75 - [STDERR_REDIRECT] 
2025-09-19 19:07:59,580 [ERROR] LogOutputStream:75 - [STDERR_REDIRECT] [Fatal Error] :1:1: Premature end of file.
2025-09-19 19:07:59,580 [ERROR] LogOutputStream:75 - [STDERR_REDIRECT] 
2025-09-19 19:08:00,572 [ERROR] LogOutputStream:75 - [STDERR_REDIRECT] [Fatal Error] :1:1: Premature end of file.
2025-09-19 19:08:00,572 [ERROR] LogOutputStream:75 - [STDERR_REDIRECT] 
2025-09-19 19:08:01,574 [ERROR] LogOutputStream:75 - [STDERR_REDIRECT] [Fatal Error] :1:1: Premature end of file.
2025-09-19 19:08:01,574 [ERROR] LogOutputStream:75 - [STDERR_REDIRECT] 
2025-09-19 19:08:02,579 [ERROR] LogOutputStream:75 - [STDERR_REDIRECT] [Fatal Error] :1:1: Premature end of file.
2025-09-19 19:08:02,580 [ERROR] LogOutputStream:75 - [STDERR_REDIRECT] 
2025-09-19 19:08:03,578 [ERROR] LogOutputStream:75 - [STDERR_REDIRECT] [Fatal Error] :1:1: Premature end of file.
2025-09-19 19:08:03,578 [ERROR] LogOutputStream:75 - [STDERR_REDIRECT] 
2025-09-19 19:08:04,573 [ERROR] LogOutputStream:75 - [STDERR_REDIRECT] [Fatal Error] :1:1: Premature end of file.
2025-09-19 19:08:04,573 [ERROR] LogOutputStream:75 - [STDERR_REDIRECT] 
2025-09-19 19:08:05,570 [ERROR] LogOutputStream:75 - [STDERR_REDIRECT] [Fatal Error] :1:1: Premature end of file.
2025-09-19 19:08:05,570 [ERROR] LogOutputStream:75 - [STDERR_REDIRECT] 
2025-09-19 19:08:06,570 [ERROR] LogOutputStream:75 - [STDERR_REDIRECT] [Fatal Error] :1:1: Premature end of file.
2025-09-19 19:08:06,570 [ERROR] LogOutputStream:75 - [STDERR_REDIRECT] 
2025-09-19 19:08:07,581 [ERROR] LogOutputStream:75 - [STDERR_REDIRECT] [Fatal Error] :1:1: Premature end of file.
2025-09-19 19:08:07,582 [ERROR] LogOutputStream:75 - [STDERR_REDIRECT] 
2025-09-19 19:08:08,609 [ERROR] LogOutputStream:75 - [STDERR_REDIRECT] [Fatal Error] :1:1: Premature end of file.
2025-09-19 19:08:08,609 [ERROR] LogOutputStream:75 - [STDERR_REDIRECT] 
2025-09-19 19:08:09,573 [ERROR] LogOutputStream:75 - [STDERR_REDIRECT] [Fatal Error] :1:1: Premature end of file.
2025-09-19 19:08:09,573 [ERROR] LogOutputStream:75 - [STDERR_REDIRECT] 
2025-09-19 19:08:10,578 [ERROR] LogOutputStream:75 - [STDERR_REDIRECT] [Fatal Error] :1:1: Premature end of file.
2025-09-19 19:08:10,578 [ERROR] LogOutputStream:75 - [STDERR_REDIRECT] 
2025-09-19 19:08:11,572 [ERROR] LogOutputStream:75 - [STDERR_REDIRECT] [Fatal Error] :1:1: Premature end of file.
2025-09-19 19:08:11,572 [ERROR] LogOutputStream:75 - [STDERR_REDIRECT] 
2025-09-19 19:08:12,585 [ERROR] LogOutputStream:75 - [STDERR_REDIRECT] [Fatal Error] :1:1: Premature end of file.
2025-09-19 19:08:12,585 [ERROR] LogOutputStream:75 - [STDERR_REDIRECT] 
2025-09-19 19:08:13,587 [ERROR] LogOutputStream:75 - [STDERR_REDIRECT] [Fatal Error] :1:1: Premature end of file.
2025-09-19 19:08:13,587 [ERROR] LogOutputStream:75 - [STDERR_REDIRECT] 
2025-09-19 19:08:14,577 [ERROR] LogOutputStream:75 - [STDERR_REDIRECT] [Fatal Error] :1:1: Premature end of file.
2025-09-19 19:08:14,577 [ERROR] LogOutputStream:75 - [STDERR_REDIRECT] 
2025-09-19 19:08:15,576 [ERROR] LogOutputStream:75 - [STDERR_REDIRECT] [Fatal Error] :1:1: Premature end of file.
2025-09-19 19:08:15,576 [ERROR] LogOutputStream:75 - [STDERR_REDIRECT] 
2025-09-19 19:08:16,582 [ERROR] LogOutputStream:75 - [STDERR_REDIRECT] [Fatal Error] :1:1: Premature end of file.
2025-09-19 19:08:16,582 [ERROR] LogOutputStream:75 - [STDERR_REDIRECT] 
2025-09-19 19:08:17,569 [ERROR] LogOutputStream:75 - [STDERR_REDIRECT] [Fatal Error] :1:1: Premature end of file.
2025-09-19 19:08:17,569 [ERROR] LogOutputStream:75 - [STDERR_REDIRECT] 
2025-09-19 19:08:18,580 [ERROR] LogOutputStream:75 - [STDERR_REDIRECT] [Fatal Error] :1:1: Premature end of file.
2025-09-19 19:08:18,580 [ERROR] LogOutputStream:75 - [STDERR_REDIRECT] 
2025-09-19 19:08:19,579 [ERROR] LogOutputStream:75 - [STDERR_REDIRECT] [Fatal Error] :1:1: Premature end of file.
2025-09-19 19:08:19,579 [ERROR] LogOutputStream:75 - [STDERR_REDIRECT] 
2025-09-19 19:08:20,582 [ERROR] LogOutputStream:75 - [STDERR_REDIRECT] [Fatal Error] :1:1: Premature end of file.
2025-09-19 19:08:20,582 [ERROR] LogOutputStream:75 - [STDERR_REDIRECT] 
2025-09-19 19:08:21,581 [ERROR] LogOutputStream:75 - [STDERR_REDIRECT] [Fatal Error] :1:1: Premature end of file.
2025-09-19 19:08:21,581 [ERROR] LogOutputStream:75 - [STDERR_REDIRECT] 
2025-09-19 19:08:22,578 [ERROR] LogOutputStream:75 - [STDERR_REDIRECT] [Fatal Error] :1:1: Premature end of file.
2025-09-19 19:08:22,578 [ERROR] LogOutputStream:75 - [STDERR_REDIRECT] 
2025-09-19 19:08:23,584 [ERROR] LogOutputStream:75 - [STDERR_REDIRECT] [Fatal Error] :1:1: Premature end of file.
2025-09-19 19:08:23,584 [ERROR] LogOutputStream:75 - [STDERR_REDIRECT] 
2025-09-19 19:08:24,584 [ERROR] LogOutputStream:75 - [STDERR_REDIRECT] [Fatal Error] :1:1: Premature end of file.
2025-09-19 19:08:24,584 [ERROR] LogOutputStream:75 - [STDERR_REDIRECT] 
2025-09-19 19:08:25,594 [ERROR] LogOutputStream:75 - [STDERR_REDIRECT] [Fatal Error] :1:1: Premature end of file.
2025-09-19 19:08:25,594 [ERROR] LogOutputStream:75 - [STDERR_REDIRECT] 
2025-09-19 19:08:26,593 [ERROR] LogOutputStream:75 - [STDERR_REDIRECT] [Fatal Error] :1:1: Premature end of file.
2025-09-19 19:08:26,594 [ERROR] LogOutputStream:75 - [STDERR_REDIRECT] 
2025-09-19 19:08:27,580 [ERROR] LogOutputStream:75 - [STDERR_REDIRECT] [Fatal Error] :1:1: Premature end of file.
2025-09-19 19:08:27,580 [ERROR] LogOutputStream:75 - [STDERR_REDIRECT] 
2025-09-19 19:08:28,581 [ERROR] LogOutputStream:75 - [STDERR_REDIRECT] [Fatal Error] :1:1: Premature end of file.
2025-09-19 19:08:28,581 [ERROR] LogOutputStream:75 - [STDERR_REDIRECT] 
2025-09-19 19:08:29,577 [ERROR] LogOutputStream:75 - [STDERR_REDIRECT] [Fatal Error] :1:1: Premature end of file.
2025-09-19 19:08:29,577 [ERROR] LogOutputStream:75 - [STDERR_REDIRECT] 
2025-09-19 19:08:30,574 [ERROR] LogOutputStream:75 - [STDERR_REDIRECT] [Fatal Error] :1:1: Premature end of file.
2025-09-19 19:08:30,574 [ERROR] LogOutputStream:75 - [STDERR_REDIRECT] 
2025-09-19 19:08:31,581 [ERROR] LogOutputStream:75 - [STDERR_REDIRECT] [Fatal Error] :1:1: Premature end of file.
2025-09-19 19:08:31,581 [ERROR] LogOutputStream:75 - [STDERR_REDIRECT] 
2025-09-19 19:08:32,570 [ERROR] LogOutputStream:75 - [STDERR_REDIRECT] [Fatal Error] :1:1: Premature end of file.
2025-09-19 19:08:32,570 [ERROR] LogOutputStream:75 - [STDERR_REDIRECT] 
2025-09-19 19:08:33,582 [ERROR] LogOutputStream:75 - [STDERR_REDIRECT] [Fatal Error] :1:1: Premature end of file.
2025-09-19 19:08:33,582 [ERROR] LogOutputStream:75 - [STDERR_REDIRECT] 
2025-09-19 19:08:34,577 [ERROR] LogOutputStream:75 - [STDERR_REDIRECT] [Fatal Error] :1:1: Premature end of file.
2025-09-19 19:08:34,577 [ERROR] LogOutputStream:75 - [STDERR_REDIRECT] 
2025-09-19 19:08:35,589 [ERROR] LogOutputStream:75 - [STDERR_REDIRECT] [Fatal Error] :1:1: Premature end of file.
2025-09-19 19:08:35,589 [ERROR] LogOutputStream:75 - [STDERR_REDIRECT] 
2025-09-19 19:08:36,576 [ERROR] LogOutputStream:75 - [STDERR_REDIRECT] [Fatal Error] :1:1: Premature end of file.
2025-09-19 19:08:36,576 [ERROR] LogOutputStream:75 - [STDERR_REDIRECT] 
2025-09-19 19:08:37,576 [ERROR] LogOutputStream:75 - [STDERR_REDIRECT] [Fatal Error] :1:1: Premature end of file.
2025-09-19 19:08:37,578 [ERROR] LogOutputStream:75 - [STDERR_REDIRECT] 
2025-09-19 19:08:38,573 [ERROR] LogOutputStream:75 - [STDERR_REDIRECT] [Fatal Error] :1:1: Premature end of file.
2025-09-19 19:08:38,573 [ERROR] LogOutputStream:75 - [STDERR_REDIRECT] 
2025-09-19 19:08:39,573 [ERROR] LogOutputStream:75 - [STDERR_REDIRECT] [Fatal Error] :1:1: Premature end of file.
2025-09-19 19:08:39,573 [ERROR] LogOutputStream:75 - [STDERR_REDIRECT] 
2025-09-19 19:08:40,579 [ERROR] LogOutputStream:75 - [STDERR_REDIRECT] [Fatal Error] :1:1: Premature end of file.
2025-09-19 19:08:40,579 [ERROR] LogOutputStream:75 - [STDERR_REDIRECT] 
2025-09-19 19:08:41,576 [ERROR] LogOutputStream:75 - [STDERR_REDIRECT] [Fatal Error] :1:1: Premature end of file.
2025-09-19 19:08:41,576 [ERROR] LogOutputStream:75 - [STDERR_REDIRECT] 
2025-09-19 19:08:42,579 [ERROR] LogOutputStream:75 - [STDERR_REDIRECT] [Fatal Error] :1:1: Premature end of file.
2025-09-19 19:08:42,579 [ERROR] LogOutputStream:75 - [STDERR_REDIRECT] 
2025-09-19 19:08:43,580 [ERROR] LogOutputStream:75 - [STDERR_REDIRECT] [Fatal Error] :1:1: Premature end of file.
2025-09-19 19:08:43,580 [ERROR] LogOutputStream:75 - [STDERR_REDIRECT] 
2025-09-19 19:08:44,572 [ERROR] LogOutputStream:75 - [STDERR_REDIRECT] [Fatal Error] :1:1: Premature end of file.
2025-09-19 19:08:44,572 [ERROR] LogOutputStream:75 - [STDERR_REDIRECT] 
2025-09-19 19:08:45,568 [ERROR] LogOutputStream:75 - [STDERR_REDIRECT] [Fatal Error] :1:1: Premature end of file.
2025-09-19 19:08:45,569 [ERROR] LogOutputStream:75 - [STDERR_REDIRECT] 
2025-09-19 19:08:46,578 [ERROR] LogOutputStream:75 - [STDERR_REDIRECT] [Fatal Error] :1:1: Premature end of file.
2025-09-19 19:08:46,580 [ERROR] LogOutputStream:75 - [STDERR_REDIRECT] 
2025-09-19 19:08:47,575 [ERROR] LogOutputStream:75 - [STDERR_REDIRECT] [Fatal Error] :1:1: Premature end of file.
2025-09-19 19:08:47,576 [ERROR] LogOutputStream:75 - [STDERR_REDIRECT] 
2025-09-19 19:08:48,571 [ERROR] LogOutputStream:75 - [STDERR_REDIRECT] [Fatal Error] :1:1: Premature end of file.
2025-09-19 19:08:48,571 [ERROR] LogOutputStream:75 - [STDERR_REDIRECT] 
2025-09-19 19:08:49,579 [ERROR] LogOutputStream:75 - [STDERR_REDIRECT] [Fatal Error] :1:1: Premature end of file.
2025-09-19 19:08:49,579 [ERROR] LogOutputStream:75 - [STDERR_REDIRECT] 
2025-09-19 19:08:50,571 [ERROR] LogOutputStream:75 - [STDERR_REDIRECT] [Fatal Error] :1:1: Premature end of file.
2025-09-19 19:08:50,571 [ERROR] LogOutputStream:75 - [STDERR_REDIRECT] 
2025-09-19 19:08:51,569 [ERROR] LogOutputStream:75 - [STDERR_REDIRECT] [Fatal Error] :1:1: Premature end of file.
2025-09-19 19:08:51,569 [ERROR] LogOutputStream:75 - [STDERR_REDIRECT] 
2025-09-19 19:08:52,578 [ERROR] LogOutputStream:75 - [STDERR_REDIRECT] [Fatal Error] :1:1: Premature end of file.
2025-09-19 19:08:52,578 [ERROR] LogOutputStream:75 - [STDERR_REDIRECT] 
2025-09-19 19:08:53,574 [ERROR] LogOutputStream:75 - [STDERR_REDIRECT] [Fatal Error] :1:1: Premature end of file.
2025-09-19 19:08:53,574 [ERROR] LogOutputStream:75 - [STDERR_REDIRECT] 
2025-09-19 19:08:54,582 [ERROR] LogOutputStream:75 - [STDERR_REDIRECT] [Fatal Error] :1:1: Premature end of file.
2025-09-19 19:08:54,582 [ERROR] LogOutputStream:75 - [STDERR_REDIRECT] 
2025-09-19 19:08:55,576 [ERROR] LogOutputStream:75 - [STDERR_REDIRECT] [Fatal Error] :1:1: Premature end of file.
2025-09-19 19:08:55,576 [ERROR] LogOutputStream:75 - [STDERR_REDIRECT] 
2025-09-19 19:08:56,574 [ERROR] LogOutputStream:75 - [STDERR_REDIRECT] [Fatal Error] :1:1: Premature end of file.
2025-09-19 19:08:56,574 [ERROR] LogOutputStream:75 - [STDERR_REDIRECT] 
2025-09-19 19:08:57,644 [ERROR] LogOutputStream:75 - [STDERR_REDIRECT] [Fatal Error] :1:1: Premature end of file.
2025-09-19 19:08:57,644 [ERROR] LogOutputStream:75 - [STDERR_REDIRECT] 
2025-09-19 19:08:58,573 [ERROR] LogOutputStream:75 - [STDERR_REDIRECT] [Fatal Error] :1:1: Premature end of file.
2025-09-19 19:08:58,573 [ERROR] LogOutputStream:75 - [STDERR_REDIRECT] 
2025-09-19 19:08:59,590 [ERROR] LogOutputStream:75 - [STDERR_REDIRECT] [Fatal Error] :1:1: Premature end of file.
2025-09-19 19:08:59,591 [ERROR] LogOutputStream:75 - [STDERR_REDIRECT] 
2025-09-19 19:09:00,576 [ERROR] LogOutputStream:75 - [STDERR_REDIRECT] [Fatal Error] :1:1: Premature end of file.
2025-09-19 19:09:00,576 [ERROR] LogOutputStream:75 - [STDERR_REDIRECT] 
2025-09-19 19:09:01,568 [ERROR] LogOutputStream:75 - [STDERR_REDIRECT] [Fatal Error] :1:1: Premature end of file.
2025-09-19 19:09:01,568 [ERROR] LogOutputStream:75 - [STDERR_REDIRECT] 
2025-09-19 19:09:02,580 [ERROR] LogOutputStream:75 - [STDERR_REDIRECT] [Fatal Error] :1:1: Premature end of file.
2025-09-19 19:09:02,580 [ERROR] LogOutputStream:75 - [STDERR_REDIRECT] 
2025-09-19 19:09:03,571 [ERROR] LogOutputStream:75 - [STDERR_REDIRECT] [Fatal Error] :1:1: Premature end of file.
2025-09-19 19:09:03,571 [ERROR] LogOutputStream:75 - [STDERR_REDIRECT] 
2025-09-19 19:09:04,580 [ERROR] LogOutputStream:75 - [STDERR_REDIRECT] [Fatal Error] :1:1: Premature end of file.
2025-09-19 19:09:04,580 [ERROR] LogOutputStream:75 - [STDERR_REDIRECT] 
2025-09-19 19:09:05,581 [ERROR] LogOutputStream:75 - [STDERR_REDIRECT] [Fatal Error] :1:1: Premature end of file.
2025-09-19 19:09:05,582 [ERROR] LogOutputStream:75 - [STDERR_REDIRECT] 
2025-09-19 19:09:06,574 [ERROR] LogOutputStream:75 - [STDERR_REDIRECT] [Fatal Error] :1:1: Premature end of file.
2025-09-19 19:09:06,574 [ERROR] LogOutputStream:75 - [STDERR_REDIRECT] 
2025-09-19 19:09:07,572 [ERROR] LogOutputStream:75 - [STDERR_REDIRECT] [Fatal Error] :1:1: Premature end of file.
2025-09-19 19:09:07,573 [ERROR] LogOutputStream:75 - [STDERR_REDIRECT] 
2025-09-19 19:09:08,569 [ERROR] LogOutputStream:75 - [STDERR_REDIRECT] [Fatal Error] :1:1: Premature end of file.
2025-09-19 19:09:08,569 [ERROR] LogOutputStream:75 - [STDERR_REDIRECT] 
2025-09-19 19:09:09,582 [ERROR] LogOutputStream:75 - [STDERR_REDIRECT] [Fatal Error] :1:1: Premature end of file.
2025-09-19 19:09:09,582 [ERROR] LogOutputStream:75 - [STDERR_REDIRECT] 
2025-09-19 19:09:10,567 [ERROR] LogOutputStream:75 - [STDERR_REDIRECT] [Fatal Error] :1:1: Premature end of file.
2025-09-19 19:09:10,567 [ERROR] LogOutputStream:75 - [STDERR_REDIRECT] 
2025-09-19 19:09:11,643 [ERROR] LogOutputStream:75 - [STDERR_REDIRECT] [Fatal Error] :1:1: Premature end of file.
2025-09-19 19:09:11,643 [ERROR] LogOutputStream:75 - [STDERR_REDIRECT] 
2025-09-19 19:09:12,581 [ERROR] LogOutputStream:75 - [STDERR_REDIRECT] [Fatal Error] :1:1: Premature end of file.
2025-09-19 19:09:12,581 [ERROR] LogOutputStream:75 - [STDERR_REDIRECT] 
2025-09-19 19:09:13,591 [ERROR] LogOutputStream:75 - [STDERR_REDIRECT] [Fatal Error] :1:1: Premature end of file.
2025-09-19 19:09:13,591 [ERROR] LogOutputStream:75 - [STDERR_REDIRECT] 
2025-09-19 19:09:14,582 [ERROR] LogOutputStream:75 - [STDERR_REDIRECT] [Fatal Error] :1:1: Premature end of file.
2025-09-19 19:09:14,582 [ERROR] LogOutputStream:75 - [STDERR_REDIRECT] 
2025-09-19 19:09:15,574 [ERROR] LogOutputStream:75 - [STDERR_REDIRECT] [Fatal Error] :1:1: Premature end of file.
2025-09-19 19:09:15,574 [ERROR] LogOutputStream:75 - [STDERR_REDIRECT] 
2025-09-19 19:09:16,585 [ERROR] LogOutputStream:75 - [STDERR_REDIRECT] [Fatal Error] :1:1: Premature end of file.
2025-09-19 19:09:16,585 [ERROR] LogOutputStream:75 - [STDERR_REDIRECT] 
2025-09-19 19:09:17,666 [ERROR] LogOutputStream:75 - [STDERR_REDIRECT] [Fatal Error] :1:1: Premature end of file.
2025-09-19 19:09:17,666 [ERROR] LogOutputStream:75 - [STDERR_REDIRECT] 
2025-09-19 19:09:18,574 [ERROR] LogOutputStream:75 - [STDERR_REDIRECT] [Fatal Error] :1:1: Premature end of file.
2025-09-19 19:09:18,574 [ERROR] LogOutputStream:75 - [STDERR_REDIRECT] 
2025-09-19 19:09:19,581 [ERROR] LogOutputStream:75 - [STDERR_REDIRECT] [Fatal Error] :1:1: Premature end of file.
2025-09-19 19:09:19,581 [ERROR] LogOutputStream:75 - [STDERR_REDIRECT] 
2025-09-19 19:09:20,579 [ERROR] LogOutputStream:75 - [STDERR_REDIRECT] [Fatal Error] :1:1: Premature end of file.
2025-09-19 19:09:20,579 [ERROR] LogOutputStream:75 - [STDERR_REDIRECT] 
2025-09-19 19:09:21,597 [ERROR] LogOutputStream:75 - [STDERR_REDIRECT] [Fatal Error] :1:1: Premature end of file.
2025-09-19 19:09:21,598 [ERROR] LogOutputStream:75 - [STDERR_REDIRECT] 
2025-09-19 19:09:22,577 [ERROR] LogOutputStream:75 - [STDERR_REDIRECT] [Fatal Error] :1:1: Premature end of file.
2025-09-19 19:09:22,577 [ERROR] LogOutputStream:75 - [STDERR_REDIRECT] 
2025-09-19 19:09:23,575 [ERROR] LogOutputStream:75 - [STDERR_REDIRECT] [Fatal Error] :1:1: Premature end of file.
2025-09-19 19:09:23,575 [ERROR] LogOutputStream:75 - [STDERR_REDIRECT] 
2025-09-19 19:09:24,579 [ERROR] LogOutputStream:75 - [STDERR_REDIRECT] [Fatal Error] :1:1: Premature end of file.
2025-09-19 19:09:24,579 [ERROR] LogOutputStream:75 - [STDERR_REDIRECT] 
2025-09-19 19:09:25,601 [ERROR] LogOutputStream:75 - [STDERR_REDIRECT] [Fatal Error] :1:1: Premature end of file.
2025-09-19 19:09:25,601 [ERROR] LogOutputStream:75 - [STDERR_REDIRECT] 
2025-09-19 19:09:26,590 [ERROR] LogOutputStream:75 - [STDERR_REDIRECT] [Fatal Error] :1:1: Premature end of file.
2025-09-19 19:09:26,590 [ERROR] LogOutputStream:75 - [STDERR_REDIRECT] 
2025-09-19 19:09:27,598 [ERROR] LogOutputStream:75 - [STDERR_REDIRECT] [Fatal Error] :1:1: Premature end of file.
2025-09-19 19:09:27,599 [ERROR] LogOutputStream:75 - [STDERR_REDIRECT] 
2025-09-19 19:09:28,571 [ERROR] LogOutputStream:75 - [STDERR_REDIRECT] [Fatal Error] :1:1: Premature end of file.
2025-09-19 19:09:28,571 [ERROR] LogOutputStream:75 - [STDERR_REDIRECT] 
2025-09-19 19:09:29,574 [ERROR] LogOutputStream:75 - [STDERR_REDIRECT] [Fatal Error] :1:1: Premature end of file.
2025-09-19 19:09:29,574 [ERROR] LogOutputStream:75 - [STDERR_REDIRECT] 
2025-09-19 19:09:30,572 [ERROR] LogOutputStream:75 - [STDERR_REDIRECT] [Fatal Error] :1:1: Premature end of file.
2025-09-19 19:09:30,573 [ERROR] LogOutputStream:75 - [STDERR_REDIRECT] 
2025-09-19 19:09:31,582 [ERROR] LogOutputStream:75 - [STDERR_REDIRECT] [Fatal Error] :1:1: Premature end of file.
2025-09-19 19:09:31,582 [ERROR] LogOutputStream:75 - [STDERR_REDIRECT] 
2025-09-19 19:09:32,594 [ERROR] LogOutputStream:75 - [STDERR_REDIRECT] [Fatal Error] :1:1: Premature end of file.
2025-09-19 19:09:32,594 [ERROR] LogOutputStream:75 - [STDERR_REDIRECT] 
2025-09-19 19:09:33,568 [ERROR] LogOutputStream:75 - [STDERR_REDIRECT] [Fatal Error] :1:1: Premature end of file.
2025-09-19 19:09:33,568 [ERROR] LogOutputStream:75 - [STDERR_REDIRECT] 
2025-09-19 19:09:34,573 [ERROR] LogOutputStream:75 - [STDERR_REDIRECT] [Fatal Error] :1:1: Premature end of file.
2025-09-19 19:09:34,574 [ERROR] LogOutputStream:75 - [STDERR_REDIRECT] 
2025-09-19 19:09:35,582 [ERROR] LogOutputStream:75 - [STDERR_REDIRECT] [Fatal Error] :1:1: Premature end of file.
2025-09-19 19:09:35,582 [ERROR] LogOutputStream:75 - [STDERR_REDIRECT] 
2025-09-19 19:09:36,576 [ERROR] LogOutputStream:75 - [STDERR_REDIRECT] [Fatal Error] :1:1: Premature end of file.
2025-09-19 19:09:36,576 [ERROR] LogOutputStream:75 - [STDERR_REDIRECT] 
2025-09-19 19:09:37,572 [ERROR] LogOutputStream:75 - [STDERR_REDIRECT] [Fatal Error] :1:1: Premature end of file.
2025-09-19 19:09:37,573 [ERROR] LogOutputStream:75 - [STDERR_REDIRECT] 
2025-09-19 19:09:38,580 [ERROR] LogOutputStream:75 - [STDERR_REDIRECT] [Fatal Error] :1:1: Premature end of file.
2025-09-19 19:09:38,580 [ERROR] LogOutputStream:75 - [STDERR_REDIRECT] 
2025-09-19 19:09:39,569 [ERROR] LogOutputStream:75 - [STDERR_REDIRECT] [Fatal Error] :1:1: Premature end of file.
2025-09-19 19:09:39,570 [ERROR] LogOutputStream:75 - [STDERR_REDIRECT] 
2025-09-19 19:09:40,580 [ERROR] LogOutputStream:75 - [STDERR_REDIRECT] [Fatal Error] :1:1: Premature end of file.
2025-09-19 19:09:40,580 [ERROR] LogOutputStream:75 - [STDERR_REDIRECT] 
2025-09-19 19:09:41,571 [ERROR] LogOutputStream:75 - [STDERR_REDIRECT] [Fatal Error] :1:1: Premature end of file.
2025-09-19 19:09:41,571 [ERROR] LogOutputStream:75 - [STDERR_REDIRECT] 
2025-09-19 19:09:42,579 [ERROR] LogOutputStream:75 - [STDERR_REDIRECT] [Fatal Error] :1:1: Premature end of file.
2025-09-19 19:09:42,579 [ERROR] LogOutputStream:75 - [STDERR_REDIRECT] 
2025-09-19 19:09:43,570 [ERROR] LogOutputStream:75 - [STDERR_REDIRECT] [Fatal Error] :1:1: Premature end of file.
2025-09-19 19:09:43,570 [ERROR] LogOutputStream:75 - [STDERR_REDIRECT] 
2025-09-19 19:09:44,575 [ERROR] LogOutputStream:75 - [STDERR_REDIRECT] [Fatal Error] :1:1: Premature end of file.
2025-09-19 19:09:44,575 [ERROR] LogOutputStream:75 - [STDERR_REDIRECT] 
2025-09-19 19:09:45,570 [ERROR] LogOutputStream:75 - [STDERR_REDIRECT] [Fatal Error] :1:1: Premature end of file.
2025-09-19 19:09:45,570 [ERROR] LogOutputStream:75 - [STDERR_REDIRECT] 
2025-09-19 19:09:46,581 [ERROR] LogOutputStream:75 - [STDERR_REDIRECT] [Fatal Error] :1:1: Premature end of file.
2025-09-19 19:09:46,581 [ERROR] LogOutputStream:75 - [STDERR_REDIRECT] 
2025-09-19 19:09:47,575 [ERROR] LogOutputStream:75 - [STDERR_REDIRECT] [Fatal Error] :1:1: Premature end of file.
2025-09-19 19:09:47,575 [ERROR] LogOutputStream:75 - [STDERR_REDIRECT] 
2025-09-19 19:09:48,577 [ERROR] LogOutputStream:75 - [STDERR_REDIRECT] [Fatal Error] :1:1: Premature end of file.
2025-09-19 19:09:48,577 [ERROR] LogOutputStream:75 - [STDERR_REDIRECT] 
2025-09-19 19:09:49,576 [ERROR] LogOutputStream:75 - [STDERR_REDIRECT] [Fatal Error] :1:1: Premature end of file.
2025-09-19 19:09:49,576 [ERROR] LogOutputStream:75 - [STDERR_REDIRECT] 
2025-09-19 19:09:50,572 [ERROR] LogOutputStream:75 - [STDERR_REDIRECT] [Fatal Error] :1:1: Premature end of file.
2025-09-19 19:09:50,572 [ERROR] LogOutputStream:75 - [STDERR_REDIRECT] 
2025-09-19 19:09:51,581 [ERROR] LogOutputStream:75 - [STDERR_REDIRECT] [Fatal Error] :1:1: Premature end of file.
2025-09-19 19:09:51,581 [ERROR] LogOutputStream:75 - [STDERR_REDIRECT] 
2025-09-19 19:09:52,583 [ERROR] LogOutputStream:75 - [STDERR_REDIRECT] [Fatal Error] :1:1: Premature end of file.
2025-09-19 19:09:52,583 [ERROR] LogOutputStream:75 - [STDERR_REDIRECT] 
2025-09-19 19:09:53,577 [ERROR] LogOutputStream:75 - [STDERR_REDIRECT] [Fatal Error] :1:1: Premature end of file.
2025-09-19 19:09:53,578 [ERROR] LogOutputStream:75 - [STDERR_REDIRECT] 
2025-09-19 19:09:54,574 [ERROR] LogOutputStream:75 - [STDERR_REDIRECT] [Fatal Error] :1:1: Premature end of file.
2025-09-19 19:09:54,574 [ERROR] LogOutputStream:75 - [STDERR_REDIRECT] 
2025-09-19 19:09:55,574 [ERROR] LogOutputStream:75 - [STDERR_REDIRECT] [Fatal Error] :1:1: Premature end of file.
2025-09-19 19:09:55,574 [ERROR] LogOutputStream:75 - [STDERR_REDIRECT] 
2025-09-19 19:09:56,578 [ERROR] LogOutputStream:75 - [STDERR_REDIRECT] [Fatal Error] :1:1: Premature end of file.
2025-09-19 19:09:56,578 [ERROR] LogOutputStream:75 - [STDERR_REDIRECT] 
2025-09-19 19:09:57,571 [ERROR] LogOutputStream:75 - [STDERR_REDIRECT] [Fatal Error] :1:1: Premature end of file.
2025-09-19 19:09:57,571 [ERROR] LogOutputStream:75 - [STDERR_REDIRECT] 
2025-09-19 19:09:58,583 [ERROR] LogOutputStream:75 - [STDERR_REDIRECT] [Fatal Error] :1:1: Premature end of file.
2025-09-19 19:09:58,583 [ERROR] LogOutputStream:75 - [STDERR_REDIRECT] 
2025-09-19 19:09:59,572 [ERROR] LogOutputStream:75 - [STDERR_REDIRECT] [Fatal Error] :1:1: Premature end of file.
2025-09-19 19:09:59,572 [ERROR] LogOutputStream:75 - [STDERR_REDIRECT] 
2025-09-19 19:10:00,572 [ERROR] LogOutputStream:75 - [STDERR_REDIRECT] [Fatal Error] :1:1: Premature end of file.
2025-09-19 19:10:00,572 [ERROR] LogOutputStream:75 - [STDERR_REDIRECT] 
2025-09-19 19:10:01,583 [ERROR] LogOutputStream:75 - [STDERR_REDIRECT] [Fatal Error] :1:1: Premature end of file.
2025-09-19 19:10:01,584 [ERROR] LogOutputStream:75 - [STDERR_REDIRECT] 
2025-09-19 19:10:02,574 [ERROR] LogOutputStream:75 - [STDERR_REDIRECT] [Fatal Error] :1:1: Premature end of file.
2025-09-19 19:10:02,575 [ERROR] LogOutputStream:75 - [STDERR_REDIRECT] 
2025-09-19 19:10:03,580 [ERROR] LogOutputStream:75 - [STDERR_REDIRECT] [Fatal Error] :1:1: Premature end of file.
2025-09-19 19:10:03,580 [ERROR] LogOutputStream:75 - [STDERR_REDIRECT] 
2025-09-19 19:10:04,578 [ERROR] LogOutputStream:75 - [STDERR_REDIRECT] [Fatal Error] :1:1: Premature end of file.
2025-09-19 19:10:04,578 [ERROR] LogOutputStream:75 - [STDERR_REDIRECT] 
2025-09-19 19:10:05,571 [ERROR] LogOutputStream:75 - [STDERR_REDIRECT] [Fatal Error] :1:1: Premature end of file.
2025-09-19 19:10:05,571 [ERROR] LogOutputStream:75 - [STDERR_REDIRECT] 
2025-09-19 19:10:06,580 [ERROR] LogOutputStream:75 - [STDERR_REDIRECT] [Fatal Error] :1:1: Premature end of file.
2025-09-19 19:10:06,580 [ERROR] LogOutputStream:75 - [STDERR_REDIRECT] 
2025-09-19 19:10:07,567 [ERROR] LogOutputStream:75 - [STDERR_REDIRECT] [Fatal Error] :1:1: Premature end of file.
2025-09-19 19:10:07,567 [ERROR] LogOutputStream:75 - [STDERR_REDIRECT] 
2025-09-19 19:10:08,586 [ERROR] LogOutputStream:75 - [STDERR_REDIRECT] [Fatal Error] :1:1: Premature end of file.
2025-09-19 19:10:08,587 [ERROR] LogOutputStream:75 - [STDERR_REDIRECT] 
2025-09-19 19:10:09,570 [ERROR] LogOutputStream:75 - [STDERR_REDIRECT] [Fatal Error] :1:1: Premature end of file.
2025-09-19 19:10:09,570 [ERROR] LogOutputStream:75 - [STDERR_REDIRECT] 
2025-09-19 19:10:10,569 [ERROR] LogOutputStream:75 - [STDERR_REDIRECT] [Fatal Error] :1:1: Premature end of file.
2025-09-19 19:10:10,570 [ERROR] LogOutputStream:75 - [STDERR_REDIRECT] 
2025-09-19 19:10:11,584 [ERROR] LogOutputStream:75 - [STDERR_REDIRECT] [Fatal Error] :1:1: Premature end of file.
2025-09-19 19:10:11,584 [ERROR] LogOutputStream:75 - [STDERR_REDIRECT] 
2025-09-19 19:10:12,578 [ERROR] LogOutputStream:75 - [STDERR_REDIRECT] [Fatal Error] :1:1: Premature end of file.
2025-09-19 19:10:12,578 [ERROR] LogOutputStream:75 - [STDERR_REDIRECT] 
2025-09-19 19:10:13,574 [ERROR] LogOutputStream:75 - [STDERR_REDIRECT] [Fatal Error] :1:1: Premature end of file.
2025-09-19 19:10:13,574 [ERROR] LogOutputStream:75 - [STDERR_REDIRECT] 
2025-09-19 19:10:14,597 [ERROR] LogOutputStream:75 - [STDERR_REDIRECT] [Fatal Error] :1:1: Premature end of file.
2025-09-19 19:10:14,598 [ERROR] LogOutputStream:75 - [STDERR_REDIRECT] 
2025-09-19 19:10:15,581 [ERROR] LogOutputStream:75 - [STDERR_REDIRECT] [Fatal Error] :1:1: Premature end of file.
2025-09-19 19:10:15,581 [ERROR] LogOutputStream:75 - [STDERR_REDIRECT] 
2025-09-19 19:10:16,581 [ERROR] LogOutputStream:75 - [STDERR_REDIRECT] [Fatal Error] :1:1: Premature end of file.
2025-09-19 19:10:16,582 [ERROR] LogOutputStream:75 - [STDERR_REDIRECT] 
2025-09-19 19:10:17,573 [ERROR] LogOutputStream:75 - [STDERR_REDIRECT] [Fatal Error] :1:1: Premature end of file.
2025-09-19 19:10:17,573 [ERROR] LogOutputStream:75 - [STDERR_REDIRECT] 
2025-09-19 19:10:18,570 [ERROR] LogOutputStream:75 - [STDERR_REDIRECT] [Fatal Error] :1:1: Premature end of file.
2025-09-19 19:10:18,570 [ERROR] LogOutputStream:75 - [STDERR_REDIRECT] 
2025-09-19 19:10:19,576 [ERROR] LogOutputStream:75 - [STDERR_REDIRECT] [Fatal Error] :1:1: Premature end of file.
2025-09-19 19:10:19,576 [ERROR] LogOutputStream:75 - [STDERR_REDIRECT] 
2025-09-19 19:10:20,582 [ERROR] LogOutputStream:75 - [STDERR_REDIRECT] [Fatal Error] :1:1: Premature end of file.
2025-09-19 19:10:20,583 [ERROR] LogOutputStream:75 - [STDERR_REDIRECT] 
2025-09-19 19:10:21,578 [ERROR] LogOutputStream:75 - [STDERR_REDIRECT] [Fatal Error] :1:1: Premature end of file.
2025-09-19 19:10:21,579 [ERROR] LogOutputStream:75 - [STDERR_REDIRECT] 
2025-09-19 19:10:22,578 [ERROR] LogOutputStream:75 - [STDERR_REDIRECT] [Fatal Error] :1:1: Premature end of file.
2025-09-19 19:10:22,578 [ERROR] LogOutputStream:75 - [STDERR_REDIRECT] 
2025-09-19 19:10:23,568 [ERROR] LogOutputStream:75 - [STDERR_REDIRECT] [Fatal Error] :1:1: Premature end of file.
2025-09-19 19:10:23,570 [ERROR] LogOutputStream:75 - [STDERR_REDIRECT] 
2025-09-19 19:10:24,583 [ERROR] LogOutputStream:75 - [STDERR_REDIRECT] [Fatal Error] :1:1: Premature end of file.
2025-09-19 19:10:24,583 [ERROR] LogOutputStream:75 - [STDERR_REDIRECT] 
2025-09-19 19:10:25,583 [ERROR] LogOutputStream:75 - [STDERR_REDIRECT] [Fatal Error] :1:1: Premature end of file.
2025-09-19 19:10:25,583 [ERROR] LogOutputStream:75 - [STDERR_REDIRECT] 
2025-09-19 19:10:26,580 [ERROR] LogOutputStream:75 - [STDERR_REDIRECT] [Fatal Error] :1:1: Premature end of file.
2025-09-19 19:10:26,580 [ERROR] LogOutputStream:75 - [STDERR_REDIRECT] 
2025-09-19 19:10:27,566 [ERROR] LogOutputStream:75 - [STDERR_REDIRECT] [Fatal Error] :1:1: Premature end of file.
2025-09-19 19:10:27,566 [ERROR] LogOutputStream:75 - [STDERR_REDIRECT] 
2025-09-19 19:10:28,578 [ERROR] LogOutputStream:75 - [STDERR_REDIRECT] [Fatal Error] :1:1: Premature end of file.
2025-09-19 19:10:28,578 [ERROR] LogOutputStream:75 - [STDERR_REDIRECT] 
2025-09-19 19:10:29,584 [ERROR] LogOutputStream:75 - [STDERR_REDIRECT] [Fatal Error] :1:1: Premature end of file.
2025-09-19 19:10:29,585 [ERROR] LogOutputStream:75 - [STDERR_REDIRECT] 
2025-09-19 19:10:30,581 [ERROR] LogOutputStream:75 - [STDERR_REDIRECT] [Fatal Error] :1:1: Premature end of file.
2025-09-19 19:10:30,581 [ERROR] LogOutputStream:75 - [STDERR_REDIRECT] 
2025-09-19 19:10:31,570 [ERROR] LogOutputStream:75 - [STDERR_REDIRECT] [Fatal Error] :1:1: Premature end of file.
2025-09-19 19:10:31,570 [ERROR] LogOutputStream:75 - [STDERR_REDIRECT] 
2025-09-19 19:10:32,573 [ERROR] LogOutputStream:75 - [STDERR_REDIRECT] [Fatal Error] :1:1: Premature end of file.
2025-09-19 19:10:32,574 [ERROR] LogOutputStream:75 - [STDERR_REDIRECT] 
2025-09-19 19:10:33,587 [ERROR] LogOutputStream:75 - [STDERR_REDIRECT] [Fatal Error] :1:1: Premature end of file.
2025-09-19 19:10:33,587 [ERROR] LogOutputStream:75 - [STDERR_REDIRECT] 
2025-09-19 19:10:34,572 [ERROR] LogOutputStream:75 - [STDERR_REDIRECT] [Fatal Error] :1:1: Premature end of file.
2025-09-19 19:10:34,572 [ERROR] LogOutputStream:75 - [STDERR_REDIRECT] 
2025-09-19 19:10:35,572 [ERROR] LogOutputStream:75 - [STDERR_REDIRECT] [Fatal Error] :1:1: Premature end of file.
2025-09-19 19:10:35,572 [ERROR] LogOutputStream:75 - [STDERR_REDIRECT] 
2025-09-19 19:10:36,582 [ERROR] LogOutputStream:75 - [STDERR_REDIRECT] [Fatal Error] :1:1: Premature end of file.
2025-09-19 19:10:36,582 [ERROR] LogOutputStream:75 - [STDERR_REDIRECT] 
2025-09-19 19:10:37,581 [ERROR] LogOutputStream:75 - [STDERR_REDIRECT] [Fatal Error] :1:1: Premature end of file.
2025-09-19 19:10:37,581 [ERROR] LogOutputStream:75 - [STDERR_REDIRECT] 
2025-09-19 19:10:38,583 [ERROR] LogOutputStream:75 - [STDERR_REDIRECT] [Fatal Error] :1:1: Premature end of file.
2025-09-19 19:10:38,583 [ERROR] LogOutputStream:75 - [STDERR_REDIRECT] 
2025-09-19 19:10:39,572 [ERROR] LogOutputStream:75 - [STDERR_REDIRECT] [Fatal Error] :1:1: Premature end of file.
2025-09-19 19:10:39,572 [ERROR] LogOutputStream:75 - [STDERR_REDIRECT] 
2025-09-19 19:10:40,590 [ERROR] LogOutputStream:75 - [STDERR_REDIRECT] [Fatal Error] :1:1: Premature end of file.
2025-09-19 19:10:40,591 [ERROR] LogOutputStream:75 - [STDERR_REDIRECT] 
2025-09-19 19:10:41,580 [ERROR] LogOutputStream:75 - [STDERR_REDIRECT] [Fatal Error] :1:1: Premature end of file.
2025-09-19 19:10:41,580 [ERROR] LogOutputStream:75 - [STDERR_REDIRECT] 
2025-09-19 19:10:42,572 [ERROR] LogOutputStream:75 - [STDERR_REDIRECT] [Fatal Error] :1:1: Premature end of file.
2025-09-19 19:10:42,572 [ERROR] LogOutputStream:75 - [STDERR_REDIRECT] 
2025-09-19 19:10:43,572 [ERROR] LogOutputStream:75 - [STDERR_REDIRECT] [Fatal Error] :1:1: Premature end of file.
2025-09-19 19:10:43,572 [ERROR] LogOutputStream:75 - [STDERR_REDIRECT] 
2025-09-19 19:10:44,581 [ERROR] LogOutputStream:75 - [STDERR_REDIRECT] [Fatal Error] :1:1: Premature end of file.
2025-09-19 19:10:44,582 [ERROR] LogOutputStream:75 - [STDERR_REDIRECT] 
2025-09-19 19:10:45,588 [ERROR] LogOutputStream:75 - [STDERR_REDIRECT] [Fatal Error] :1:1: Premature end of file.
2025-09-19 19:10:45,589 [ERROR] LogOutputStream:75 - [STDERR_REDIRECT] 
2025-09-19 19:10:46,588 [ERROR] LogOutputStream:75 - [STDERR_REDIRECT] [Fatal Error] :1:1: Premature end of file.
2025-09-19 19:10:46,588 [ERROR] LogOutputStream:75 - [STDERR_REDIRECT] 
2025-09-19 19:10:47,587 [ERROR] LogOutputStream:75 - [STDERR_REDIRECT] [Fatal Error] :1:1: Premature end of file.
2025-09-19 19:10:47,587 [ERROR] LogOutputStream:75 - [STDERR_REDIRECT] 
2025-09-19 19:10:48,578 [ERROR] LogOutputStream:75 - [STDERR_REDIRECT] [Fatal Error] :1:1: Premature end of file.
2025-09-19 19:10:48,578 [ERROR] LogOutputStream:75 - [STDERR_REDIRECT] 
2025-09-19 19:10:49,581 [ERROR] LogOutputStream:75 - [STDERR_REDIRECT] [Fatal Error] :1:1: Premature end of file.
2025-09-19 19:10:49,581 [ERROR] LogOutputStream:75 - [STDERR_REDIRECT] 
2025-09-19 19:10:50,572 [ERROR] LogOutputStream:75 - [STDERR_REDIRECT] [Fatal Error] :1:1: Premature end of file.
2025-09-19 19:10:50,572 [ERROR] LogOutputStream:75 - [STDERR_REDIRECT] 
2025-09-19 19:10:51,586 [ERROR] LogOutputStream:75 - [STDERR_REDIRECT] [Fatal Error] :1:1: Premature end of file.
2025-09-19 19:10:51,588 [ERROR] LogOutputStream:75 - [STDERR_REDIRECT] 
2025-09-19 19:10:52,575 [ERROR] LogOutputStream:75 - [STDERR_REDIRECT] [Fatal Error] :1:1: Premature end of file.
2025-09-19 19:10:52,575 [ERROR] LogOutputStream:75 - [STDERR_REDIRECT] 
2025-09-19 19:10:53,569 [ERROR] LogOutputStream:75 - [STDERR_REDIRECT] [Fatal Error] :1:1: Premature end of file.
2025-09-19 19:10:53,570 [ERROR] LogOutputStream:75 - [STDERR_REDIRECT] 
2025-09-19 19:10:54,576 [ERROR] LogOutputStream:75 - [STDERR_REDIRECT] [Fatal Error] :1:1: Premature end of file.
2025-09-19 19:10:54,576 [ERROR] LogOutputStream:75 - [STDERR_REDIRECT] 
2025-09-19 19:10:55,576 [ERROR] LogOutputStream:75 - [STDERR_REDIRECT] [Fatal Error] :1:1: Premature end of file.
2025-09-19 19:10:55,576 [ERROR] LogOutputStream:75 - [STDERR_REDIRECT] 
2025-09-19 19:10:56,576 [ERROR] LogOutputStream:75 - [STDERR_REDIRECT] [Fatal Error] :1:1: Premature end of file.
2025-09-19 19:10:56,577 [ERROR] LogOutputStream:75 - [STDERR_REDIRECT] 
2025-09-19 19:10:57,580 [ERROR] LogOutputStream:75 - [STDERR_REDIRECT] [Fatal Error] :1:1: Premature end of file.
2025-09-19 19:10:57,580 [ERROR] LogOutputStream:75 - [STDERR_REDIRECT] 
2025-09-19 19:10:58,577 [ERROR] LogOutputStream:75 - [STDERR_REDIRECT] [Fatal Error] :1:1: Premature end of file.
2025-09-19 19:10:58,577 [ERROR] LogOutputStream:75 - [STDERR_REDIRECT] 
2025-09-19 19:10:59,568 [ERROR] LogOutputStream:75 - [STDERR_REDIRECT] [Fatal Error] :1:1: Premature end of file.
2025-09-19 19:10:59,568 [ERROR] LogOutputStream:75 - [STDERR_REDIRECT] 
2025-09-19 19:11:00,580 [ERROR] LogOutputStream:75 - [STDERR_REDIRECT] [Fatal Error] :1:1: Premature end of file.
2025-09-19 19:11:00,581 [ERROR] LogOutputStream:75 - [STDERR_REDIRECT] 
2025-09-19 19:11:01,581 [ERROR] LogOutputStream:75 - [STDERR_REDIRECT] [Fatal Error] :1:1: Premature end of file.
2025-09-19 19:11:01,581 [ERROR] LogOutputStream:75 - [STDERR_REDIRECT] 
2025-09-19 19:11:02,576 [ERROR] LogOutputStream:75 - [STDERR_REDIRECT] [Fatal Error] :1:1: Premature end of file.
2025-09-19 19:11:02,577 [ERROR] LogOutputStream:75 - [STDERR_REDIRECT] 
2025-09-19 19:11:03,570 [ERROR] LogOutputStream:75 - [STDERR_REDIRECT] [Fatal Error] :1:1: Premature end of file.
2025-09-19 19:11:03,570 [ERROR] LogOutputStream:75 - [STDERR_REDIRECT] 
2025-09-19 19:11:04,585 [ERROR] LogOutputStream:75 - [STDERR_REDIRECT] [Fatal Error] :1:1: Premature end of file.
2025-09-19 19:11:04,585 [ERROR] LogOutputStream:75 - [STDERR_REDIRECT] 
2025-09-19 19:11:05,585 [ERROR] LogOutputStream:75 - [STDERR_REDIRECT] [Fatal Error] :1:1: Premature end of file.
2025-09-19 19:11:05,585 [ERROR] LogOutputStream:75 - [STDERR_REDIRECT] 
2025-09-19 19:11:06,578 [ERROR] LogOutputStream:75 - [STDERR_REDIRECT] [Fatal Error] :1:1: Premature end of file.
2025-09-19 19:11:06,578 [ERROR] LogOutputStream:75 - [STDERR_REDIRECT] 
2025-09-19 19:11:07,572 [ERROR] LogOutputStream:75 - [STDERR_REDIRECT] [Fatal Error] :1:1: Premature end of file.
2025-09-19 19:11:07,572 [ERROR] LogOutputStream:75 - [STDERR_REDIRECT] 
2025-09-19 19:11:08,570 [ERROR] LogOutputStream:75 - [STDERR_REDIRECT] [Fatal Error] :1:1: Premature end of file.
2025-09-19 19:11:08,571 [ERROR] LogOutputStream:75 - [STDERR_REDIRECT] 
2025-09-19 19:11:09,580 [ERROR] LogOutputStream:75 - [STDERR_REDIRECT] [Fatal Error] :1:1: Premature end of file.
2025-09-19 19:11:09,580 [ERROR] LogOutputStream:75 - [STDERR_REDIRECT] 
2025-09-19 19:11:10,579 [ERROR] LogOutputStream:75 - [STDERR_REDIRECT] [Fatal Error] :1:1: Premature end of file.
2025-09-19 19:11:10,579 [ERROR] LogOutputStream:75 - [STDERR_REDIRECT] 
2025-09-19 19:11:11,579 [ERROR] LogOutputStream:75 - [STDERR_REDIRECT] [Fatal Error] :1:1: Premature end of file.
2025-09-19 19:11:11,579 [ERROR] LogOutputStream:75 - [STDERR_REDIRECT] 
2025-09-19 19:11:12,604 [ERROR] LogOutputStream:75 - [STDERR_REDIRECT] [Fatal Error] :1:1: Premature end of file.
2025-09-19 19:11:12,604 [ERROR] LogOutputStream:75 - [STDERR_REDIRECT] 
2025-09-19 19:11:13,581 [ERROR] LogOutputStream:75 - [STDERR_REDIRECT] [Fatal Error] :1:1: Premature end of file.
2025-09-19 19:11:13,581 [ERROR] LogOutputStream:75 - [STDERR_REDIRECT] 
2025-09-19 19:11:14,578 [ERROR] LogOutputStream:75 - [STDERR_REDIRECT] [Fatal Error] :1:1: Premature end of file.
2025-09-19 19:11:14,579 [ERROR] LogOutputStream:75 - [STDERR_REDIRECT] 
2025-09-19 19:11:15,573 [ERROR] LogOutputStream:75 - [STDERR_REDIRECT] [Fatal Error] :1:1: Premature end of file.
2025-09-19 19:11:15,573 [ERROR] LogOutputStream:75 - [STDERR_REDIRECT] 
2025-09-19 19:11:16,583 [ERROR] LogOutputStream:75 - [STDERR_REDIRECT] [Fatal Error] :1:1: Premature end of file.
2025-09-19 19:11:16,583 [ERROR] LogOutputStream:75 - [STDERR_REDIRECT] 
2025-09-19 19:11:17,575 [ERROR] LogOutputStream:75 - [STDERR_REDIRECT] [Fatal Error] :1:1: Premature end of file.
2025-09-19 19:11:17,575 [ERROR] LogOutputStream:75 - [STDERR_REDIRECT] 
2025-09-19 19:11:18,581 [ERROR] LogOutputStream:75 - [STDERR_REDIRECT] [Fatal Error] :1:1: Premature end of file.
2025-09-19 19:11:18,583 [ERROR] LogOutputStream:75 - [STDERR_REDIRECT] 
2025-09-19 19:11:19,581 [ERROR] LogOutputStream:75 - [STDERR_REDIRECT] [Fatal Error] :1:1: Premature end of file.
2025-09-19 19:11:19,581 [ERROR] LogOutputStream:75 - [STDERR_REDIRECT] 
2025-09-19 19:11:20,575 [ERROR] LogOutputStream:75 - [STDERR_REDIRECT] [Fatal Error] :1:1: Premature end of file.
2025-09-19 19:11:20,577 [ERROR] LogOutputStream:75 - [STDERR_REDIRECT] 
2025-09-19 19:11:21,569 [ERROR] LogOutputStream:75 - [STDERR_REDIRECT] [Fatal Error] :1:1: Premature end of file.
2025-09-19 19:11:21,570 [ERROR] LogOutputStream:75 - [STDERR_REDIRECT] 
2025-09-19 19:11:22,578 [ERROR] LogOutputStream:75 - [STDERR_REDIRECT] [Fatal Error] :1:1: Premature end of file.
2025-09-19 19:11:22,578 [ERROR] LogOutputStream:75 - [STDERR_REDIRECT] 
2025-09-19 19:11:23,566 [ERROR] LogOutputStream:75 - [STDERR_REDIRECT] [Fatal Error] :1:1: Premature end of file.
2025-09-19 19:11:23,567 [ERROR] LogOutputStream:75 - [STDERR_REDIRECT] 
2025-09-19 19:11:24,576 [ERROR] LogOutputStream:75 - [STDERR_REDIRECT] [Fatal Error] :1:1: Premature end of file.
2025-09-19 19:11:24,576 [ERROR] LogOutputStream:75 - [STDERR_REDIRECT] 
2025-09-19 19:11:25,574 [ERROR] LogOutputStream:75 - [STDERR_REDIRECT] [Fatal Error] :1:1: Premature end of file.
2025-09-19 19:11:25,574 [ERROR] LogOutputStream:75 - [STDERR_REDIRECT] 
2025-09-19 19:11:26,569 [ERROR] LogOutputStream:75 - [STDERR_REDIRECT] [Fatal Error] :1:1: Premature end of file.
2025-09-19 19:11:26,569 [ERROR] LogOutputStream:75 - [STDERR_REDIRECT] 
2025-09-19 19:11:27,573 [ERROR] LogOutputStream:75 - [STDERR_REDIRECT] [Fatal Error] :1:1: Premature end of file.
2025-09-19 19:11:27,573 [ERROR] LogOutputStream:75 - [STDERR_REDIRECT] 
2025-09-19 19:11:28,578 [ERROR] LogOutputStream:75 - [STDERR_REDIRECT] [Fatal Error] :1:1: Premature end of file.
2025-09-19 19:11:28,578 [ERROR] LogOutputStream:75 - [STDERR_REDIRECT] 
2025-09-19 19:11:29,569 [ERROR] LogOutputStream:75 - [STDERR_REDIRECT] [Fatal Error] :1:1: Premature end of file.
2025-09-19 19:11:29,569 [ERROR] LogOutputStream:75 - [STDERR_REDIRECT] 
2025-09-19 19:11:30,567 [ERROR] LogOutputStream:75 - [STDERR_REDIRECT] [Fatal Error] :1:1: Premature end of file.
2025-09-19 19:11:30,567 [ERROR] LogOutputStream:75 - [STDERR_REDIRECT] 
2025-09-19 19:11:31,587 [ERROR] LogOutputStream:75 - [STDERR_REDIRECT] [Fatal Error] :1:1: Premature end of file.
2025-09-19 19:11:31,587 [ERROR] LogOutputStream:75 - [STDERR_REDIRECT] 
2025-09-19 19:11:32,585 [ERROR] LogOutputStream:75 - [STDERR_REDIRECT] [Fatal Error] :1:1: Premature end of file.
2025-09-19 19:11:32,585 [ERROR] LogOutputStream:75 - [STDERR_REDIRECT] 
2025-09-19 19:11:33,584 [ERROR] LogOutputStream:75 - [STDERR_REDIRECT] [Fatal Error] :1:1: Premature end of file.
2025-09-19 19:11:33,584 [ERROR] LogOutputStream:75 - [STDERR_REDIRECT] 
2025-09-19 19:11:34,582 [ERROR] LogOutputStream:75 - [STDERR_REDIRECT] [Fatal Error] :1:1: Premature end of file.
2025-09-19 19:11:34,582 [ERROR] LogOutputStream:75 - [STDERR_REDIRECT] 
2025-09-19 19:11:35,580 [ERROR] LogOutputStream:75 - [STDERR_REDIRECT] [Fatal Error] :1:1: Premature end of file.
2025-09-19 19:11:35,580 [ERROR] LogOutputStream:75 - [STDERR_REDIRECT] 
2025-09-19 19:11:36,577 [ERROR] LogOutputStream:75 - [STDERR_REDIRECT] [Fatal Error] :1:1: Premature end of file.
2025-09-19 19:11:36,577 [ERROR] LogOutputStream:75 - [STDERR_REDIRECT] 
2025-09-19 19:11:37,577 [ERROR] LogOutputStream:75 - [STDERR_REDIRECT] [Fatal Error] :1:1: Premature end of file.
2025-09-19 19:11:37,577 [ERROR] LogOutputStream:75 - [STDERR_REDIRECT] 
2025-09-19 19:11:38,576 [ERROR] LogOutputStream:75 - [STDERR_REDIRECT] [Fatal Error] :1:1: Premature end of file.
2025-09-19 19:11:38,576 [ERROR] LogOutputStream:75 - [STDERR_REDIRECT] 
2025-09-19 19:11:39,575 [ERROR] LogOutputStream:75 - [STDERR_REDIRECT] [Fatal Error] :1:1: Premature end of file.
2025-09-19 19:11:39,575 [ERROR] LogOutputStream:75 - [STDERR_REDIRECT] 
2025-09-19 19:11:40,574 [ERROR] LogOutputStream:75 - [STDERR_REDIRECT] [Fatal Error] :1:1: Premature end of file.
2025-09-19 19:11:40,574 [ERROR] LogOutputStream:75 - [STDERR_REDIRECT] 
2025-09-19 19:11:41,570 [ERROR] LogOutputStream:75 - [STDERR_REDIRECT] [Fatal Error] :1:1: Premature end of file.
2025-09-19 19:11:41,570 [ERROR] LogOutputStream:75 - [STDERR_REDIRECT] 
2025-09-19 19:11:42,578 [ERROR] LogOutputStream:75 - [STDERR_REDIRECT] [Fatal Error] :1:1: Premature end of file.
2025-09-19 19:11:42,578 [ERROR] LogOutputStream:75 - [STDERR_REDIRECT] 
2025-09-19 19:11:43,575 [ERROR] LogOutputStream:75 - [STDERR_REDIRECT] [Fatal Error] :1:1: Premature end of file.
2025-09-19 19:11:43,575 [ERROR] LogOutputStream:75 - [STDERR_REDIRECT] 
2025-09-19 19:11:44,580 [ERROR] LogOutputStream:75 - [STDERR_REDIRECT] [Fatal Error] :1:1: Premature end of file.
2025-09-19 19:11:44,581 [ERROR] LogOutputStream:75 - [STDERR_REDIRECT] 
2025-09-19 19:11:45,572 [ERROR] LogOutputStream:75 - [STDERR_REDIRECT] [Fatal Error] :1:1: Premature end of file.
2025-09-19 19:11:45,572 [ERROR] LogOutputStream:75 - [STDERR_REDIRECT] 
2025-09-19 19:11:46,570 [ERROR] LogOutputStream:75 - [STDERR_REDIRECT] [Fatal Error] :1:1: Premature end of file.
2025-09-19 19:11:46,571 [ERROR] LogOutputStream:75 - [STDERR_REDIRECT] 
2025-09-19 19:11:47,582 [ERROR] LogOutputStream:75 - [STDERR_REDIRECT] [Fatal Error] :1:1: Premature end of file.
2025-09-19 19:11:47,582 [ERROR] LogOutputStream:75 - [STDERR_REDIRECT] 
2025-09-19 19:11:48,573 [ERROR] LogOutputStream:75 - [STDERR_REDIRECT] [Fatal Error] :1:1: Premature end of file.
2025-09-19 19:11:48,573 [ERROR] LogOutputStream:75 - [STDERR_REDIRECT] 
2025-09-19 19:11:49,570 [ERROR] LogOutputStream:75 - [STDERR_REDIRECT] [Fatal Error] :1:1: Premature end of file.
2025-09-19 19:11:49,570 [ERROR] LogOutputStream:75 - [STDERR_REDIRECT] 
2025-09-19 19:11:50,583 [ERROR] LogOutputStream:75 - [STDERR_REDIRECT] [Fatal Error] :1:1: Premature end of file.
2025-09-19 19:11:50,583 [ERROR] LogOutputStream:75 - [STDERR_REDIRECT] 
2025-09-19 19:11:51,571 [ERROR] LogOutputStream:75 - [STDERR_REDIRECT] [Fatal Error] :1:1: Premature end of file.
2025-09-19 19:11:51,571 [ERROR] LogOutputStream:75 - [STDERR_REDIRECT] 
2025-09-19 19:11:52,574 [ERROR] LogOutputStream:75 - [STDERR_REDIRECT] [Fatal Error] :1:1: Premature end of file.
2025-09-19 19:11:52,574 [ERROR] LogOutputStream:75 - [STDERR_REDIRECT] 
2025-09-19 19:11:53,567 [ERROR] LogOutputStream:75 - [STDERR_REDIRECT] [Fatal Error] :1:1: Premature end of file.
2025-09-19 19:11:53,567 [ERROR] LogOutputStream:75 - [STDERR_REDIRECT] 
2025-09-19 19:11:54,581 [ERROR] LogOutputStream:75 - [STDERR_REDIRECT] [Fatal Error] :1:1: Premature end of file.
2025-09-19 19:11:54,581 [ERROR] LogOutputStream:75 - [STDERR_REDIRECT] 
2025-09-19 19:11:55,567 [ERROR] LogOutputStream:75 - [STDERR_REDIRECT] [Fatal Error] :1:1: Premature end of file.
2025-09-19 19:11:55,567 [ERROR] LogOutputStream:75 - [STDERR_REDIRECT] 
2025-09-19 19:11:56,569 [ERROR] LogOutputStream:75 - [STDERR_REDIRECT] [Fatal Error] :1:1: Premature end of file.
2025-09-19 19:11:56,570 [ERROR] LogOutputStream:75 - [STDERR_REDIRECT] 
2025-09-19 19:11:57,582 [ERROR] LogOutputStream:75 - [STDERR_REDIRECT] [Fatal Error] :1:1: Premature end of file.
2025-09-19 19:11:57,582 [ERROR] LogOutputStream:75 - [STDERR_REDIRECT] 
2025-09-19 19:11:58,580 [ERROR] LogOutputStream:75 - [STDERR_REDIRECT] [Fatal Error] :1:1: Premature end of file.
2025-09-19 19:11:58,580 [ERROR] LogOutputStream:75 - [STDERR_REDIRECT] 
2025-09-19 19:11:59,568 [ERROR] LogOutputStream:75 - [STDERR_REDIRECT] [Fatal Error] :1:1: Premature end of file.
2025-09-19 19:11:59,569 [ERROR] LogOutputStream:75 - [STDERR_REDIRECT] 
2025-09-19 19:12:00,578 [ERROR] LogOutputStream:75 - [STDERR_REDIRECT] [Fatal Error] :1:1: Premature end of file.
2025-09-19 19:12:00,578 [ERROR] LogOutputStream:75 - [STDERR_REDIRECT] 
2025-09-19 19:12:01,579 [ERROR] LogOutputStream:75 - [STDERR_REDIRECT] [Fatal Error] :1:1: Premature end of file.
2025-09-19 19:12:01,580 [ERROR] LogOutputStream:75 - [STDERR_REDIRECT] 
2025-09-19 19:12:02,574 [ERROR] LogOutputStream:75 - [STDERR_REDIRECT] [Fatal Error] :1:1: Premature end of file.
2025-09-19 19:12:02,574 [ERROR] LogOutputStream:75 - [STDERR_REDIRECT] 
2025-09-19 19:12:03,574 [ERROR] LogOutputStream:75 - [STDERR_REDIRECT] [Fatal Error] :1:1: Premature end of file.
2025-09-19 19:12:03,574 [ERROR] LogOutputStream:75 - [STDERR_REDIRECT] 
2025-09-19 19:12:04,567 [ERROR] LogOutputStream:75 - [STDERR_REDIRECT] [Fatal Error] :1:1: Premature end of file.
2025-09-19 19:12:04,567 [ERROR] LogOutputStream:75 - [STDERR_REDIRECT] 
2025-09-19 19:12:05,575 [ERROR] LogOutputStream:75 - [STDERR_REDIRECT] [Fatal Error] :1:1: Premature end of file.
2025-09-19 19:12:05,575 [ERROR] LogOutputStream:75 - [STDERR_REDIRECT] 
2025-09-19 19:12:06,579 [ERROR] LogOutputStream:75 - [STDERR_REDIRECT] [Fatal Error] :1:1: Premature end of file.
2025-09-19 19:12:06,579 [ERROR] LogOutputStream:75 - [STDERR_REDIRECT] 
2025-09-19 19:12:07,573 [ERROR] LogOutputStream:75 - [STDERR_REDIRECT] [Fatal Error] :1:1: Premature end of file.
2025-09-19 19:12:07,573 [ERROR] LogOutputStream:75 - [STDERR_REDIRECT] 
2025-09-19 19:12:08,576 [ERROR] LogOutputStream:75 - [STDERR_REDIRECT] [Fatal Error] :1:1: Premature end of file.
2025-09-19 19:12:08,576 [ERROR] LogOutputStream:75 - [STDERR_REDIRECT] 
2025-09-19 19:12:09,583 [ERROR] LogOutputStream:75 - [STDERR_REDIRECT] [Fatal Error] :1:1: Premature end of file.
2025-09-19 19:12:09,583 [ERROR] LogOutputStream:75 - [STDERR_REDIRECT] 
2025-09-19 19:12:10,595 [ERROR] LogOutputStream:75 - [STDERR_REDIRECT] [Fatal Error] :1:1: Premature end of file.
2025-09-19 19:12:10,596 [ERROR] LogOutputStream:75 - [STDERR_REDIRECT] 
2025-09-19 19:12:11,574 [ERROR] LogOutputStream:75 - [STDERR_REDIRECT] [Fatal Error] :1:1: Premature end of file.
2025-09-19 19:12:11,574 [ERROR] LogOutputStream:75 - [STDERR_REDIRECT] 
2025-09-19 19:12:12,577 [ERROR] LogOutputStream:75 - [STDERR_REDIRECT] [Fatal Error] :1:1: Premature end of file.
2025-09-19 19:12:12,577 [ERROR] LogOutputStream:75 - [STDERR_REDIRECT] 
2025-09-19 19:12:13,572 [ERROR] LogOutputStream:75 - [STDERR_REDIRECT] [Fatal Error] :1:1: Premature end of file.
2025-09-19 19:12:13,572 [ERROR] LogOutputStream:75 - [STDERR_REDIRECT] 
2025-09-19 19:12:14,574 [ERROR] LogOutputStream:75 - [STDERR_REDIRECT] [Fatal Error] :1:1: Premature end of file.
2025-09-19 19:12:14,574 [ERROR] LogOutputStream:75 - [STDERR_REDIRECT] 
2025-09-19 19:12:15,573 [ERROR] LogOutputStream:75 - [STDERR_REDIRECT] [Fatal Error] :1:1: Premature end of file.
2025-09-19 19:12:15,573 [ERROR] LogOutputStream:75 - [STDERR_REDIRECT] 
2025-09-19 19:12:16,572 [ERROR] LogOutputStream:75 - [STDERR_REDIRECT] [Fatal Error] :1:1: Premature end of file.
2025-09-19 19:12:16,572 [ERROR] LogOutputStream:75 - [STDERR_REDIRECT] 
2025-09-19 19:12:17,570 [ERROR] LogOutputStream:75 - [STDERR_REDIRECT] [Fatal Error] :1:1: Premature end of file.
2025-09-19 19:12:17,570 [ERROR] LogOutputStream:75 - [STDERR_REDIRECT] 
2025-09-19 19:12:18,585 [ERROR] LogOutputStream:75 - [STDERR_REDIRECT] [Fatal Error] :1:1: Premature end of file.
2025-09-19 19:12:18,585 [ERROR] LogOutputStream:75 - [STDERR_REDIRECT] 
2025-09-19 19:12:19,573 [ERROR] LogOutputStream:75 - [STDERR_REDIRECT] [Fatal Error] :1:1: Premature end of file.
2025-09-19 19:12:19,575 [ERROR] LogOutputStream:75 - [STDERR_REDIRECT] 
2025-09-19 19:12:20,570 [ERROR] LogOutputStream:75 - [STDERR_REDIRECT] [Fatal Error] :1:1: Premature end of file.
2025-09-19 19:12:20,570 [ERROR] LogOutputStream:75 - [STDERR_REDIRECT] 
2025-09-19 19:12:21,584 [ERROR] LogOutputStream:75 - [STDERR_REDIRECT] [Fatal Error] :1:1: Premature end of file.
2025-09-19 19:12:21,584 [ERROR] LogOutputStream:75 - [STDERR_REDIRECT] 
2025-09-19 19:12:22,580 [ERROR] LogOutputStream:75 - [STDERR_REDIRECT] [Fatal Error] :1:1: Premature end of file.
2025-09-19 19:12:22,580 [ERROR] LogOutputStream:75 - [STDERR_REDIRECT] 
2025-09-19 19:12:23,581 [ERROR] LogOutputStream:75 - [STDERR_REDIRECT] [Fatal Error] :1:1: Premature end of file.
2025-09-19 19:12:23,581 [ERROR] LogOutputStream:75 - [STDERR_REDIRECT] 
2025-09-19 19:12:24,576 [ERROR] LogOutputStream:75 - [STDERR_REDIRECT] [Fatal Error] :1:1: Premature end of file.
2025-09-19 19:12:24,576 [ERROR] LogOutputStream:75 - [STDERR_REDIRECT] 
2025-09-19 19:12:25,574 [ERROR] LogOutputStream:75 - [STDERR_REDIRECT] [Fatal Error] :1:1: Premature end of file.
2025-09-19 19:12:25,574 [ERROR] LogOutputStream:75 - [STDERR_REDIRECT] 
2025-09-19 19:12:26,570 [ERROR] LogOutputStream:75 - [STDERR_REDIRECT] [Fatal Error] :1:1: Premature end of file.
2025-09-19 19:12:26,571 [ERROR] LogOutputStream:75 - [STDERR_REDIRECT] 
2025-09-19 19:12:27,573 [ERROR] LogOutputStream:75 - [STDERR_REDIRECT] [Fatal Error] :1:1: Premature end of file.
2025-09-19 19:12:27,574 [ERROR] LogOutputStream:75 - [STDERR_REDIRECT] 
2025-09-19 19:12:28,580 [ERROR] LogOutputStream:75 - [STDERR_REDIRECT] [Fatal Error] :1:1: Premature end of file.
2025-09-19 19:12:28,580 [ERROR] LogOutputStream:75 - [STDERR_REDIRECT] 
2025-09-19 19:12:29,567 [ERROR] LogOutputStream:75 - [STDERR_REDIRECT] [Fatal Error] :1:1: Premature end of file.
2025-09-19 19:12:29,569 [ERROR] LogOutputStream:75 - [STDERR_REDIRECT] 
2025-09-19 19:12:30,571 [ERROR] LogOutputStream:75 - [STDERR_REDIRECT] [Fatal Error] :1:1: Premature end of file.
2025-09-19 19:12:30,571 [ERROR] LogOutputStream:75 - [STDERR_REDIRECT] 
2025-09-19 19:12:31,582 [ERROR] LogOutputStream:75 - [STDERR_REDIRECT] [Fatal Error] :1:1: Premature end of file.
2025-09-19 19:12:31,582 [ERROR] LogOutputStream:75 - [STDERR_REDIRECT] 
2025-09-19 19:12:32,576 [ERROR] LogOutputStream:75 - [STDERR_REDIRECT] [Fatal Error] :1:1: Premature end of file.
2025-09-19 19:12:32,576 [ERROR] LogOutputStream:75 - [STDERR_REDIRECT] 
2025-09-19 19:12:33,573 [ERROR] LogOutputStream:75 - [STDERR_REDIRECT] [Fatal Error] :1:1: Premature end of file.
2025-09-19 19:12:33,573 [ERROR] LogOutputStream:75 - [STDERR_REDIRECT] 
2025-09-19 19:12:34,581 [ERROR] LogOutputStream:75 - [STDERR_REDIRECT] [Fatal Error] :1:1: Premature end of file.
2025-09-19 19:12:34,581 [ERROR] LogOutputStream:75 - [STDERR_REDIRECT] 
2025-09-19 19:12:35,579 [ERROR] LogOutputStream:75 - [STDERR_REDIRECT] [Fatal Error] :1:1: Premature end of file.
2025-09-19 19:12:35,579 [ERROR] LogOutputStream:75 - [STDERR_REDIRECT] 
2025-09-19 19:12:36,570 [ERROR] LogOutputStream:75 - [STDERR_REDIRECT] [Fatal Error] :1:1: Premature end of file.
2025-09-19 19:12:36,571 [ERROR] LogOutputStream:75 - [STDERR_REDIRECT] 
2025-09-19 19:12:37,569 [ERROR] LogOutputStream:75 - [STDERR_REDIRECT] [Fatal Error] :1:1: Premature end of file.
2025-09-19 19:12:37,570 [ERROR] LogOutputStream:75 - [STDERR_REDIRECT] 
2025-09-19 19:12:38,580 [ERROR] LogOutputStream:75 - [STDERR_REDIRECT] [Fatal Error] :1:1: Premature end of file.
2025-09-19 19:12:38,580 [ERROR] LogOutputStream:75 - [STDERR_REDIRECT] 
2025-09-19 19:12:39,580 [ERROR] LogOutputStream:75 - [STDERR_REDIRECT] [Fatal Error] :1:1: Premature end of file.
2025-09-19 19:12:39,580 [ERROR] LogOutputStream:75 - [STDERR_REDIRECT] 
2025-09-19 19:12:40,579 [ERROR] LogOutputStream:75 - [STDERR_REDIRECT] [Fatal Error] :1:1: Premature end of file.
2025-09-19 19:12:40,579 [ERROR] LogOutputStream:75 - [STDERR_REDIRECT] 
2025-09-19 19:12:41,571 [ERROR] LogOutputStream:75 - [STDERR_REDIRECT] [Fatal Error] :1:1: Premature end of file.
2025-09-19 19:12:41,571 [ERROR] LogOutputStream:75 - [STDERR_REDIRECT] 
2025-09-19 19:12:42,573 [ERROR] LogOutputStream:75 - [STDERR_REDIRECT] [Fatal Error] :1:1: Premature end of file.
2025-09-19 19:12:42,573 [ERROR] LogOutputStream:75 - [STDERR_REDIRECT] 
2025-09-19 19:12:43,578 [ERROR] LogOutputStream:75 - [STDERR_REDIRECT] [Fatal Error] :1:1: Premature end of file.
2025-09-19 19:12:43,578 [ERROR] LogOutputStream:75 - [STDERR_REDIRECT] 
2025-09-19 19:12:44,574 [ERROR] LogOutputStream:75 - [STDERR_REDIRECT] [Fatal Error] :1:1: Premature end of file.
2025-09-19 19:12:44,574 [ERROR] LogOutputStream:75 - [STDERR_REDIRECT] 
2025-09-19 19:12:45,568 [ERROR] LogOutputStream:75 - [STDERR_REDIRECT] [Fatal Error] :1:1: Premature end of file.
2025-09-19 19:12:45,568 [ERROR] LogOutputStream:75 - [STDERR_REDIRECT] 
2025-09-19 19:12:46,578 [ERROR] LogOutputStream:75 - [STDERR_REDIRECT] [Fatal Error] :1:1: Premature end of file.
2025-09-19 19:12:46,578 [ERROR] LogOutputStream:75 - [STDERR_REDIRECT] 
2025-09-19 19:12:47,566 [ERROR] LogOutputStream:75 - [STDERR_REDIRECT] [Fatal Error] :1:1: Premature end of file.
2025-09-19 19:12:47,566 [ERROR] LogOutputStream:75 - [STDERR_REDIRECT] 
2025-09-19 19:12:48,578 [ERROR] LogOutputStream:75 - [STDERR_REDIRECT] [Fatal Error] :1:1: Premature end of file.
2025-09-19 19:12:48,579 [ERROR] LogOutputStream:75 - [STDERR_REDIRECT] 
2025-09-19 19:12:49,575 [ERROR] LogOutputStream:75 - [STDERR_REDIRECT] [Fatal Error] :1:1: Premature end of file.
2025-09-19 19:12:49,575 [ERROR] LogOutputStream:75 - [STDERR_REDIRECT] 
2025-09-19 19:12:50,577 [ERROR] LogOutputStream:75 - [STDERR_REDIRECT] [Fatal Error] :1:1: Premature end of file.
2025-09-19 19:12:50,577 [ERROR] LogOutputStream:75 - [STDERR_REDIRECT] 
2025-09-19 19:12:51,573 [ERROR] LogOutputStream:75 - [STDERR_REDIRECT] [Fatal Error] :1:1: Premature end of file.
2025-09-19 19:12:51,573 [ERROR] LogOutputStream:75 - [STDERR_REDIRECT] 
2025-09-19 19:12:52,581 [ERROR] LogOutputStream:75 - [STDERR_REDIRECT] [Fatal Error] :1:1: Premature end of file.
2025-09-19 19:12:52,581 [ERROR] LogOutputStream:75 - [STDERR_REDIRECT] 
2025-09-19 19:12:53,578 [ERROR] LogOutputStream:75 - [STDERR_REDIRECT] [Fatal Error] :1:1: Premature end of file.
2025-09-19 19:12:53,578 [ERROR] LogOutputStream:75 - [STDERR_REDIRECT] 
2025-09-19 19:12:54,569 [ERROR] LogOutputStream:75 - [STDERR_REDIRECT] [Fatal Error] :1:1: Premature end of file.
2025-09-19 19:12:54,569 [ERROR] LogOutputStream:75 - [STDERR_REDIRECT] 
2025-09-19 19:12:55,575 [ERROR] LogOutputStream:75 - [STDERR_REDIRECT] [Fatal Error] :1:1: Premature end of file.
2025-09-19 19:12:55,575 [ERROR] LogOutputStream:75 - [STDERR_REDIRECT] 
2025-09-19 19:12:56,574 [ERROR] LogOutputStream:75 - [STDERR_REDIRECT] [Fatal Error] :1:1: Premature end of file.
2025-09-19 19:12:56,574 [ERROR] LogOutputStream:75 - [STDERR_REDIRECT] 
2025-09-19 19:12:57,567 [ERROR] LogOutputStream:75 - [STDERR_REDIRECT] [Fatal Error] :1:1: Premature end of file.
2025-09-19 19:12:57,567 [ERROR] LogOutputStream:75 - [STDERR_REDIRECT] 
2025-09-19 19:12:58,575 [ERROR] LogOutputStream:75 - [STDERR_REDIRECT] [Fatal Error] :1:1: Premature end of file.
2025-09-19 19:12:58,576 [ERROR] LogOutputStream:75 - [STDERR_REDIRECT] 
2025-09-19 19:12:59,574 [ERROR] LogOutputStream:75 - [STDERR_REDIRECT] [Fatal Error] :1:1: Premature end of file.
2025-09-19 19:12:59,574 [ERROR] LogOutputStream:75 - [STDERR_REDIRECT] 
2025-09-19 19:13:00,576 [ERROR] LogOutputStream:75 - [STDERR_REDIRECT] [Fatal Error] :1:1: Premature end of file.
2025-09-19 19:13:00,577 [ERROR] LogOutputStream:75 - [STDERR_REDIRECT] 
2025-09-19 19:13:01,573 [ERROR] LogOutputStream:75 - [STDERR_REDIRECT] [Fatal Error] :1:1: Premature end of file.
2025-09-19 19:13:01,573 [ERROR] LogOutputStream:75 - [STDERR_REDIRECT] 
2025-09-19 19:13:02,574 [ERROR] LogOutputStream:75 - [STDERR_REDIRECT] [Fatal Error] :1:1: Premature end of file.
2025-09-19 19:13:02,574 [ERROR] LogOutputStream:75 - [STDERR_REDIRECT] 
2025-09-19 19:13:03,580 [ERROR] LogOutputStream:75 - [STDERR_REDIRECT] [Fatal Error] :1:1: Premature end of file.
2025-09-19 19:13:03,580 [ERROR] LogOutputStream:75 - [STDERR_REDIRECT] 
2025-09-19 19:13:04,574 [ERROR] LogOutputStream:75 - [STDERR_REDIRECT] [Fatal Error] :1:1: Premature end of file.
2025-09-19 19:13:04,574 [ERROR] LogOutputStream:75 - [STDERR_REDIRECT] 
2025-09-19 19:13:05,580 [ERROR] LogOutputStream:75 - [STDERR_REDIRECT] [Fatal Error] :1:1: Premature end of file.
2025-09-19 19:13:05,581 [ERROR] LogOutputStream:75 - [STDERR_REDIRECT] 
2025-09-19 19:13:06,574 [ERROR] LogOutputStream:75 - [STDERR_REDIRECT] [Fatal Error] :1:1: Premature end of file.
2025-09-19 19:13:06,574 [ERROR] LogOutputStream:75 - [STDERR_REDIRECT] 
2025-09-19 19:13:07,582 [ERROR] LogOutputStream:75 - [STDERR_REDIRECT] [Fatal Error] :1:1: Premature end of file.
2025-09-19 19:13:07,582 [ERROR] LogOutputStream:75 - [STDERR_REDIRECT] 
2025-09-19 19:13:08,579 [ERROR] LogOutputStream:75 - [STDERR_REDIRECT] [Fatal Error] :1:1: Premature end of file.
2025-09-19 19:13:08,579 [ERROR] LogOutputStream:75 - [STDERR_REDIRECT] 
2025-09-19 19:13:09,576 [ERROR] LogOutputStream:75 - [STDERR_REDIRECT] [Fatal Error] :1:1: Premature end of file.
2025-09-19 19:13:09,576 [ERROR] LogOutputStream:75 - [STDERR_REDIRECT] 
2025-09-19 19:13:10,570 [ERROR] LogOutputStream:75 - [STDERR_REDIRECT] [Fatal Error] :1:1: Premature end of file.
2025-09-19 19:13:10,570 [ERROR] LogOutputStream:75 - [STDERR_REDIRECT] 
2025-09-19 19:13:11,579 [ERROR] LogOutputStream:75 - [STDERR_REDIRECT] [Fatal Error] :1:1: Premature end of file.
2025-09-19 19:13:11,579 [ERROR] LogOutputStream:75 - [STDERR_REDIRECT] 
2025-09-19 19:13:12,575 [ERROR] LogOutputStream:75 - [STDERR_REDIRECT] [Fatal Error] :1:1: Premature end of file.
2025-09-19 19:13:12,575 [ERROR] LogOutputStream:75 - [STDERR_REDIRECT] 
2025-09-19 19:13:13,577 [ERROR] LogOutputStream:75 - [STDERR_REDIRECT] [Fatal Error] :1:1: Premature end of file.
2025-09-19 19:13:13,577 [ERROR] LogOutputStream:75 - [STDERR_REDIRECT] 
2025-09-19 19:13:14,572 [ERROR] LogOutputStream:75 - [STDERR_REDIRECT] [Fatal Error] :1:1: Premature end of file.
2025-09-19 19:13:14,572 [ERROR] LogOutputStream:75 - [STDERR_REDIRECT] 
2025-09-19 19:13:15,582 [ERROR] LogOutputStream:75 - [STDERR_REDIRECT] [Fatal Error] :1:1: Premature end of file.
2025-09-19 19:13:15,583 [ERROR] LogOutputStream:75 - [STDERR_REDIRECT] 
2025-09-19 19:13:16,574 [ERROR] LogOutputStream:75 - [STDERR_REDIRECT] [Fatal Error] :1:1: Premature end of file.
2025-09-19 19:13:16,574 [ERROR] LogOutputStream:75 - [STDERR_REDIRECT] 
2025-09-19 19:13:17,579 [ERROR] LogOutputStream:75 - [STDERR_REDIRECT] [Fatal Error] :1:1: Premature end of file.
2025-09-19 19:13:17,579 [ERROR] LogOutputStream:75 - [STDERR_REDIRECT] 
2025-09-19 19:13:18,575 [ERROR] LogOutputStream:75 - [STDERR_REDIRECT] [Fatal Error] :1:1: Premature end of file.
2025-09-19 19:13:18,575 [ERROR] LogOutputStream:75 - [STDERR_REDIRECT] 
2025-09-19 19:13:19,603 [ERROR] LogOutputStream:75 - [STDERR_REDIRECT] [Fatal Error] :1:1: Premature end of file.
2025-09-19 19:13:19,604 [ERROR] LogOutputStream:75 - [STDERR_REDIRECT] 
2025-09-19 19:13:20,576 [ERROR] LogOutputStream:75 - [STDERR_REDIRECT] [Fatal Error] :1:1: Premature end of file.
2025-09-19 19:13:20,576 [ERROR] LogOutputStream:75 - [STDERR_REDIRECT] 
2025-09-19 19:13:21,575 [ERROR] LogOutputStream:75 - [STDERR_REDIRECT] [Fatal Error] :1:1: Premature end of file.
2025-09-19 19:13:21,576 [ERROR] LogOutputStream:75 - [STDERR_REDIRECT] 
2025-09-19 19:13:22,578 [ERROR] LogOutputStream:75 - [STDERR_REDIRECT] [Fatal Error] :1:1: Premature end of file.
2025-09-19 19:13:22,578 [ERROR] LogOutputStream:75 - [STDERR_REDIRECT] 
2025-09-19 19:13:23,572 [ERROR] LogOutputStream:75 - [STDERR_REDIRECT] [Fatal Error] :1:1: Premature end of file.
2025-09-19 19:13:23,572 [ERROR] LogOutputStream:75 - [STDERR_REDIRECT] 
2025-09-19 19:13:24,573 [ERROR] LogOutputStream:75 - [STDERR_REDIRECT] [Fatal Error] :1:1: Premature end of file.
2025-09-19 19:13:24,573 [ERROR] LogOutputStream:75 - [STDERR_REDIRECT] 
2025-09-19 19:13:25,578 [ERROR] LogOutputStream:75 - [STDERR_REDIRECT] [Fatal Error] :1:1: Premature end of file.
2025-09-19 19:13:25,578 [ERROR] LogOutputStream:75 - [STDERR_REDIRECT] 
2025-09-19 19:13:26,577 [ERROR] LogOutputStream:75 - [STDERR_REDIRECT] [Fatal Error] :1:1: Premature end of file.
2025-09-19 19:13:26,577 [ERROR] LogOutputStream:75 - [STDERR_REDIRECT] 
2025-09-19 19:13:27,590 [ERROR] LogOutputStream:75 - [STDERR_REDIRECT] [Fatal Error] :1:1: Premature end of file.
2025-09-19 19:13:27,590 [ERROR] LogOutputStream:75 - [STDERR_REDIRECT] 
2025-09-19 19:13:28,577 [ERROR] LogOutputStream:75 - [STDERR_REDIRECT] [Fatal Error] :1:1: Premature end of file.
2025-09-19 19:13:28,578 [ERROR] LogOutputStream:75 - [STDERR_REDIRECT] 
2025-09-19 19:13:29,579 [ERROR] LogOutputStream:75 - [STDERR_REDIRECT] [Fatal Error] :1:1: Premature end of file.
2025-09-19 19:13:29,579 [ERROR] LogOutputStream:75 - [STDERR_REDIRECT] 
2025-09-19 19:13:30,583 [ERROR] LogOutputStream:75 - [STDERR_REDIRECT] [Fatal Error] :1:1: Premature end of file.
2025-09-19 19:13:30,583 [ERROR] LogOutputStream:75 - [STDERR_REDIRECT] 
2025-09-19 19:13:31,576 [ERROR] LogOutputStream:75 - [STDERR_REDIRECT] [Fatal Error] :1:1: Premature end of file.
2025-09-19 19:13:31,577 [ERROR] LogOutputStream:75 - [STDERR_REDIRECT] 
2025-09-19 19:13:32,577 [ERROR] LogOutputStream:75 - [STDERR_REDIRECT] [Fatal Error] :1:1: Premature end of file.
2025-09-19 19:13:32,577 [ERROR] LogOutputStream:75 - [STDERR_REDIRECT] 
2025-09-19 19:13:33,579 [ERROR] LogOutputStream:75 - [STDERR_REDIRECT] [Fatal Error] :1:1: Premature end of file.
2025-09-19 19:13:33,579 [ERROR] LogOutputStream:75 - [STDERR_REDIRECT] 
2025-09-19 19:13:34,574 [ERROR] LogOutputStream:75 - [STDERR_REDIRECT] [Fatal Error] :1:1: Premature end of file.
2025-09-19 19:13:34,574 [ERROR] LogOutputStream:75 - [STDERR_REDIRECT] 
2025-09-19 19:13:35,575 [ERROR] LogOutputStream:75 - [STDERR_REDIRECT] [Fatal Error] :1:1: Premature end of file.
2025-09-19 19:13:35,575 [ERROR] LogOutputStream:75 - [STDERR_REDIRECT] 
2025-09-19 19:13:36,597 [ERROR] LogOutputStream:75 - [STDERR_REDIRECT] [Fatal Error] :1:1: Premature end of file.
2025-09-19 19:13:36,598 [ERROR] LogOutputStream:75 - [STDERR_REDIRECT] 
2025-09-19 19:13:37,578 [ERROR] LogOutputStream:75 - [STDERR_REDIRECT] [Fatal Error] :1:1: Premature end of file.
2025-09-19 19:13:37,578 [ERROR] LogOutputStream:75 - [STDERR_REDIRECT] 
2025-09-19 19:13:38,581 [ERROR] LogOutputStream:75 - [STDERR_REDIRECT] [Fatal Error] :1:1: Premature end of file.
2025-09-19 19:13:38,582 [ERROR] LogOutputStream:75 - [STDERR_REDIRECT] 
2025-09-19 19:13:39,579 [ERROR] LogOutputStream:75 - [STDERR_REDIRECT] [Fatal Error] :1:1: Premature end of file.
2025-09-19 19:13:39,579 [ERROR] LogOutputStream:75 - [STDERR_REDIRECT] 
2025-09-19 19:13:40,583 [ERROR] LogOutputStream:75 - [STDERR_REDIRECT] [Fatal Error] :1:1: Premature end of file.
2025-09-19 19:13:40,583 [ERROR] LogOutputStream:75 - [STDERR_REDIRECT] 
2025-09-19 19:13:41,582 [ERROR] LogOutputStream:75 - [STDERR_REDIRECT] [Fatal Error] :1:1: Premature end of file.
2025-09-19 19:13:41,583 [ERROR] LogOutputStream:75 - [STDERR_REDIRECT] 
2025-09-19 19:13:42,577 [ERROR] LogOutputStream:75 - [STDERR_REDIRECT] [Fatal Error] :1:1: Premature end of file.
2025-09-19 19:13:42,577 [ERROR] LogOutputStream:75 - [STDERR_REDIRECT] 
2025-09-19 19:13:43,577 [ERROR] LogOutputStream:75 - [STDERR_REDIRECT] [Fatal Error] :1:1: Premature end of file.
2025-09-19 19:13:43,577 [ERROR] LogOutputStream:75 - [STDERR_REDIRECT] 
2025-09-19 19:13:44,571 [ERROR] LogOutputStream:75 - [STDERR_REDIRECT] [Fatal Error] :1:1: Premature end of file.
2025-09-19 19:13:44,571 [ERROR] LogOutputStream:75 - [STDERR_REDIRECT] 
2025-09-19 19:13:45,572 [ERROR] LogOutputStream:75 - [STDERR_REDIRECT] [Fatal Error] :1:1: Premature end of file.
2025-09-19 19:13:45,572 [ERROR] LogOutputStream:75 - [STDERR_REDIRECT] 
2025-09-19 19:13:46,570 [ERROR] LogOutputStream:75 - [STDERR_REDIRECT] [Fatal Error] :1:1: Premature end of file.
2025-09-19 19:13:46,570 [ERROR] LogOutputStream:75 - [STDERR_REDIRECT] 
2025-09-19 19:13:47,573 [ERROR] LogOutputStream:75 - [STDERR_REDIRECT] [Fatal Error] :1:1: Premature end of file.
2025-09-19 19:13:47,573 [ERROR] LogOutputStream:75 - [STDERR_REDIRECT] 
2025-09-19 19:13:48,571 [ERROR] LogOutputStream:75 - [STDERR_REDIRECT] [Fatal Error] :1:1: Premature end of file.
2025-09-19 19:13:48,571 [ERROR] LogOutputStream:75 - [STDERR_REDIRECT] 
2025-09-19 19:13:49,571 [ERROR] LogOutputStream:75 - [STDERR_REDIRECT] [Fatal Error] :1:1: Premature end of file.
2025-09-19 19:13:49,571 [ERROR] LogOutputStream:75 - [STDERR_REDIRECT] 
2025-09-19 19:13:50,581 [ERROR] LogOutputStream:75 - [STDERR_REDIRECT] [Fatal Error] :1:1: Premature end of file.
2025-09-19 19:13:50,581 [ERROR] LogOutputStream:75 - [STDERR_REDIRECT] 
2025-09-19 19:13:51,570 [ERROR] LogOutputStream:75 - [STDERR_REDIRECT] [Fatal Error] :1:1: Premature end of file.
2025-09-19 19:13:51,570 [ERROR] LogOutputStream:75 - [STDERR_REDIRECT] 
2025-09-19 19:13:52,567 [ERROR] LogOutputStream:75 - [STDERR_REDIRECT] [Fatal Error] :1:1: Premature end of file.
2025-09-19 19:13:52,568 [ERROR] LogOutputStream:75 - [STDERR_REDIRECT] 
2025-09-19 19:13:53,581 [ERROR] LogOutputStream:75 - [STDERR_REDIRECT] [Fatal Error] :1:1: Premature end of file.
2025-09-19 19:13:53,581 [ERROR] LogOutputStream:75 - [STDERR_REDIRECT] 
2025-09-19 19:13:54,573 [ERROR] LogOutputStream:75 - [STDERR_REDIRECT] [Fatal Error] :1:1: Premature end of file.
2025-09-19 19:13:54,573 [ERROR] LogOutputStream:75 - [STDERR_REDIRECT] 
2025-09-19 19:13:55,570 [ERROR] LogOutputStream:75 - [STDERR_REDIRECT] [Fatal Error] :1:1: Premature end of file.
2025-09-19 19:13:55,570 [ERROR] LogOutputStream:75 - [STDERR_REDIRECT] 
2025-09-19 19:13:56,577 [ERROR] LogOutputStream:75 - [STDERR_REDIRECT] [Fatal Error] :1:1: Premature end of file.
2025-09-19 19:13:56,577 [ERROR] LogOutputStream:75 - [STDERR_REDIRECT] 
2025-09-19 19:13:57,587 [ERROR] LogOutputStream:75 - [STDERR_REDIRECT] [Fatal Error] :1:1: Premature end of file.
2025-09-19 19:13:57,588 [ERROR] LogOutputStream:75 - [STDERR_REDIRECT] 
2025-09-19 19:13:58,577 [ERROR] LogOutputStream:75 - [STDERR_REDIRECT] [Fatal Error] :1:1: Premature end of file.
2025-09-19 19:13:58,577 [ERROR] LogOutputStream:75 - [STDERR_REDIRECT] 
2025-09-19 19:13:59,575 [ERROR] LogOutputStream:75 - [STDERR_REDIRECT] [Fatal Error] :1:1: Premature end of file.
2025-09-19 19:13:59,575 [ERROR] LogOutputStream:75 - [STDERR_REDIRECT] 
2025-09-19 19:14:00,582 [ERROR] LogOutputStream:75 - [STDERR_REDIRECT] [Fatal Error] :1:1: Premature end of file.
2025-09-19 19:14:00,582 [ERROR] LogOutputStream:75 - [STDERR_REDIRECT] 
2025-09-19 19:14:01,573 [ERROR] LogOutputStream:75 - [STDERR_REDIRECT] [Fatal Error] :1:1: Premature end of file.
2025-09-19 19:14:01,573 [ERROR] LogOutputStream:75 - [STDERR_REDIRECT] 
2025-09-19 19:14:02,589 [ERROR] LogOutputStream:75 - [STDERR_REDIRECT] [Fatal Error] :1:1: Premature end of file.
2025-09-19 19:14:02,590 [ERROR] LogOutputStream:75 - [STDERR_REDIRECT] 
2025-09-19 19:14:03,573 [ERROR] LogOutputStream:75 - [STDERR_REDIRECT] [Fatal Error] :1:1: Premature end of file.
2025-09-19 19:14:03,573 [ERROR] LogOutputStream:75 - [STDERR_REDIRECT] 
2025-09-19 19:14:04,576 [ERROR] LogOutputStream:75 - [STDERR_REDIRECT] [Fatal Error] :1:1: Premature end of file.
2025-09-19 19:14:04,576 [ERROR] LogOutputStream:75 - [STDERR_REDIRECT] 
2025-09-19 19:14:05,571 [ERROR] LogOutputStream:75 - [STDERR_REDIRECT] [Fatal Error] :1:1: Premature end of file.
2025-09-19 19:14:05,571 [ERROR] LogOutputStream:75 - [STDERR_REDIRECT] 
2025-09-19 19:14:06,569 [ERROR] LogOutputStream:75 - [STDERR_REDIRECT] [Fatal Error] :1:1: Premature end of file.
2025-09-19 19:14:06,569 [ERROR] LogOutputStream:75 - [STDERR_REDIRECT] 
2025-09-19 19:14:07,579 [ERROR] LogOutputStream:75 - [STDERR_REDIRECT] [Fatal Error] :1:1: Premature end of file.
2025-09-19 19:14:07,579 [ERROR] LogOutputStream:75 - [STDERR_REDIRECT] 
2025-09-19 19:14:08,579 [ERROR] LogOutputStream:75 - [STDERR_REDIRECT] [Fatal Error] :1:1: Premature end of file.
2025-09-19 19:14:08,579 [ERROR] LogOutputStream:75 - [STDERR_REDIRECT] 
2025-09-19 19:14:09,575 [ERROR] LogOutputStream:75 - [STDERR_REDIRECT] [Fatal Error] :1:1: Premature end of file.
2025-09-19 19:14:09,575 [ERROR] LogOutputStream:75 - [STDERR_REDIRECT] 
2025-09-19 19:14:10,578 [ERROR] LogOutputStream:75 - [STDERR_REDIRECT] [Fatal Error] :1:1: Premature end of file.
2025-09-19 19:14:10,578 [ERROR] LogOutputStream:75 - [STDERR_REDIRECT] 
2025-09-19 19:14:11,575 [ERROR] LogOutputStream:75 - [STDERR_REDIRECT] [Fatal Error] :1:1: Premature end of file.
2025-09-19 19:14:11,575 [ERROR] LogOutputStream:75 - [STDERR_REDIRECT] 
2025-09-19 19:14:12,572 [ERROR] LogOutputStream:75 - [STDERR_REDIRECT] [Fatal Error] :1:1: Premature end of file.
2025-09-19 19:14:12,572 [ERROR] LogOutputStream:75 - [STDERR_REDIRECT] 
2025-09-19 19:14:13,583 [ERROR] LogOutputStream:75 - [STDERR_REDIRECT] [Fatal Error] :1:1: Premature end of file.
2025-09-19 19:14:13,583 [ERROR] LogOutputStream:75 - [STDERR_REDIRECT] 
2025-09-19 19:14:14,579 [ERROR] LogOutputStream:75 - [STDERR_REDIRECT] [Fatal Error] :1:1: Premature end of file.
2025-09-19 19:14:14,579 [ERROR] LogOutputStream:75 - [STDERR_REDIRECT] 
2025-09-19 19:14:15,586 [ERROR] LogOutputStream:75 - [STDERR_REDIRECT] [Fatal Error] :1:1: Premature end of file.
2025-09-19 19:14:15,587 [ERROR] LogOutputStream:75 - [STDERR_REDIRECT] 
2025-09-19 19:14:16,572 [ERROR] LogOutputStream:75 - [STDERR_REDIRECT] [Fatal Error] :1:1: Premature end of file.
2025-09-19 19:14:16,573 [ERROR] LogOutputStream:75 - [STDERR_REDIRECT] 
2025-09-19 19:14:17,582 [ERROR] LogOutputStream:75 - [STDERR_REDIRECT] [Fatal Error] :1:1: Premature end of file.
2025-09-19 19:14:17,582 [ERROR] LogOutputStream:75 - [STDERR_REDIRECT] 
2025-09-19 19:14:18,570 [ERROR] LogOutputStream:75 - [STDERR_REDIRECT] [Fatal Error] :1:1: Premature end of file.
2025-09-19 19:14:18,570 [ERROR] LogOutputStream:75 - [STDERR_REDIRECT] 
2025-09-19 19:14:19,572 [ERROR] LogOutputStream:75 - [STDERR_REDIRECT] [Fatal Error] :1:1: Premature end of file.
2025-09-19 19:14:19,572 [ERROR] LogOutputStream:75 - [STDERR_REDIRECT] 
2025-09-19 19:14:20,586 [ERROR] LogOutputStream:75 - [STDERR_REDIRECT] [Fatal Error] :1:1: Premature end of file.
2025-09-19 19:14:20,586 [ERROR] LogOutputStream:75 - [STDERR_REDIRECT] 
2025-09-19 19:14:21,574 [ERROR] LogOutputStream:75 - [STDERR_REDIRECT] [Fatal Error] :1:1: Premature end of file.
2025-09-19 19:14:21,574 [ERROR] LogOutputStream:75 - [STDERR_REDIRECT] 
2025-09-19 19:14:22,571 [ERROR] LogOutputStream:75 - [STDERR_REDIRECT] [Fatal Error] :1:1: Premature end of file.
2025-09-19 19:14:22,571 [ERROR] LogOutputStream:75 - [STDERR_REDIRECT] 
2025-09-19 19:14:23,574 [ERROR] LogOutputStream:75 - [STDERR_REDIRECT] [Fatal Error] :1:1: Premature end of file.
2025-09-19 19:14:23,574 [ERROR] LogOutputStream:75 - [STDERR_REDIRECT] 
2025-09-19 19:14:24,586 [ERROR] LogOutputStream:75 - [STDERR_REDIRECT] [Fatal Error] :1:1: Premature end of file.
2025-09-19 19:14:24,586 [ERROR] LogOutputStream:75 - [STDERR_REDIRECT] 
2025-09-19 19:14:25,569 [ERROR] LogOutputStream:75 - [STDERR_REDIRECT] [Fatal Error] :1:1: Premature end of file.
2025-09-19 19:14:25,569 [ERROR] LogOutputStream:75 - [STDERR_REDIRECT] 
2025-09-19 19:14:26,583 [ERROR] LogOutputStream:75 - [STDERR_REDIRECT] [Fatal Error] :1:1: Premature end of file.
2025-09-19 19:14:26,583 [ERROR] LogOutputStream:75 - [STDERR_REDIRECT] 
2025-09-19 19:14:27,587 [ERROR] LogOutputStream:75 - [STDERR_REDIRECT] [Fatal Error] :1:1: Premature end of file.
2025-09-19 19:14:27,588 [ERROR] LogOutputStream:75 - [STDERR_REDIRECT] 
2025-09-19 19:14:28,576 [ERROR] LogOutputStream:75 - [STDERR_REDIRECT] [Fatal Error] :1:1: Premature end of file.
2025-09-19 19:14:28,576 [ERROR] LogOutputStream:75 - [STDERR_REDIRECT] 
2025-09-19 19:14:29,576 [ERROR] LogOutputStream:75 - [STDERR_REDIRECT] [Fatal Error] :1:1: Premature end of file.
2025-09-19 19:14:29,576 [ERROR] LogOutputStream:75 - [STDERR_REDIRECT] 
2025-09-19 19:14:30,571 [ERROR] LogOutputStream:75 - [STDERR_REDIRECT] [Fatal Error] :1:1: Premature end of file.
2025-09-19 19:14:30,571 [ERROR] LogOutputStream:75 - [STDERR_REDIRECT] 
2025-09-19 19:14:31,577 [ERROR] LogOutputStream:75 - [STDERR_REDIRECT] [Fatal Error] :1:1: Premature end of file.
2025-09-19 19:14:31,577 [ERROR] LogOutputStream:75 - [STDERR_REDIRECT] 
2025-09-19 19:14:32,626 [ERROR] LogOutputStream:75 - [STDERR_REDIRECT] [Fatal Error] :1:1: Premature end of file.
2025-09-19 19:14:32,626 [ERROR] LogOutputStream:75 - [STDERR_REDIRECT] 
2025-09-19 19:14:33,581 [ERROR] LogOutputStream:75 - [STDERR_REDIRECT] [Fatal Error] :1:1: Premature end of file.
2025-09-19 19:14:33,581 [ERROR] LogOutputStream:75 - [STDERR_REDIRECT] 
2025-09-19 19:14:34,579 [ERROR] LogOutputStream:75 - [STDERR_REDIRECT] [Fatal Error] :1:1: Premature end of file.
2025-09-19 19:14:34,580 [ERROR] LogOutputStream:75 - [STDERR_REDIRECT] 
2025-09-19 19:14:35,566 [ERROR] LogOutputStream:75 - [STDERR_REDIRECT] [Fatal Error] :1:1: Premature end of file.
2025-09-19 19:14:35,566 [ERROR] LogOutputStream:75 - [STDERR_REDIRECT] 
2025-09-19 19:14:36,574 [ERROR] LogOutputStream:75 - [STDERR_REDIRECT] [Fatal Error] :1:1: Premature end of file.
2025-09-19 19:14:36,574 [ERROR] LogOutputStream:75 - [STDERR_REDIRECT] 
2025-09-19 19:14:37,566 [ERROR] LogOutputStream:75 - [STDERR_REDIRECT] [Fatal Error] :1:1: Premature end of file.
2025-09-19 19:14:37,566 [ERROR] LogOutputStream:75 - [STDERR_REDIRECT] 
2025-09-19 19:14:38,579 [ERROR] LogOutputStream:75 - [STDERR_REDIRECT] [Fatal Error] :1:1: Premature end of file.
2025-09-19 19:14:38,579 [ERROR] LogOutputStream:75 - [STDERR_REDIRECT] 
2025-09-19 19:14:39,570 [ERROR] LogOutputStream:75 - [STDERR_REDIRECT] [Fatal Error] :1:1: Premature end of file.
2025-09-19 19:14:39,570 [ERROR] LogOutputStream:75 - [STDERR_REDIRECT] 
2025-09-19 19:14:40,578 [ERROR] LogOutputStream:75 - [STDERR_REDIRECT] [Fatal Error] :1:1: Premature end of file.
2025-09-19 19:14:40,578 [ERROR] LogOutputStream:75 - [STDERR_REDIRECT] 
2025-09-19 19:14:41,581 [ERROR] LogOutputStream:75 - [STDERR_REDIRECT] [Fatal Error] :1:1: Premature end of file.
2025-09-19 19:14:41,581 [ERROR] LogOutputStream:75 - [STDERR_REDIRECT] 
2025-09-19 19:14:42,571 [ERROR] LogOutputStream:75 - [STDERR_REDIRECT] [Fatal Error] :1:1: Premature end of file.
2025-09-19 19:14:42,571 [ERROR] LogOutputStream:75 - [STDERR_REDIRECT] 
2025-09-19 19:14:43,576 [ERROR] LogOutputStream:75 - [STDERR_REDIRECT] [Fatal Error] :1:1: Premature end of file.
2025-09-19 19:14:43,576 [ERROR] LogOutputStream:75 - [STDERR_REDIRECT] 
2025-09-19 19:14:44,572 [ERROR] LogOutputStream:75 - [STDERR_REDIRECT] [Fatal Error] :1:1: Premature end of file.
2025-09-19 19:14:44,572 [ERROR] LogOutputStream:75 - [STDERR_REDIRECT] 
2025-09-19 19:14:45,571 [ERROR] LogOutputStream:75 - [STDERR_REDIRECT] [Fatal Error] :1:1: Premature end of file.
2025-09-19 19:14:45,571 [ERROR] LogOutputStream:75 - [STDERR_REDIRECT] 
2025-09-19 19:14:46,598 [ERROR] LogOutputStream:75 - [STDERR_REDIRECT] [Fatal Error] :1:1: Premature end of file.
2025-09-19 19:14:46,598 [ERROR] LogOutputStream:75 - [STDERR_REDIRECT] 
2025-09-19 19:14:47,584 [ERROR] LogOutputStream:75 - [STDERR_REDIRECT] [Fatal Error] :1:1: Premature end of file.
2025-09-19 19:14:47,586 [ERROR] LogOutputStream:75 - [STDERR_REDIRECT] 
2025-09-19 19:14:48,571 [ERROR] LogOutputStream:75 - [STDERR_REDIRECT] [Fatal Error] :1:1: Premature end of file.
2025-09-19 19:14:48,571 [ERROR] LogOutputStream:75 - [STDERR_REDIRECT] 
2025-09-19 19:14:49,599 [ERROR] LogOutputStream:75 - [STDERR_REDIRECT] [Fatal Error] :1:1: Premature end of file.
2025-09-19 19:14:49,600 [ERROR] LogOutputStream:75 - [STDERR_REDIRECT] 
2025-09-19 19:14:50,592 [ERROR] LogOutputStream:75 - [STDERR_REDIRECT] [Fatal Error] :1:1: Premature end of file.
2025-09-19 19:14:50,592 [ERROR] LogOutputStream:75 - [STDERR_REDIRECT] 
2025-09-19 19:14:51,585 [ERROR] LogOutputStream:75 - [STDERR_REDIRECT] [Fatal Error] :1:1: Premature end of file.
2025-09-19 19:14:51,585 [ERROR] LogOutputStream:75 - [STDERR_REDIRECT] 
2025-09-19 19:14:52,578 [ERROR] LogOutputStream:75 - [STDERR_REDIRECT] [Fatal Error] :1:1: Premature end of file.
2025-09-19 19:14:52,579 [ERROR] LogOutputStream:75 - [STDERR_REDIRECT] 
2025-09-19 19:14:53,582 [ERROR] LogOutputStream:75 - [STDERR_REDIRECT] [Fatal Error] :1:1: Premature end of file.
2025-09-19 19:14:53,582 [ERROR] LogOutputStream:75 - [STDERR_REDIRECT] 
2025-09-19 19:14:54,574 [ERROR] LogOutputStream:75 - [STDERR_REDIRECT] [Fatal Error] :1:1: Premature end of file.
2025-09-19 19:14:54,574 [ERROR] LogOutputStream:75 - [STDERR_REDIRECT] 
2025-09-19 19:14:55,583 [ERROR] LogOutputStream:75 - [STDERR_REDIRECT] [Fatal Error] :1:1: Premature end of file.
2025-09-19 19:14:55,583 [ERROR] LogOutputStream:75 - [STDERR_REDIRECT] 
2025-09-19 19:14:56,576 [ERROR] LogOutputStream:75 - [STDERR_REDIRECT] [Fatal Error] :1:1: Premature end of file.
2025-09-19 19:14:56,576 [ERROR] LogOutputStream:75 - [STDERR_REDIRECT] 
2025-09-19 19:14:57,573 [ERROR] LogOutputStream:75 - [STDERR_REDIRECT] [Fatal Error] :1:1: Premature end of file.
2025-09-19 19:14:57,573 [ERROR] LogOutputStream:75 - [STDERR_REDIRECT] 
2025-09-19 19:14:58,581 [ERROR] LogOutputStream:75 - [STDERR_REDIRECT] [Fatal Error] :1:1: Premature end of file.
2025-09-19 19:14:58,581 [ERROR] LogOutputStream:75 - [STDERR_REDIRECT] 
2025-09-19 19:14:59,575 [ERROR] LogOutputStream:75 - [STDERR_REDIRECT] [Fatal Error] :1:1: Premature end of file.
2025-09-19 19:14:59,575 [ERROR] LogOutputStream:75 - [STDERR_REDIRECT] 
2025-09-19 19:15:00,583 [ERROR] LogOutputStream:75 - [STDERR_REDIRECT] [Fatal Error] :1:1: Premature end of file.
2025-09-19 19:15:00,583 [ERROR] LogOutputStream:75 - [STDERR_REDIRECT] 
2025-09-19 19:15:01,581 [ERROR] LogOutputStream:75 - [STDERR_REDIRECT] [Fatal Error] :1:1: Premature end of file.
2025-09-19 19:15:01,581 [ERROR] LogOutputStream:75 - [STDERR_REDIRECT] 
2025-09-19 19:15:02,584 [ERROR] LogOutputStream:75 - [STDERR_REDIRECT] [Fatal Error] :1:1: Premature end of file.
2025-09-19 19:15:02,586 [ERROR] LogOutputStream:75 - [STDERR_REDIRECT] 
2025-09-19 19:15:03,577 [ERROR] LogOutputStream:75 - [STDERR_REDIRECT] [Fatal Error] :1:1: Premature end of file.
2025-09-19 19:15:03,577 [ERROR] LogOutputStream:75 - [STDERR_REDIRECT] 
2025-09-19 19:15:04,573 [ERROR] LogOutputStream:75 - [STDERR_REDIRECT] [Fatal Error] :1:1: Premature end of file.
2025-09-19 19:15:04,573 [ERROR] LogOutputStream:75 - [STDERR_REDIRECT] 
2025-09-19 19:15:05,573 [ERROR] LogOutputStream:75 - [STDERR_REDIRECT] [Fatal Error] :1:1: Premature end of file.
2025-09-19 19:15:05,573 [ERROR] LogOutputStream:75 - [STDERR_REDIRECT] 
2025-09-19 19:15:06,571 [ERROR] LogOutputStream:75 - [STDERR_REDIRECT] [Fatal Error] :1:1: Premature end of file.
2025-09-19 19:15:06,571 [ERROR] LogOutputStream:75 - [STDERR_REDIRECT] 
2025-09-19 19:15:07,572 [ERROR] LogOutputStream:75 - [STDERR_REDIRECT] [Fatal Error] :1:1: Premature end of file.
2025-09-19 19:15:07,572 [ERROR] LogOutputStream:75 - [STDERR_REDIRECT] 
2025-09-19 19:15:08,583 [ERROR] LogOutputStream:75 - [STDERR_REDIRECT] [Fatal Error] :1:1: Premature end of file.
2025-09-19 19:15:08,583 [ERROR] LogOutputStream:75 - [STDERR_REDIRECT] 
2025-09-19 19:15:09,571 [ERROR] LogOutputStream:75 - [STDERR_REDIRECT] [Fatal Error] :1:1: Premature end of file.
2025-09-19 19:15:09,571 [ERROR] LogOutputStream:75 - [STDERR_REDIRECT] 
2025-09-19 19:15:10,585 [ERROR] LogOutputStream:75 - [STDERR_REDIRECT] [Fatal Error] :1:1: Premature end of file.
2025-09-19 19:15:10,585 [ERROR] LogOutputStream:75 - [STDERR_REDIRECT] 
2025-09-19 19:15:11,579 [ERROR] LogOutputStream:75 - [STDERR_REDIRECT] [Fatal Error] :1:1: Premature end of file.
2025-09-19 19:15:11,579 [ERROR] LogOutputStream:75 - [STDERR_REDIRECT] 
2025-09-19 19:15:12,579 [ERROR] LogOutputStream:75 - [STDERR_REDIRECT] [Fatal Error] :1:1: Premature end of file.
2025-09-19 19:15:12,579 [ERROR] LogOutputStream:75 - [STDERR_REDIRECT] 
2025-09-19 19:15:13,570 [ERROR] LogOutputStream:75 - [STDERR_REDIRECT] [Fatal Error] :1:1: Premature end of file.
2025-09-19 19:15:13,570 [ERROR] LogOutputStream:75 - [STDERR_REDIRECT] 
2025-09-19 19:15:14,571 [ERROR] LogOutputStream:75 - [STDERR_REDIRECT] [Fatal Error] :1:1: Premature end of file.
2025-09-19 19:15:14,572 [ERROR] LogOutputStream:75 - [STDERR_REDIRECT] 
2025-09-19 19:15:15,580 [ERROR] LogOutputStream:75 - [STDERR_REDIRECT] [Fatal Error] :1:1: Premature end of file.
2025-09-19 19:15:15,580 [ERROR] LogOutputStream:75 - [STDERR_REDIRECT] 
2025-09-19 19:15:16,574 [ERROR] LogOutputStream:75 - [STDERR_REDIRECT] [Fatal Error] :1:1: Premature end of file.
2025-09-19 19:15:16,574 [ERROR] LogOutputStream:75 - [STDERR_REDIRECT] 
2025-09-19 19:15:17,587 [ERROR] LogOutputStream:75 - [STDERR_REDIRECT] [Fatal Error] :1:1: Premature end of file.
2025-09-19 19:15:17,587 [ERROR] LogOutputStream:75 - [STDERR_REDIRECT] 
2025-09-19 19:15:18,578 [ERROR] LogOutputStream:75 - [STDERR_REDIRECT] [Fatal Error] :1:1: Premature end of file.
2025-09-19 19:15:18,578 [ERROR] LogOutputStream:75 - [STDERR_REDIRECT] 
2025-09-19 19:15:19,580 [ERROR] LogOutputStream:75 - [STDERR_REDIRECT] [Fatal Error] :1:1: Premature end of file.
2025-09-19 19:15:19,580 [ERROR] LogOutputStream:75 - [STDERR_REDIRECT] 
2025-09-19 19:15:20,582 [ERROR] LogOutputStream:75 - [STDERR_REDIRECT] [Fatal Error] :1:1: Premature end of file.
2025-09-19 19:15:20,582 [ERROR] LogOutputStream:75 - [STDERR_REDIRECT] 
2025-09-19 19:15:21,577 [ERROR] LogOutputStream:75 - [STDERR_REDIRECT] [Fatal Error] :1:1: Premature end of file.
2025-09-19 19:15:21,577 [ERROR] LogOutputStream:75 - [STDERR_REDIRECT] 
2025-09-19 19:15:22,580 [ERROR] LogOutputStream:75 - [STDERR_REDIRECT] [Fatal Error] :1:1: Premature end of file.
2025-09-19 19:15:22,580 [ERROR] LogOutputStream:75 - [STDERR_REDIRECT] 
2025-09-19 19:15:23,580 [ERROR] LogOutputStream:75 - [STDERR_REDIRECT] [Fatal Error] :1:1: Premature end of file.
2025-09-19 19:15:23,580 [ERROR] LogOutputStream:75 - [STDERR_REDIRECT] 
2025-09-19 19:15:24,580 [ERROR] LogOutputStream:75 - [STDERR_REDIRECT] [Fatal Error] :1:1: Premature end of file.
2025-09-19 19:15:24,580 [ERROR] LogOutputStream:75 - [STDERR_REDIRECT] 
2025-09-19 19:15:25,580 [ERROR] LogOutputStream:75 - [STDERR_REDIRECT] [Fatal Error] :1:1: Premature end of file.
2025-09-19 19:15:25,580 [ERROR] LogOutputStream:75 - [STDERR_REDIRECT] 
2025-09-19 19:15:26,569 [ERROR] LogOutputStream:75 - [STDERR_REDIRECT] [Fatal Error] :1:1: Premature end of file.
2025-09-19 19:15:26,569 [ERROR] LogOutputStream:75 - [STDERR_REDIRECT] 
2025-09-19 19:15:27,579 [ERROR] LogOutputStream:75 - [STDERR_REDIRECT] [Fatal Error] :1:1: Premature end of file.
2025-09-19 19:15:27,579 [ERROR] LogOutputStream:75 - [STDERR_REDIRECT] 
2025-09-19 19:15:28,571 [ERROR] LogOutputStream:75 - [STDERR_REDIRECT] [Fatal Error] :1:1: Premature end of file.
2025-09-19 19:15:28,571 [ERROR] LogOutputStream:75 - [STDERR_REDIRECT] 
2025-09-19 19:15:29,570 [ERROR] LogOutputStream:75 - [STDERR_REDIRECT] [Fatal Error] :1:1: Premature end of file.
2025-09-19 19:15:29,570 [ERROR] LogOutputStream:75 - [STDERR_REDIRECT] 
2025-09-19 19:15:30,567 [ERROR] LogOutputStream:75 - [STDERR_REDIRECT] [Fatal Error] :1:1: Premature end of file.
2025-09-19 19:15:30,567 [ERROR] LogOutputStream:75 - [STDERR_REDIRECT] 
2025-09-19 19:15:31,573 [ERROR] LogOutputStream:75 - [STDERR_REDIRECT] [Fatal Error] :1:1: Premature end of file.
2025-09-19 19:15:31,573 [ERROR] LogOutputStream:75 - [STDERR_REDIRECT] 
2025-09-19 19:15:32,576 [ERROR] LogOutputStream:75 - [STDERR_REDIRECT] [Fatal Error] :1:1: Premature end of file.
2025-09-19 19:15:32,576 [ERROR] LogOutputStream:75 - [STDERR_REDIRECT] 
2025-09-19 19:15:33,575 [ERROR] LogOutputStream:75 - [STDERR_REDIRECT] [Fatal Error] :1:1: Premature end of file.
2025-09-19 19:15:33,575 [ERROR] LogOutputStream:75 - [STDERR_REDIRECT] 
2025-09-19 19:15:34,578 [ERROR] LogOutputStream:75 - [STDERR_REDIRECT] [Fatal Error] :1:1: Premature end of file.
2025-09-19 19:15:34,578 [ERROR] LogOutputStream:75 - [STDERR_REDIRECT] 
2025-09-19 19:15:35,575 [ERROR] LogOutputStream:75 - [STDERR_REDIRECT] [Fatal Error] :1:1: Premature end of file.
2025-09-19 19:15:35,575 [ERROR] LogOutputStream:75 - [STDERR_REDIRECT] 
2025-09-19 19:15:36,574 [ERROR] LogOutputStream:75 - [STDERR_REDIRECT] [Fatal Error] :1:1: Premature end of file.
2025-09-19 19:15:36,574 [ERROR] LogOutputStream:75 - [STDERR_REDIRECT] 
2025-09-19 19:15:37,570 [ERROR] LogOutputStream:75 - [STDERR_REDIRECT] [Fatal Error] :1:1: Premature end of file.
2025-09-19 19:15:37,570 [ERROR] LogOutputStream:75 - [STDERR_REDIRECT] 
2025-09-19 19:15:38,581 [ERROR] LogOutputStream:75 - [STDERR_REDIRECT] [Fatal Error] :1:1: Premature end of file.
2025-09-19 19:15:38,581 [ERROR] LogOutputStream:75 - [STDERR_REDIRECT] 
2025-09-19 19:15:39,578 [ERROR] LogOutputStream:75 - [STDERR_REDIRECT] [Fatal Error] :1:1: Premature end of file.
2025-09-19 19:15:39,578 [ERROR] LogOutputStream:75 - [STDERR_REDIRECT] 
2025-09-19 19:15:40,574 [ERROR] LogOutputStream:75 - [STDERR_REDIRECT] [Fatal Error] :1:1: Premature end of file.
2025-09-19 19:15:40,574 [ERROR] LogOutputStream:75 - [STDERR_REDIRECT] 
2025-09-19 19:15:41,574 [ERROR] LogOutputStream:75 - [STDERR_REDIRECT] [Fatal Error] :1:1: Premature end of file.
2025-09-19 19:15:41,574 [ERROR] LogOutputStream:75 - [STDERR_REDIRECT] 
2025-09-19 19:15:42,574 [ERROR] LogOutputStream:75 - [STDERR_REDIRECT] [Fatal Error] :1:1: Premature end of file.
2025-09-19 19:15:42,574 [ERROR] LogOutputStream:75 - [STDERR_REDIRECT] 
2025-09-19 19:15:43,566 [ERROR] LogOutputStream:75 - [STDERR_REDIRECT] [Fatal Error] :1:1: Premature end of file.
2025-09-19 19:15:43,566 [ERROR] LogOutputStream:75 - [STDERR_REDIRECT] 
2025-09-19 19:15:44,579 [ERROR] LogOutputStream:75 - [STDERR_REDIRECT] [Fatal Error] :1:1: Premature end of file.
2025-09-19 19:15:44,579 [ERROR] LogOutputStream:75 - [STDERR_REDIRECT] 
2025-09-19 19:15:45,577 [ERROR] LogOutputStream:75 - [STDERR_REDIRECT] [Fatal Error] :1:1: Premature end of file.
2025-09-19 19:15:45,577 [ERROR] LogOutputStream:75 - [STDERR_REDIRECT] 
2025-09-19 19:15:46,580 [ERROR] LogOutputStream:75 - [STDERR_REDIRECT] [Fatal Error] :1:1: Premature end of file.
2025-09-19 19:15:46,580 [ERROR] LogOutputStream:75 - [STDERR_REDIRECT] 
2025-09-19 19:15:47,579 [ERROR] LogOutputStream:75 - [STDERR_REDIRECT] [Fatal Error] :1:1: Premature end of file.
2025-09-19 19:15:47,579 [ERROR] LogOutputStream:75 - [STDERR_REDIRECT] 
2025-09-19 19:15:48,573 [ERROR] LogOutputStream:75 - [STDERR_REDIRECT] [Fatal Error] :1:1: Premature end of file.
2025-09-19 19:15:48,573 [ERROR] LogOutputStream:75 - [STDERR_REDIRECT] 
2025-09-19 19:15:49,577 [ERROR] LogOutputStream:75 - [STDERR_REDIRECT] [Fatal Error] :1:1: Premature end of file.
2025-09-19 19:15:49,577 [ERROR] LogOutputStream:75 - [STDERR_REDIRECT] 
2025-09-19 19:15:50,571 [ERROR] LogOutputStream:75 - [STDERR_REDIRECT] [Fatal Error] :1:1: Premature end of file.
2025-09-19 19:15:50,571 [ERROR] LogOutputStream:75 - [STDERR_REDIRECT] 
2025-09-19 19:15:51,575 [ERROR] LogOutputStream:75 - [STDERR_REDIRECT] [Fatal Error] :1:1: Premature end of file.
2025-09-19 19:15:51,575 [ERROR] LogOutputStream:75 - [STDERR_REDIRECT] 
2025-09-19 19:15:52,583 [ERROR] LogOutputStream:75 - [STDERR_REDIRECT] [Fatal Error] :1:1: Premature end of file.
2025-09-19 19:15:52,583 [ERROR] LogOutputStream:75 - [STDERR_REDIRECT] 
2025-09-19 19:15:53,575 [ERROR] LogOutputStream:75 - [STDERR_REDIRECT] [Fatal Error] :1:1: Premature end of file.
2025-09-19 19:15:53,575 [ERROR] LogOutputStream:75 - [STDERR_REDIRECT] 
2025-09-19 19:15:54,568 [ERROR] LogOutputStream:75 - [STDERR_REDIRECT] [Fatal Error] :1:1: Premature end of file.
2025-09-19 19:15:54,568 [ERROR] LogOutputStream:75 - [STDERR_REDIRECT] 
2025-09-19 19:15:55,578 [ERROR] LogOutputStream:75 - [STDERR_REDIRECT] [Fatal Error] :1:1: Premature end of file.
2025-09-19 19:15:55,578 [ERROR] LogOutputStream:75 - [STDERR_REDIRECT] 
2025-09-19 19:15:56,569 [ERROR] LogOutputStream:75 - [STDERR_REDIRECT] [Fatal Error] :1:1: Premature end of file.
2025-09-19 19:15:56,569 [ERROR] LogOutputStream:75 - [STDERR_REDIRECT] 
2025-09-19 19:15:57,582 [ERROR] LogOutputStream:75 - [STDERR_REDIRECT] [Fatal Error] :1:1: Premature end of file.
2025-09-19 19:15:57,582 [ERROR] LogOutputStream:75 - [STDERR_REDIRECT] 
2025-09-19 19:15:58,573 [ERROR] LogOutputStream:75 - [STDERR_REDIRECT] [Fatal Error] :1:1: Premature end of file.
2025-09-19 19:15:58,573 [ERROR] LogOutputStream:75 - [STDERR_REDIRECT] 
2025-09-19 19:15:59,580 [ERROR] LogOutputStream:75 - [STDERR_REDIRECT] [Fatal Error] :1:1: Premature end of file.
2025-09-19 19:15:59,580 [ERROR] LogOutputStream:75 - [STDERR_REDIRECT] 
2025-09-19 19:16:00,582 [ERROR] LogOutputStream:75 - [STDERR_REDIRECT] [Fatal Error] :1:1: Premature end of file.
2025-09-19 19:16:00,582 [ERROR] LogOutputStream:75 - [STDERR_REDIRECT] 
2025-09-19 19:16:01,585 [ERROR] LogOutputStream:75 - [STDERR_REDIRECT] [Fatal Error] :1:1: Premature end of file.
2025-09-19 19:16:01,586 [ERROR] LogOutputStream:75 - [STDERR_REDIRECT] 
2025-09-19 19:16:02,602 [ERROR] LogOutputStream:75 - [STDERR_REDIRECT] [Fatal Error] :1:1: Premature end of file.
2025-09-19 19:16:02,603 [ERROR] LogOutputStream:75 - [STDERR_REDIRECT] 
2025-09-19 19:16:03,601 [ERROR] LogOutputStream:75 - [STDERR_REDIRECT] [Fatal Error] :1:1: Premature end of file.
2025-09-19 19:16:03,602 [ERROR] LogOutputStream:75 - [STDERR_REDIRECT] 
2025-09-19 19:16:04,587 [ERROR] LogOutputStream:75 - [STDERR_REDIRECT] [Fatal Error] :1:1: Premature end of file.
2025-09-19 19:16:04,587 [ERROR] LogOutputStream:75 - [STDERR_REDIRECT] 
2025-09-19 19:16:05,580 [ERROR] LogOutputStream:75 - [STDERR_REDIRECT] [Fatal Error] :1:1: Premature end of file.
2025-09-19 19:16:05,581 [ERROR] LogOutputStream:75 - [STDERR_REDIRECT] 
2025-09-19 19:16:06,579 [ERROR] LogOutputStream:75 - [STDERR_REDIRECT] [Fatal Error] :1:1: Premature end of file.
2025-09-19 19:16:06,579 [ERROR] LogOutputStream:75 - [STDERR_REDIRECT] 
2025-09-19 19:16:07,577 [ERROR] LogOutputStream:75 - [STDERR_REDIRECT] [Fatal Error] :1:1: Premature end of file.
2025-09-19 19:16:07,579 [ERROR] LogOutputStream:75 - [STDERR_REDIRECT] 
2025-09-19 19:16:08,577 [ERROR] LogOutputStream:75 - [STDERR_REDIRECT] [Fatal Error] :1:1: Premature end of file.
2025-09-19 19:16:08,577 [ERROR] LogOutputStream:75 - [STDERR_REDIRECT] 
2025-09-19 19:16:09,576 [ERROR] LogOutputStream:75 - [STDERR_REDIRECT] [Fatal Error] :1:1: Premature end of file.
2025-09-19 19:16:09,576 [ERROR] LogOutputStream:75 - [STDERR_REDIRECT] 
2025-09-19 19:16:10,575 [ERROR] LogOutputStream:75 - [STDERR_REDIRECT] [Fatal Error] :1:1: Premature end of file.
2025-09-19 19:16:10,575 [ERROR] LogOutputStream:75 - [STDERR_REDIRECT] 
2025-09-19 19:16:11,572 [ERROR] LogOutputStream:75 - [STDERR_REDIRECT] [Fatal Error] :1:1: Premature end of file.
2025-09-19 19:16:11,572 [ERROR] LogOutputStream:75 - [STDERR_REDIRECT] 
2025-09-19 19:16:12,578 [ERROR] LogOutputStream:75 - [STDERR_REDIRECT] [Fatal Error] :1:1: Premature end of file.
2025-09-19 19:16:12,578 [ERROR] LogOutputStream:75 - [STDERR_REDIRECT] 
2025-09-19 19:16:13,581 [ERROR] LogOutputStream:75 - [STDERR_REDIRECT] [Fatal Error] :1:1: Premature end of file.
2025-09-19 19:16:13,581 [ERROR] LogOutputStream:75 - [STDERR_REDIRECT] 
2025-09-19 19:16:14,584 [ERROR] LogOutputStream:75 - [STDERR_REDIRECT] [Fatal Error] :1:1: Premature end of file.
2025-09-19 19:16:14,585 [ERROR] LogOutputStream:75 - [STDERR_REDIRECT] 
2025-09-19 19:16:15,581 [ERROR] LogOutputStream:75 - [STDERR_REDIRECT] [Fatal Error] :1:1: Premature end of file.
2025-09-19 19:16:15,582 [ERROR] LogOutputStream:75 - [STDERR_REDIRECT] 
2025-09-19 19:16:16,569 [ERROR] LogOutputStream:75 - [STDERR_REDIRECT] [Fatal Error] :1:1: Premature end of file.
2025-09-19 19:16:16,569 [ERROR] LogOutputStream:75 - [STDERR_REDIRECT] 
2025-09-19 19:16:17,573 [ERROR] LogOutputStream:75 - [STDERR_REDIRECT] [Fatal Error] :1:1: Premature end of file.
2025-09-19 19:16:17,574 [ERROR] LogOutputStream:75 - [STDERR_REDIRECT] 
2025-09-19 19:16:18,570 [ERROR] LogOutputStream:75 - [STDERR_REDIRECT] [Fatal Error] :1:1: Premature end of file.
2025-09-19 19:16:18,571 [ERROR] LogOutputStream:75 - [STDERR_REDIRECT] 
2025-09-19 19:16:19,582 [ERROR] LogOutputStream:75 - [STDERR_REDIRECT] [Fatal Error] :1:1: Premature end of file.
2025-09-19 19:16:19,583 [ERROR] LogOutputStream:75 - [STDERR_REDIRECT] 
2025-09-19 19:16:20,577 [ERROR] LogOutputStream:75 - [STDERR_REDIRECT] [Fatal Error] :1:1: Premature end of file.
2025-09-19 19:16:20,578 [ERROR] LogOutputStream:75 - [STDERR_REDIRECT] 
2025-09-19 19:16:21,578 [ERROR] LogOutputStream:75 - [STDERR_REDIRECT] [Fatal Error] :1:1: Premature end of file.
2025-09-19 19:16:21,578 [ERROR] LogOutputStream:75 - [STDERR_REDIRECT] 
2025-09-19 19:16:22,576 [ERROR] LogOutputStream:75 - [STDERR_REDIRECT] [Fatal Error] :1:1: Premature end of file.
2025-09-19 19:16:22,576 [ERROR] LogOutputStream:75 - [STDERR_REDIRECT] 
2025-09-19 19:16:23,573 [ERROR] LogOutputStream:75 - [STDERR_REDIRECT] [Fatal Error] :1:1: Premature end of file.
2025-09-19 19:16:23,573 [ERROR] LogOutputStream:75 - [STDERR_REDIRECT] 
2025-09-19 19:16:24,579 [ERROR] LogOutputStream:75 - [STDERR_REDIRECT] [Fatal Error] :1:1: Premature end of file.
2025-09-19 19:16:24,579 [ERROR] LogOutputStream:75 - [STDERR_REDIRECT] 
2025-09-19 19:16:25,571 [ERROR] LogOutputStream:75 - [STDERR_REDIRECT] [Fatal Error] :1:1: Premature end of file.
2025-09-19 19:16:25,571 [ERROR] LogOutputStream:75 - [STDERR_REDIRECT] 
2025-09-19 19:16:26,584 [ERROR] LogOutputStream:75 - [STDERR_REDIRECT] [Fatal Error] :1:1: Premature end of file.
2025-09-19 19:16:26,584 [ERROR] LogOutputStream:75 - [STDERR_REDIRECT] 
2025-09-19 19:16:27,574 [ERROR] LogOutputStream:75 - [STDERR_REDIRECT] [Fatal Error] :1:1: Premature end of file.
2025-09-19 19:16:27,574 [ERROR] LogOutputStream:75 - [STDERR_REDIRECT] 
2025-09-19 19:16:28,573 [ERROR] LogOutputStream:75 - [STDERR_REDIRECT] [Fatal Error] :1:1: Premature end of file.
2025-09-19 19:16:28,573 [ERROR] LogOutputStream:75 - [STDERR_REDIRECT] 
2025-09-19 19:16:29,570 [ERROR] LogOutputStream:75 - [STDERR_REDIRECT] [Fatal Error] :1:1: Premature end of file.
2025-09-19 19:16:29,570 [ERROR] LogOutputStream:75 - [STDERR_REDIRECT] 
2025-09-19 19:16:30,565 [ERROR] LogOutputStream:75 - [STDERR_REDIRECT] [Fatal Error] :1:1: Premature end of file.
2025-09-19 19:16:30,565 [ERROR] LogOutputStream:75 - [STDERR_REDIRECT] 
2025-09-19 19:16:31,575 [ERROR] LogOutputStream:75 - [STDERR_REDIRECT] [Fatal Error] :1:1: Premature end of file.
2025-09-19 19:16:31,575 [ERROR] LogOutputStream:75 - [STDERR_REDIRECT] 
2025-09-19 19:16:32,583 [ERROR] LogOutputStream:75 - [STDERR_REDIRECT] [Fatal Error] :1:1: Premature end of file.
2025-09-19 19:16:32,583 [ERROR] LogOutputStream:75 - [STDERR_REDIRECT] 
2025-09-19 19:16:33,573 [ERROR] LogOutputStream:75 - [STDERR_REDIRECT] [Fatal Error] :1:1: Premature end of file.
2025-09-19 19:16:33,573 [ERROR] LogOutputStream:75 - [STDERR_REDIRECT] 
2025-09-19 19:16:34,571 [ERROR] LogOutputStream:75 - [STDERR_REDIRECT] [Fatal Error] :1:1: Premature end of file.
2025-09-19 19:16:34,572 [ERROR] LogOutputStream:75 - [STDERR_REDIRECT] 
2025-09-19 19:16:35,572 [ERROR] LogOutputStream:75 - [STDERR_REDIRECT] [Fatal Error] :1:1: Premature end of file.
2025-09-19 19:16:35,572 [ERROR] LogOutputStream:75 - [STDERR_REDIRECT] 
2025-09-19 19:16:36,572 [ERROR] LogOutputStream:75 - [STDERR_REDIRECT] [Fatal Error] :1:1: Premature end of file.
2025-09-19 19:16:36,572 [ERROR] LogOutputStream:75 - [STDERR_REDIRECT] 
2025-09-19 19:16:37,581 [ERROR] LogOutputStream:75 - [STDERR_REDIRECT] [Fatal Error] :1:1: Premature end of file.
2025-09-19 19:16:37,581 [ERROR] LogOutputStream:75 - [STDERR_REDIRECT] 
2025-09-19 19:16:38,576 [ERROR] LogOutputStream:75 - [STDERR_REDIRECT] [Fatal Error] :1:1: Premature end of file.
2025-09-19 19:16:38,576 [ERROR] LogOutputStream:75 - [STDERR_REDIRECT] 
2025-09-19 19:16:39,574 [ERROR] LogOutputStream:75 - [STDERR_REDIRECT] [Fatal Error] :1:1: Premature end of file.
2025-09-19 19:16:39,574 [ERROR] LogOutputStream:75 - [STDERR_REDIRECT] 
2025-09-19 19:16:40,572 [ERROR] LogOutputStream:75 - [STDERR_REDIRECT] [Fatal Error] :1:1: Premature end of file.
2025-09-19 19:16:40,572 [ERROR] LogOutputStream:75 - [STDERR_REDIRECT] 
2025-09-19 19:16:41,568 [ERROR] LogOutputStream:75 - [STDERR_REDIRECT] [Fatal Error] :1:1: Premature end of file.
2025-09-19 19:16:41,568 [ERROR] LogOutputStream:75 - [STDERR_REDIRECT] 
2025-09-19 19:16:42,576 [ERROR] LogOutputStream:75 - [STDERR_REDIRECT] [Fatal Error] :1:1: Premature end of file.
2025-09-19 19:16:42,576 [ERROR] LogOutputStream:75 - [STDERR_REDIRECT] 
2025-09-19 19:16:43,576 [ERROR] LogOutputStream:75 - [STDERR_REDIRECT] [Fatal Error] :1:1: Premature end of file.
2025-09-19 19:16:43,577 [ERROR] LogOutputStream:75 - [STDERR_REDIRECT] 
2025-09-19 19:16:44,568 [ERROR] LogOutputStream:75 - [STDERR_REDIRECT] [Fatal Error] :1:1: Premature end of file.
2025-09-19 19:16:44,568 [ERROR] LogOutputStream:75 - [STDERR_REDIRECT] 
2025-09-19 19:16:45,579 [ERROR] LogOutputStream:75 - [STDERR_REDIRECT] [Fatal Error] :1:1: Premature end of file.
2025-09-19 19:16:45,580 [ERROR] LogOutputStream:75 - [STDERR_REDIRECT] 
2025-09-19 19:16:46,574 [ERROR] LogOutputStream:75 - [STDERR_REDIRECT] [Fatal Error] :1:1: Premature end of file.
2025-09-19 19:16:46,575 [ERROR] LogOutputStream:75 - [STDERR_REDIRECT] 
2025-09-19 19:16:47,574 [ERROR] LogOutputStream:75 - [STDERR_REDIRECT] [Fatal Error] :1:1: Premature end of file.
2025-09-19 19:16:47,574 [ERROR] LogOutputStream:75 - [STDERR_REDIRECT] 
2025-09-19 19:16:48,566 [ERROR] LogOutputStream:75 - [STDERR_REDIRECT] [Fatal Error] :1:1: Premature end of file.
2025-09-19 19:16:48,566 [ERROR] LogOutputStream:75 - [STDERR_REDIRECT] 
2025-09-19 19:16:49,582 [ERROR] LogOutputStream:75 - [STDERR_REDIRECT] [Fatal Error] :1:1: Premature end of file.
2025-09-19 19:16:49,583 [ERROR] LogOutputStream:75 - [STDERR_REDIRECT] 
2025-09-19 19:16:50,579 [ERROR] LogOutputStream:75 - [STDERR_REDIRECT] [Fatal Error] :1:1: Premature end of file.
2025-09-19 19:16:50,579 [ERROR] LogOutputStream:75 - [STDERR_REDIRECT] 
2025-09-19 19:16:51,577 [ERROR] LogOutputStream:75 - [STDERR_REDIRECT] [Fatal Error] :1:1: Premature end of file.
2025-09-19 19:16:51,577 [ERROR] LogOutputStream:75 - [STDERR_REDIRECT] 
2025-09-19 19:16:52,573 [ERROR] LogOutputStream:75 - [STDERR_REDIRECT] [Fatal Error] :1:1: Premature end of file.
2025-09-19 19:16:52,573 [ERROR] LogOutputStream:75 - [STDERR_REDIRECT] 
2025-09-19 19:16:53,574 [ERROR] LogOutputStream:75 - [STDERR_REDIRECT] [Fatal Error] :1:1: Premature end of file.
2025-09-19 19:16:53,574 [ERROR] LogOutputStream:75 - [STDERR_REDIRECT] 
2025-09-19 19:16:54,579 [ERROR] LogOutputStream:75 - [STDERR_REDIRECT] [Fatal Error] :1:1: Premature end of file.
2025-09-19 19:16:54,579 [ERROR] LogOutputStream:75 - [STDERR_REDIRECT] 
2025-09-19 19:16:55,576 [ERROR] LogOutputStream:75 - [STDERR_REDIRECT] [Fatal Error] :1:1: Premature end of file.
2025-09-19 19:16:55,576 [ERROR] LogOutputStream:75 - [STDERR_REDIRECT] 
2025-09-19 19:16:56,623 [ERROR] LogOutputStream:75 - [STDERR_REDIRECT] [Fatal Error] :1:1: Premature end of file.
2025-09-19 19:16:56,623 [ERROR] LogOutputStream:75 - [STDERR_REDIRECT] 
2025-09-19 19:16:57,587 [ERROR] LogOutputStream:75 - [STDERR_REDIRECT] [Fatal Error] :1:1: Premature end of file.
2025-09-19 19:16:57,587 [ERROR] LogOutputStream:75 - [STDERR_REDIRECT] 
2025-09-19 19:16:58,591 [ERROR] LogOutputStream:75 - [STDERR_REDIRECT] [Fatal Error] :1:1: Premature end of file.
2025-09-19 19:16:58,591 [ERROR] LogOutputStream:75 - [STDERR_REDIRECT] 
2025-09-19 19:16:59,578 [ERROR] LogOutputStream:75 - [STDERR_REDIRECT] [Fatal Error] :1:1: Premature end of file.
2025-09-19 19:16:59,578 [ERROR] LogOutputStream:75 - [STDERR_REDIRECT] 
2025-09-19 19:17:00,572 [ERROR] LogOutputStream:75 - [STDERR_REDIRECT] [Fatal Error] :1:1: Premature end of file.
2025-09-19 19:17:00,572 [ERROR] LogOutputStream:75 - [STDERR_REDIRECT] 
2025-09-19 19:17:01,580 [ERROR] LogOutputStream:75 - [STDERR_REDIRECT] [Fatal Error] :1:1: Premature end of file.
2025-09-19 19:17:01,580 [ERROR] LogOutputStream:75 - [STDERR_REDIRECT] 
2025-09-19 19:17:02,572 [ERROR] LogOutputStream:75 - [STDERR_REDIRECT] [Fatal Error] :1:1: Premature end of file.
2025-09-19 19:17:02,572 [ERROR] LogOutputStream:75 - [STDERR_REDIRECT] 
2025-09-19 19:17:03,571 [ERROR] LogOutputStream:75 - [STDERR_REDIRECT] [Fatal Error] :1:1: Premature end of file.
2025-09-19 19:17:03,571 [ERROR] LogOutputStream:75 - [STDERR_REDIRECT] 
2025-09-19 19:17:04,571 [ERROR] LogOutputStream:75 - [STDERR_REDIRECT] [Fatal Error] :1:1: Premature end of file.
2025-09-19 19:17:04,571 [ERROR] LogOutputStream:75 - [STDERR_REDIRECT] 
2025-09-19 19:17:05,583 [ERROR] LogOutputStream:75 - [STDERR_REDIRECT] [Fatal Error] :1:1: Premature end of file.
2025-09-19 19:17:05,584 [ERROR] LogOutputStream:75 - [STDERR_REDIRECT] 
2025-09-19 19:17:06,582 [ERROR] LogOutputStream:75 - [STDERR_REDIRECT] [Fatal Error] :1:1: Premature end of file.
2025-09-19 19:17:06,582 [ERROR] LogOutputStream:75 - [STDERR_REDIRECT] 
2025-09-19 19:17:07,586 [ERROR] LogOutputStream:75 - [STDERR_REDIRECT] [Fatal Error] :1:1: Premature end of file.
2025-09-19 19:17:07,586 [ERROR] LogOutputStream:75 - [STDERR_REDIRECT] 
2025-09-19 19:17:08,568 [ERROR] LogOutputStream:75 - [STDERR_REDIRECT] [Fatal Error] :1:1: Premature end of file.
2025-09-19 19:17:08,570 [ERROR] LogOutputStream:75 - [STDERR_REDIRECT] 
2025-09-19 19:17:09,598 [ERROR] LogOutputStream:75 - [STDERR_REDIRECT] [Fatal Error] :1:1: Premature end of file.
2025-09-19 19:17:09,598 [ERROR] LogOutputStream:75 - [STDERR_REDIRECT] 
2025-09-19 19:17:10,580 [ERROR] LogOutputStream:75 - [STDERR_REDIRECT] [Fatal Error] :1:1: Premature end of file.
2025-09-19 19:17:10,580 [ERROR] LogOutputStream:75 - [STDERR_REDIRECT] 
2025-09-19 19:17:11,590 [ERROR] LogOutputStream:75 - [STDERR_REDIRECT] [Fatal Error] :1:1: Premature end of file.
2025-09-19 19:17:11,590 [ERROR] LogOutputStream:75 - [STDERR_REDIRECT] 
2025-09-19 19:17:12,583 [ERROR] LogOutputStream:75 - [STDERR_REDIRECT] [Fatal Error] :1:1: Premature end of file.
2025-09-19 19:17:12,583 [ERROR] LogOutputStream:75 - [STDERR_REDIRECT] 
2025-09-19 19:17:13,586 [ERROR] LogOutputStream:75 - [STDERR_REDIRECT] [Fatal Error] :1:1: Premature end of file.
2025-09-19 19:17:13,586 [ERROR] LogOutputStream:75 - [STDERR_REDIRECT] 
2025-09-19 19:17:14,583 [ERROR] LogOutputStream:75 - [STDERR_REDIRECT] [Fatal Error] :1:1: Premature end of file.
2025-09-19 19:17:14,583 [ERROR] LogOutputStream:75 - [STDERR_REDIRECT] 
2025-09-19 19:17:15,577 [ERROR] LogOutputStream:75 - [STDERR_REDIRECT] [Fatal Error] :1:1: Premature end of file.
2025-09-19 19:17:15,577 [ERROR] LogOutputStream:75 - [STDERR_REDIRECT] 
2025-09-19 19:17:16,581 [ERROR] LogOutputStream:75 - [STDERR_REDIRECT] [Fatal Error] :1:1: Premature end of file.
2025-09-19 19:17:16,581 [ERROR] LogOutputStream:75 - [STDERR_REDIRECT] 
2025-09-19 19:17:17,578 [ERROR] LogOutputStream:75 - [STDERR_REDIRECT] [Fatal Error] :1:1: Premature end of file.
2025-09-19 19:17:17,578 [ERROR] LogOutputStream:75 - [STDERR_REDIRECT] 
2025-09-19 19:17:18,579 [ERROR] LogOutputStream:75 - [STDERR_REDIRECT] [Fatal Error] :1:1: Premature end of file.
2025-09-19 19:17:18,579 [ERROR] LogOutputStream:75 - [STDERR_REDIRECT] 
2025-09-19 19:17:19,579 [ERROR] LogOutputStream:75 - [STDERR_REDIRECT] [Fatal Error] :1:1: Premature end of file.
2025-09-19 19:17:19,580 [ERROR] LogOutputStream:75 - [STDERR_REDIRECT] 
2025-09-19 19:17:20,584 [ERROR] LogOutputStream:75 - [STDERR_REDIRECT] [Fatal Error] :1:1: Premature end of file.
2025-09-19 19:17:20,584 [ERROR] LogOutputStream:75 - [STDERR_REDIRECT] 
2025-09-19 19:17:21,572 [ERROR] LogOutputStream:75 - [STDERR_REDIRECT] [Fatal Error] :1:1: Premature end of file.
2025-09-19 19:17:21,572 [ERROR] LogOutputStream:75 - [STDERR_REDIRECT] 
2025-09-19 19:17:22,578 [ERROR] LogOutputStream:75 - [STDERR_REDIRECT] [Fatal Error] :1:1: Premature end of file.
2025-09-19 19:17:22,578 [ERROR] LogOutputStream:75 - [STDERR_REDIRECT] 
2025-09-19 19:17:23,575 [ERROR] LogOutputStream:75 - [STDERR_REDIRECT] [Fatal Error] :1:1: Premature end of file.
2025-09-19 19:17:23,575 [ERROR] LogOutputStream:75 - [STDERR_REDIRECT] 
2025-09-19 19:17:24,576 [ERROR] LogOutputStream:75 - [STDERR_REDIRECT] [Fatal Error] :1:1: Premature end of file.
2025-09-19 19:17:24,576 [ERROR] LogOutputStream:75 - [STDERR_REDIRECT] 
2025-09-19 19:17:25,581 [ERROR] LogOutputStream:75 - [STDERR_REDIRECT] [Fatal Error] :1:1: Premature end of file.
2025-09-19 19:17:25,581 [ERROR] LogOutputStream:75 - [STDERR_REDIRECT] 
2025-09-19 19:17:26,580 [ERROR] LogOutputStream:75 - [STDERR_REDIRECT] [Fatal Error] :1:1: Premature end of file.
2025-09-19 19:17:26,580 [ERROR] LogOutputStream:75 - [STDERR_REDIRECT] 
2025-09-19 19:17:27,581 [ERROR] LogOutputStream:75 - [STDERR_REDIRECT] [Fatal Error] :1:1: Premature end of file.
2025-09-19 19:17:27,581 [ERROR] LogOutputStream:75 - [STDERR_REDIRECT] 
2025-09-19 19:17:28,570 [ERROR] LogOutputStream:75 - [STDERR_REDIRECT] [Fatal Error] :1:1: Premature end of file.
2025-09-19 19:17:28,570 [ERROR] LogOutputStream:75 - [STDERR_REDIRECT] 
2025-09-19 19:17:29,574 [ERROR] LogOutputStream:75 - [STDERR_REDIRECT] [Fatal Error] :1:1: Premature end of file.
2025-09-19 19:17:29,574 [ERROR] LogOutputStream:75 - [STDERR_REDIRECT] 
2025-09-19 19:17:30,570 [ERROR] LogOutputStream:75 - [STDERR_REDIRECT] [Fatal Error] :1:1: Premature end of file.
2025-09-19 19:17:30,570 [ERROR] LogOutputStream:75 - [STDERR_REDIRECT] 
2025-09-19 19:17:31,568 [ERROR] LogOutputStream:75 - [STDERR_REDIRECT] [Fatal Error] :1:1: Premature end of file.
2025-09-19 19:17:31,568 [ERROR] LogOutputStream:75 - [STDERR_REDIRECT] 
2025-09-19 19:17:32,582 [ERROR] LogOutputStream:75 - [STDERR_REDIRECT] [Fatal Error] :1:1: Premature end of file.
2025-09-19 19:17:32,582 [ERROR] LogOutputStream:75 - [STDERR_REDIRECT] 
2025-09-19 19:17:33,585 [ERROR] LogOutputStream:75 - [STDERR_REDIRECT] [Fatal Error] :1:1: Premature end of file.
2025-09-19 19:17:33,585 [ERROR] LogOutputStream:75 - [STDERR_REDIRECT] 
2025-09-19 19:17:34,581 [ERROR] LogOutputStream:75 - [STDERR_REDIRECT] [Fatal Error] :1:1: Premature end of file.
2025-09-19 19:17:34,581 [ERROR] LogOutputStream:75 - [STDERR_REDIRECT] 
2025-09-19 19:17:35,577 [ERROR] LogOutputStream:75 - [STDERR_REDIRECT] [Fatal Error] :1:1: Premature end of file.
2025-09-19 19:17:35,577 [ERROR] LogOutputStream:75 - [STDERR_REDIRECT] 
2025-09-19 19:17:36,577 [ERROR] LogOutputStream:75 - [STDERR_REDIRECT] [Fatal Error] :1:1: Premature end of file.
2025-09-19 19:17:36,577 [ERROR] LogOutputStream:75 - [STDERR_REDIRECT] 
2025-09-19 19:17:37,577 [ERROR] LogOutputStream:75 - [STDERR_REDIRECT] [Fatal Error] :1:1: Premature end of file.
2025-09-19 19:17:37,577 [ERROR] LogOutputStream:75 - [STDERR_REDIRECT] 
2025-09-19 19:17:38,578 [ERROR] LogOutputStream:75 - [STDERR_REDIRECT] [Fatal Error] :1:1: Premature end of file.
2025-09-19 19:17:38,578 [ERROR] LogOutputStream:75 - [STDERR_REDIRECT] 
2025-09-19 19:17:39,580 [ERROR] LogOutputStream:75 - [STDERR_REDIRECT] [Fatal Error] :1:1: Premature end of file.
2025-09-19 19:17:39,580 [ERROR] LogOutputStream:75 - [STDERR_REDIRECT] 
2025-09-19 19:17:40,571 [ERROR] LogOutputStream:75 - [STDERR_REDIRECT] [Fatal Error] :1:1: Premature end of file.
2025-09-19 19:17:40,572 [ERROR] LogOutputStream:75 - [STDERR_REDIRECT] 
2025-09-19 19:17:41,573 [ERROR] LogOutputStream:75 - [STDERR_REDIRECT] [Fatal Error] :1:1: Premature end of file.
2025-09-19 19:17:41,573 [ERROR] LogOutputStream:75 - [STDERR_REDIRECT] 
2025-09-19 19:17:42,571 [ERROR] LogOutputStream:75 - [STDERR_REDIRECT] [Fatal Error] :1:1: Premature end of file.
2025-09-19 19:17:42,571 [ERROR] LogOutputStream:75 - [STDERR_REDIRECT] 
2025-09-19 19:17:43,571 [ERROR] LogOutputStream:75 - [STDERR_REDIRECT] [Fatal Error] :1:1: Premature end of file.
2025-09-19 19:17:43,571 [ERROR] LogOutputStream:75 - [STDERR_REDIRECT] 
2025-09-19 19:17:44,575 [ERROR] LogOutputStream:75 - [STDERR_REDIRECT] [Fatal Error] :1:1: Premature end of file.
2025-09-19 19:17:44,575 [ERROR] LogOutputStream:75 - [STDERR_REDIRECT] 
2025-09-19 19:17:45,572 [ERROR] LogOutputStream:75 - [STDERR_REDIRECT] [Fatal Error] :1:1: Premature end of file.
2025-09-19 19:17:45,572 [ERROR] LogOutputStream:75 - [STDERR_REDIRECT] 
2025-09-19 19:17:46,572 [ERROR] LogOutputStream:75 - [STDERR_REDIRECT] [Fatal Error] :1:1: Premature end of file.
2025-09-19 19:17:46,572 [ERROR] LogOutputStream:75 - [STDERR_REDIRECT] 
2025-09-19 19:17:47,575 [ERROR] LogOutputStream:75 - [STDERR_REDIRECT] [Fatal Error] :1:1: Premature end of file.
2025-09-19 19:17:47,575 [ERROR] LogOutputStream:75 - [STDERR_REDIRECT] 
2025-09-19 19:17:48,572 [ERROR] LogOutputStream:75 - [STDERR_REDIRECT] [Fatal Error] :1:1: Premature end of file.
2025-09-19 19:17:48,572 [ERROR] LogOutputStream:75 - [STDERR_REDIRECT] 
2025-09-19 19:17:49,575 [ERROR] LogOutputStream:75 - [STDERR_REDIRECT] [Fatal Error] :1:1: Premature end of file.
2025-09-19 19:17:49,575 [ERROR] LogOutputStream:75 - [STDERR_REDIRECT] 
2025-09-19 19:17:50,578 [ERROR] LogOutputStream:75 - [STDERR_REDIRECT] [Fatal Error] :1:1: Premature end of file.
2025-09-19 19:17:50,578 [ERROR] LogOutputStream:75 - [STDERR_REDIRECT] 
2025-09-19 19:17:51,572 [ERROR] LogOutputStream:75 - [STDERR_REDIRECT] [Fatal Error] :1:1: Premature end of file.
2025-09-19 19:17:51,572 [ERROR] LogOutputStream:75 - [STDERR_REDIRECT] 
2025-09-19 19:17:52,581 [ERROR] LogOutputStream:75 - [STDERR_REDIRECT] [Fatal Error] :1:1: Premature end of file.
2025-09-19 19:17:52,581 [ERROR] LogOutputStream:75 - [STDERR_REDIRECT] 
2025-09-19 19:17:53,569 [ERROR] LogOutputStream:75 - [STDERR_REDIRECT] [Fatal Error] :1:1: Premature end of file.
2025-09-19 19:17:53,569 [ERROR] LogOutputStream:75 - [STDERR_REDIRECT] 
2025-09-19 19:17:54,568 [ERROR] LogOutputStream:75 - [STDERR_REDIRECT] [Fatal Error] :1:1: Premature end of file.
2025-09-19 19:17:54,568 [ERROR] LogOutputStream:75 - [STDERR_REDIRECT] 
2025-09-19 19:17:55,581 [ERROR] LogOutputStream:75 - [STDERR_REDIRECT] [Fatal Error] :1:1: Premature end of file.
2025-09-19 19:17:55,582 [ERROR] LogOutputStream:75 - [STDERR_REDIRECT] 
2025-09-19 19:17:56,577 [ERROR] LogOutputStream:75 - [STDERR_REDIRECT] [Fatal Error] :1:1: Premature end of file.
2025-09-19 19:17:56,579 [ERROR] LogOutputStream:75 - [STDERR_REDIRECT] 
2025-09-19 19:17:57,574 [ERROR] LogOutputStream:75 - [STDERR_REDIRECT] [Fatal Error] :1:1: Premature end of file.
2025-09-19 19:17:57,574 [ERROR] LogOutputStream:75 - [STDERR_REDIRECT] 
2025-09-19 19:17:58,573 [ERROR] LogOutputStream:75 - [STDERR_REDIRECT] [Fatal Error] :1:1: Premature end of file.
2025-09-19 19:17:58,573 [ERROR] LogOutputStream:75 - [STDERR_REDIRECT] 
2025-09-19 19:17:59,570 [ERROR] LogOutputStream:75 - [STDERR_REDIRECT] [Fatal Error] :1:1: Premature end of file.
2025-09-19 19:17:59,570 [ERROR] LogOutputStream:75 - [STDERR_REDIRECT] 
2025-09-19 19:18:00,571 [ERROR] LogOutputStream:75 - [STDERR_REDIRECT] [Fatal Error] :1:1: Premature end of file.
2025-09-19 19:18:00,571 [ERROR] LogOutputStream:75 - [STDERR_REDIRECT] 
2025-09-19 19:18:01,569 [ERROR] LogOutputStream:75 - [STDERR_REDIRECT] [Fatal Error] :1:1: Premature end of file.
2025-09-19 19:18:01,569 [ERROR] LogOutputStream:75 - [STDERR_REDIRECT] 
2025-09-19 19:18:02,572 [ERROR] LogOutputStream:75 - [STDERR_REDIRECT] [Fatal Error] :1:1: Premature end of file.
2025-09-19 19:18:02,572 [ERROR] LogOutputStream:75 - [STDERR_REDIRECT] 
2025-09-19 19:18:03,580 [ERROR] LogOutputStream:75 - [STDERR_REDIRECT] [Fatal Error] :1:1: Premature end of file.
2025-09-19 19:18:03,580 [ERROR] LogOutputStream:75 - [STDERR_REDIRECT] 
2025-09-19 19:18:04,569 [ERROR] LogOutputStream:75 - [STDERR_REDIRECT] [Fatal Error] :1:1: Premature end of file.
2025-09-19 19:18:04,569 [ERROR] LogOutputStream:75 - [STDERR_REDIRECT] 
2025-09-19 19:18:05,583 [ERROR] LogOutputStream:75 - [STDERR_REDIRECT] [Fatal Error] :1:1: Premature end of file.
2025-09-19 19:18:05,583 [ERROR] LogOutputStream:75 - [STDERR_REDIRECT] 
2025-09-19 19:18:06,575 [ERROR] LogOutputStream:75 - [STDERR_REDIRECT] [Fatal Error] :1:1: Premature end of file.
2025-09-19 19:18:06,575 [ERROR] LogOutputStream:75 - [STDERR_REDIRECT] 
2025-09-19 19:18:07,577 [ERROR] LogOutputStream:75 - [STDERR_REDIRECT] [Fatal Error] :1:1: Premature end of file.
2025-09-19 19:18:07,577 [ERROR] LogOutputStream:75 - [STDERR_REDIRECT] 
2025-09-19 19:18:08,580 [ERROR] LogOutputStream:75 - [STDERR_REDIRECT] [Fatal Error] :1:1: Premature end of file.
2025-09-19 19:18:08,580 [ERROR] LogOutputStream:75 - [STDERR_REDIRECT] 
2025-09-19 19:18:09,580 [ERROR] LogOutputStream:75 - [STDERR_REDIRECT] [Fatal Error] :1:1: Premature end of file.
2025-09-19 19:18:09,580 [ERROR] LogOutputStream:75 - [STDERR_REDIRECT] 
2025-09-19 19:18:10,577 [ERROR] LogOutputStream:75 - [STDERR_REDIRECT] [Fatal Error] :1:1: Premature end of file.
2025-09-19 19:18:10,577 [ERROR] LogOutputStream:75 - [STDERR_REDIRECT] 
2025-09-19 19:18:11,574 [ERROR] LogOutputStream:75 - [STDERR_REDIRECT] [Fatal Error] :1:1: Premature end of file.
2025-09-19 19:18:11,574 [ERROR] LogOutputStream:75 - [STDERR_REDIRECT] 
2025-09-19 19:18:12,570 [ERROR] LogOutputStream:75 - [STDERR_REDIRECT] [Fatal Error] :1:1: Premature end of file.
2025-09-19 19:18:12,570 [ERROR] LogOutputStream:75 - [STDERR_REDIRECT] 
2025-09-19 19:18:13,569 [ERROR] LogOutputStream:75 - [STDERR_REDIRECT] [Fatal Error] :1:1: Premature end of file.
2025-09-19 19:18:13,569 [ERROR] LogOutputStream:75 - [STDERR_REDIRECT] 
2025-09-19 19:18:14,581 [ERROR] LogOutputStream:75 - [STDERR_REDIRECT] [Fatal Error] :1:1: Premature end of file.
2025-09-19 19:18:14,581 [ERROR] LogOutputStream:75 - [STDERR_REDIRECT] 
2025-09-19 19:18:15,578 [ERROR] LogOutputStream:75 - [STDERR_REDIRECT] [Fatal Error] :1:1: Premature end of file.
2025-09-19 19:18:15,578 [ERROR] LogOutputStream:75 - [STDERR_REDIRECT] 
2025-09-19 19:18:16,575 [ERROR] LogOutputStream:75 - [STDERR_REDIRECT] [Fatal Error] :1:1: Premature end of file.
2025-09-19 19:18:16,575 [ERROR] LogOutputStream:75 - [STDERR_REDIRECT] 
2025-09-19 19:18:17,588 [ERROR] LogOutputStream:75 - [STDERR_REDIRECT] [Fatal Error] :1:1: Premature end of file.
2025-09-19 19:18:17,588 [ERROR] LogOutputStream:75 - [STDERR_REDIRECT] 
2025-09-19 19:18:18,577 [ERROR] LogOutputStream:75 - [STDERR_REDIRECT] [Fatal Error] :1:1: Premature end of file.
2025-09-19 19:18:18,577 [ERROR] LogOutputStream:75 - [STDERR_REDIRECT] 
2025-09-19 19:18:19,576 [ERROR] LogOutputStream:75 - [STDERR_REDIRECT] [Fatal Error] :1:1: Premature end of file.
2025-09-19 19:18:19,576 [ERROR] LogOutputStream:75 - [STDERR_REDIRECT] 
2025-09-19 19:18:20,571 [ERROR] LogOutputStream:75 - [STDERR_REDIRECT] [Fatal Error] :1:1: Premature end of file.
2025-09-19 19:18:20,572 [ERROR] LogOutputStream:75 - [STDERR_REDIRECT] 
2025-09-19 19:18:21,580 [ERROR] LogOutputStream:75 - [STDERR_REDIRECT] [Fatal Error] :1:1: Premature end of file.
2025-09-19 19:18:21,580 [ERROR] LogOutputStream:75 - [STDERR_REDIRECT] 
2025-09-19 19:18:22,581 [ERROR] LogOutputStream:75 - [STDERR_REDIRECT] [Fatal Error] :1:1: Premature end of file.
2025-09-19 19:18:22,583 [ERROR] LogOutputStream:75 - [STDERR_REDIRECT] 
2025-09-19 19:18:23,583 [ERROR] LogOutputStream:75 - [STDERR_REDIRECT] [Fatal Error] :1:1: Premature end of file.
2025-09-19 19:18:23,583 [ERROR] LogOutputStream:75 - [STDERR_REDIRECT] 
2025-09-19 19:18:24,582 [ERROR] LogOutputStream:75 - [STDERR_REDIRECT] [Fatal Error] :1:1: Premature end of file.
2025-09-19 19:18:24,582 [ERROR] LogOutputStream:75 - [STDERR_REDIRECT] 
2025-09-19 19:18:25,575 [ERROR] LogOutputStream:75 - [STDERR_REDIRECT] [Fatal Error] :1:1: Premature end of file.
2025-09-19 19:18:25,576 [ERROR] LogOutputStream:75 - [STDERR_REDIRECT] 
2025-09-19 19:18:26,568 [ERROR] LogOutputStream:75 - [STDERR_REDIRECT] [Fatal Error] :1:1: Premature end of file.
2025-09-19 19:18:26,570 [ERROR] LogOutputStream:75 - [STDERR_REDIRECT] 
2025-09-19 19:18:27,572 [ERROR] LogOutputStream:75 - [STDERR_REDIRECT] [Fatal Error] :1:1: Premature end of file.
2025-09-19 19:18:27,572 [ERROR] LogOutputStream:75 - [STDERR_REDIRECT] 
2025-09-19 19:18:28,582 [ERROR] LogOutputStream:75 - [STDERR_REDIRECT] [Fatal Error] :1:1: Premature end of file.
2025-09-19 19:18:28,582 [ERROR] LogOutputStream:75 - [STDERR_REDIRECT] 
2025-09-19 19:18:29,576 [ERROR] LogOutputStream:75 - [STDERR_REDIRECT] [Fatal Error] :1:1: Premature end of file.
2025-09-19 19:18:29,576 [ERROR] LogOutputStream:75 - [STDERR_REDIRECT] 
2025-09-19 19:18:30,575 [ERROR] LogOutputStream:75 - [STDERR_REDIRECT] [Fatal Error] :1:1: Premature end of file.
2025-09-19 19:18:30,575 [ERROR] LogOutputStream:75 - [STDERR_REDIRECT] 
2025-09-19 19:18:31,572 [ERROR] LogOutputStream:75 - [STDERR_REDIRECT] [Fatal Error] :1:1: Premature end of file.
2025-09-19 19:18:31,572 [ERROR] LogOutputStream:75 - [STDERR_REDIRECT] 
2025-09-19 19:18:32,573 [ERROR] LogOutputStream:75 - [STDERR_REDIRECT] [Fatal Error] :1:1: Premature end of file.
2025-09-19 19:18:32,573 [ERROR] LogOutputStream:75 - [STDERR_REDIRECT] 
2025-09-19 19:18:33,572 [ERROR] LogOutputStream:75 - [STDERR_REDIRECT] [Fatal Error] :1:1: Premature end of file.
2025-09-19 19:18:33,573 [ERROR] LogOutputStream:75 - [STDERR_REDIRECT] 
2025-09-19 19:18:34,571 [ERROR] LogOutputStream:75 - [STDERR_REDIRECT] [Fatal Error] :1:1: Premature end of file.
2025-09-19 19:18:34,571 [ERROR] LogOutputStream:75 - [STDERR_REDIRECT] 
2025-09-19 19:18:35,573 [ERROR] LogOutputStream:75 - [STDERR_REDIRECT] [Fatal Error] :1:1: Premature end of file.
2025-09-19 19:18:35,573 [ERROR] LogOutputStream:75 - [STDERR_REDIRECT] 
2025-09-19 19:18:36,574 [ERROR] LogOutputStream:75 - [STDERR_REDIRECT] [Fatal Error] :1:1: Premature end of file.
2025-09-19 19:18:36,574 [ERROR] LogOutputStream:75 - [STDERR_REDIRECT] 
2025-09-19 19:18:37,585 [ERROR] LogOutputStream:75 - [STDERR_REDIRECT] [Fatal Error] :1:1: Premature end of file.
2025-09-19 19:18:37,585 [ERROR] LogOutputStream:75 - [STDERR_REDIRECT] 
2025-09-19 19:18:38,570 [ERROR] LogOutputStream:75 - [STDERR_REDIRECT] [Fatal Error] :1:1: Premature end of file.
2025-09-19 19:18:38,570 [ERROR] LogOutputStream:75 - [STDERR_REDIRECT] 
2025-09-19 19:18:39,571 [ERROR] LogOutputStream:75 - [STDERR_REDIRECT] [Fatal Error] :1:1: Premature end of file.
2025-09-19 19:18:39,571 [ERROR] LogOutputStream:75 - [STDERR_REDIRECT] 
2025-09-19 19:18:40,571 [ERROR] LogOutputStream:75 - [STDERR_REDIRECT] [Fatal Error] :1:1: Premature end of file.
2025-09-19 19:18:40,571 [ERROR] LogOutputStream:75 - [STDERR_REDIRECT] 
2025-09-19 19:18:41,580 [ERROR] LogOutputStream:75 - [STDERR_REDIRECT] [Fatal Error] :1:1: Premature end of file.
2025-09-19 19:18:41,581 [ERROR] LogOutputStream:75 - [STDERR_REDIRECT] 
2025-09-19 19:18:42,578 [ERROR] LogOutputStream:75 - [STDERR_REDIRECT] [Fatal Error] :1:1: Premature end of file.
2025-09-19 19:18:42,578 [ERROR] LogOutputStream:75 - [STDERR_REDIRECT] 
2025-09-19 19:18:43,582 [ERROR] LogOutputStream:75 - [STDERR_REDIRECT] [Fatal Error] :1:1: Premature end of file.
2025-09-19 19:18:43,583 [ERROR] LogOutputStream:75 - [STDERR_REDIRECT] 
2025-09-19 19:18:44,567 [ERROR] LogOutputStream:75 - [STDERR_REDIRECT] [Fatal Error] :1:1: Premature end of file.
2025-09-19 19:18:44,567 [ERROR] LogOutputStream:75 - [STDERR_REDIRECT] 
2025-09-19 19:18:45,577 [ERROR] LogOutputStream:75 - [STDERR_REDIRECT] [Fatal Error] :1:1: Premature end of file.
2025-09-19 19:18:45,577 [ERROR] LogOutputStream:75 - [STDERR_REDIRECT] 
2025-09-19 19:18:46,578 [ERROR] LogOutputStream:75 - [STDERR_REDIRECT] [Fatal Error] :1:1: Premature end of file.
2025-09-19 19:18:46,578 [ERROR] LogOutputStream:75 - [STDERR_REDIRECT] 
2025-09-19 19:18:47,575 [ERROR] LogOutputStream:75 - [STDERR_REDIRECT] [Fatal Error] :1:1: Premature end of file.
2025-09-19 19:18:47,575 [ERROR] LogOutputStream:75 - [STDERR_REDIRECT] 
2025-09-19 19:18:48,571 [ERROR] LogOutputStream:75 - [STDERR_REDIRECT] [Fatal Error] :1:1: Premature end of file.
2025-09-19 19:18:48,571 [ERROR] LogOutputStream:75 - [STDERR_REDIRECT] 
2025-09-19 19:18:49,568 [ERROR] LogOutputStream:75 - [STDERR_REDIRECT] [Fatal Error] :1:1: Premature end of file.
2025-09-19 19:18:49,568 [ERROR] LogOutputStream:75 - [STDERR_REDIRECT] 
2025-09-19 19:18:50,565 [ERROR] LogOutputStream:75 - [STDERR_REDIRECT] [Fatal Error] :1:1: Premature end of file.
2025-09-19 19:18:50,565 [ERROR] LogOutputStream:75 - [STDERR_REDIRECT] 
2025-09-19 19:18:51,575 [ERROR] LogOutputStream:75 - [STDERR_REDIRECT] [Fatal Error] :1:1: Premature end of file.
2025-09-19 19:18:51,575 [ERROR] LogOutputStream:75 - [STDERR_REDIRECT] 
2025-09-19 19:18:52,568 [ERROR] LogOutputStream:75 - [STDERR_REDIRECT] [Fatal Error] :1:1: Premature end of file.
2025-09-19 19:18:52,568 [ERROR] LogOutputStream:75 - [STDERR_REDIRECT] 
2025-09-19 19:18:53,579 [ERROR] LogOutputStream:75 - [STDERR_REDIRECT] [Fatal Error] :1:1: Premature end of file.
2025-09-19 19:18:53,579 [ERROR] LogOutputStream:75 - [STDERR_REDIRECT] 
2025-09-19 19:18:54,570 [ERROR] LogOutputStream:75 - [STDERR_REDIRECT] [Fatal Error] :1:1: Premature end of file.
2025-09-19 19:18:54,570 [ERROR] LogOutputStream:75 - [STDERR_REDIRECT] 
2025-09-19 19:18:55,564 [ERROR] LogOutputStream:75 - [STDERR_REDIRECT] [Fatal Error] :1:1: Premature end of file.
2025-09-19 19:18:55,564 [ERROR] LogOutputStream:75 - [STDERR_REDIRECT] 
2025-09-19 19:18:56,579 [ERROR] LogOutputStream:75 - [STDERR_REDIRECT] [Fatal Error] :1:1: Premature end of file.
2025-09-19 19:18:56,579 [ERROR] LogOutputStream:75 - [STDERR_REDIRECT] 
2025-09-19 19:18:57,571 [ERROR] LogOutputStream:75 - [STDERR_REDIRECT] [Fatal Error] :1:1: Premature end of file.
2025-09-19 19:18:57,571 [ERROR] LogOutputStream:75 - [STDERR_REDIRECT] 
2025-09-19 19:18:58,577 [ERROR] LogOutputStream:75 - [STDERR_REDIRECT] [Fatal Error] :1:1: Premature end of file.
2025-09-19 19:18:58,577 [ERROR] LogOutputStream:75 - [STDERR_REDIRECT] 
2025-09-19 19:18:59,569 [ERROR] LogOutputStream:75 - [STDERR_REDIRECT] [Fatal Error] :1:1: Premature end of file.
2025-09-19 19:18:59,569 [ERROR] LogOutputStream:75 - [STDERR_REDIRECT] 
2025-09-19 19:19:00,575 [ERROR] LogOutputStream:75 - [STDERR_REDIRECT] [Fatal Error] :1:1: Premature end of file.
2025-09-19 19:19:00,577 [ERROR] LogOutputStream:75 - [STDERR_REDIRECT] 
2025-09-19 19:19:01,570 [ERROR] LogOutputStream:75 - [STDERR_REDIRECT] [Fatal Error] :1:1: Premature end of file.
2025-09-19 19:19:01,570 [ERROR] LogOutputStream:75 - [STDERR_REDIRECT] 
2025-09-19 19:19:02,576 [ERROR] LogOutputStream:75 - [STDERR_REDIRECT] [Fatal Error] :1:1: Premature end of file.
2025-09-19 19:19:02,576 [ERROR] LogOutputStream:75 - [STDERR_REDIRECT] 
2025-09-19 19:19:03,569 [ERROR] LogOutputStream:75 - [STDERR_REDIRECT] [Fatal Error] :1:1: Premature end of file.
2025-09-19 19:19:03,569 [ERROR] LogOutputStream:75 - [STDERR_REDIRECT] 
2025-09-19 19:19:04,577 [ERROR] LogOutputStream:75 - [STDERR_REDIRECT] [Fatal Error] :1:1: Premature end of file.
2025-09-19 19:19:04,577 [ERROR] LogOutputStream:75 - [STDERR_REDIRECT] 
2025-09-19 19:19:05,567 [ERROR] LogOutputStream:75 - [STDERR_REDIRECT] [Fatal Error] :1:1: Premature end of file.
2025-09-19 19:19:05,567 [ERROR] LogOutputStream:75 - [STDERR_REDIRECT] 
2025-09-19 19:19:06,573 [ERROR] LogOutputStream:75 - [STDERR_REDIRECT] [Fatal Error] :1:1: Premature end of file.
2025-09-19 19:19:06,573 [ERROR] LogOutputStream:75 - [STDERR_REDIRECT] 
2025-09-19 19:19:07,567 [ERROR] LogOutputStream:75 - [STDERR_REDIRECT] [Fatal Error] :1:1: Premature end of file.
2025-09-19 19:19:07,567 [ERROR] LogOutputStream:75 - [STDERR_REDIRECT] 
2025-09-19 19:19:08,571 [ERROR] LogOutputStream:75 - [STDERR_REDIRECT] [Fatal Error] :1:1: Premature end of file.
2025-09-19 19:19:08,571 [ERROR] LogOutputStream:75 - [STDERR_REDIRECT] 
2025-09-19 19:19:09,577 [ERROR] LogOutputStream:75 - [STDERR_REDIRECT] [Fatal Error] :1:1: Premature end of file.
2025-09-19 19:19:09,577 [ERROR] LogOutputStream:75 - [STDERR_REDIRECT] 
2025-09-19 19:19:10,570 [ERROR] LogOutputStream:75 - [STDERR_REDIRECT] [Fatal Error] :1:1: Premature end of file.
2025-09-19 19:19:10,570 [ERROR] LogOutputStream:75 - [STDERR_REDIRECT] 
2025-09-19 19:19:11,574 [ERROR] LogOutputStream:75 - [STDERR_REDIRECT] [Fatal Error] :1:1: Premature end of file.
2025-09-19 19:19:11,574 [ERROR] LogOutputStream:75 - [STDERR_REDIRECT] 
2025-09-19 19:19:12,576 [ERROR] LogOutputStream:75 - [STDERR_REDIRECT] [Fatal Error] :1:1: Premature end of file.
2025-09-19 19:19:12,576 [ERROR] LogOutputStream:75 - [STDERR_REDIRECT] 
2025-09-19 19:19:13,577 [ERROR] LogOutputStream:75 - [STDERR_REDIRECT] [Fatal Error] :1:1: Premature end of file.
2025-09-19 19:19:13,577 [ERROR] LogOutputStream:75 - [STDERR_REDIRECT] 
2025-09-19 19:19:14,580 [ERROR] LogOutputStream:75 - [STDERR_REDIRECT] [Fatal Error] :1:1: Premature end of file.
2025-09-19 19:19:14,580 [ERROR] LogOutputStream:75 - [STDERR_REDIRECT] 
2025-09-19 19:19:15,579 [ERROR] LogOutputStream:75 - [STDERR_REDIRECT] [Fatal Error] :1:1: Premature end of file.
2025-09-19 19:19:15,579 [ERROR] LogOutputStream:75 - [STDERR_REDIRECT] 
2025-09-19 19:19:16,568 [ERROR] LogOutputStream:75 - [STDERR_REDIRECT] [Fatal Error] :1:1: Premature end of file.
2025-09-19 19:19:16,568 [ERROR] LogOutputStream:75 - [STDERR_REDIRECT] 
2025-09-19 19:19:17,572 [ERROR] LogOutputStream:75 - [STDERR_REDIRECT] [Fatal Error] :1:1: Premature end of file.
2025-09-19 19:19:17,572 [ERROR] LogOutputStream:75 - [STDERR_REDIRECT] 
2025-09-19 19:19:18,578 [ERROR] LogOutputStream:75 - [STDERR_REDIRECT] [Fatal Error] :1:1: Premature end of file.
2025-09-19 19:19:18,578 [ERROR] LogOutputStream:75 - [STDERR_REDIRECT] 
2025-09-19 19:19:19,570 [ERROR] LogOutputStream:75 - [STDERR_REDIRECT] [Fatal Error] :1:1: Premature end of file.
2025-09-19 19:19:19,570 [ERROR] LogOutputStream:75 - [STDERR_REDIRECT] 
2025-09-19 19:19:20,578 [ERROR] LogOutputStream:75 - [STDERR_REDIRECT] [Fatal Error] :1:1: Premature end of file.
2025-09-19 19:19:20,578 [ERROR] LogOutputStream:75 - [STDERR_REDIRECT] 
2025-09-19 19:19:21,568 [ERROR] LogOutputStream:75 - [STDERR_REDIRECT] [Fatal Error] :1:1: Premature end of file.
2025-09-19 19:19:21,568 [ERROR] LogOutputStream:75 - [STDERR_REDIRECT] 
2025-09-19 19:19:22,572 [ERROR] LogOutputStream:75 - [STDERR_REDIRECT] [Fatal Error] :1:1: Premature end of file.
2025-09-19 19:19:22,572 [ERROR] LogOutputStream:75 - [STDERR_REDIRECT] 
2025-09-19 19:19:23,579 [ERROR] LogOutputStream:75 - [STDERR_REDIRECT] [Fatal Error] :1:1: Premature end of file.
2025-09-19 19:19:23,580 [ERROR] LogOutputStream:75 - [STDERR_REDIRECT] 
2025-09-19 19:19:24,573 [ERROR] LogOutputStream:75 - [STDERR_REDIRECT] [Fatal Error] :1:1: Premature end of file.
2025-09-19 19:19:24,573 [ERROR] LogOutputStream:75 - [STDERR_REDIRECT] 
2025-09-19 19:19:25,579 [ERROR] LogOutputStream:75 - [STDERR_REDIRECT] [Fatal Error] :1:1: Premature end of file.
2025-09-19 19:19:25,579 [ERROR] LogOutputStream:75 - [STDERR_REDIRECT] 
2025-09-19 19:19:26,567 [ERROR] LogOutputStream:75 - [STDERR_REDIRECT] [Fatal Error] :1:1: Premature end of file.
2025-09-19 19:19:26,567 [ERROR] LogOutputStream:75 - [STDERR_REDIRECT] 
2025-09-19 19:19:27,572 [ERROR] LogOutputStream:75 - [STDERR_REDIRECT] [Fatal Error] :1:1: Premature end of file.
2025-09-19 19:19:27,572 [ERROR] LogOutputStream:75 - [STDERR_REDIRECT] 
2025-09-19 19:19:28,579 [ERROR] LogOutputStream:75 - [STDERR_REDIRECT] [Fatal Error] :1:1: Premature end of file.
2025-09-19 19:19:28,579 [ERROR] LogOutputStream:75 - [STDERR_REDIRECT] 
2025-09-19 19:19:29,570 [ERROR] LogOutputStream:75 - [STDERR_REDIRECT] [Fatal Error] :1:1: Premature end of file.
2025-09-19 19:19:29,570 [ERROR] LogOutputStream:75 - [STDERR_REDIRECT] 
2025-09-19 19:19:30,575 [ERROR] LogOutputStream:75 - [STDERR_REDIRECT] [Fatal Error] :1:1: Premature end of file.
2025-09-19 19:19:30,575 [ERROR] LogOutputStream:75 - [STDERR_REDIRECT] 
2025-09-19 19:19:31,576 [ERROR] LogOutputStream:75 - [STDERR_REDIRECT] [Fatal Error] :1:1: Premature end of file.
2025-09-19 19:19:31,576 [ERROR] LogOutputStream:75 - [STDERR_REDIRECT] 
2025-09-19 19:19:32,579 [ERROR] LogOutputStream:75 - [STDERR_REDIRECT] [Fatal Error] :1:1: Premature end of file.
2025-09-19 19:19:32,579 [ERROR] LogOutputStream:75 - [STDERR_REDIRECT] 
2025-09-19 19:19:33,570 [ERROR] LogOutputStream:75 - [STDERR_REDIRECT] [Fatal Error] :1:1: Premature end of file.
2025-09-19 19:19:33,570 [ERROR] LogOutputStream:75 - [STDERR_REDIRECT] 
2025-09-19 19:19:34,577 [ERROR] LogOutputStream:75 - [STDERR_REDIRECT] [Fatal Error] :1:1: Premature end of file.
2025-09-19 19:19:34,578 [ERROR] LogOutputStream:75 - [STDERR_REDIRECT] 
2025-09-19 19:19:35,566 [ERROR] LogOutputStream:75 - [STDERR_REDIRECT] [Fatal Error] :1:1: Premature end of file.
2025-09-19 19:19:35,566 [ERROR] LogOutputStream:75 - [STDERR_REDIRECT] 
2025-09-19 19:19:36,575 [ERROR] LogOutputStream:75 - [STDERR_REDIRECT] [Fatal Error] :1:1: Premature end of file.
2025-09-19 19:19:36,575 [ERROR] LogOutputStream:75 - [STDERR_REDIRECT] 
2025-09-19 19:19:37,569 [ERROR] LogOutputStream:75 - [STDERR_REDIRECT] [Fatal Error] :1:1: Premature end of file.
2025-09-19 19:19:37,569 [ERROR] LogOutputStream:75 - [STDERR_REDIRECT] 
2025-09-19 19:19:38,574 [ERROR] LogOutputStream:75 - [STDERR_REDIRECT] [Fatal Error] :1:1: Premature end of file.
2025-09-19 19:19:38,575 [ERROR] LogOutputStream:75 - [STDERR_REDIRECT] 
2025-09-19 19:19:39,569 [ERROR] LogOutputStream:75 - [STDERR_REDIRECT] [Fatal Error] :1:1: Premature end of file.
2025-09-19 19:19:39,569 [ERROR] LogOutputStream:75 - [STDERR_REDIRECT] 
2025-09-19 19:19:40,573 [ERROR] LogOutputStream:75 - [STDERR_REDIRECT] [Fatal Error] :1:1: Premature end of file.
2025-09-19 19:19:40,573 [ERROR] LogOutputStream:75 - [STDERR_REDIRECT] 
2025-09-19 19:19:41,580 [ERROR] LogOutputStream:75 - [STDERR_REDIRECT] [Fatal Error] :1:1: Premature end of file.
2025-09-19 19:19:41,580 [ERROR] LogOutputStream:75 - [STDERR_REDIRECT] 
2025-09-19 19:19:42,573 [ERROR] LogOutputStream:75 - [STDERR_REDIRECT] [Fatal Error] :1:1: Premature end of file.
2025-09-19 19:19:42,573 [ERROR] LogOutputStream:75 - [STDERR_REDIRECT] 
2025-09-19 19:19:43,571 [ERROR] LogOutputStream:75 - [STDERR_REDIRECT] [Fatal Error] :1:1: Premature end of file.
2025-09-19 19:19:43,571 [ERROR] LogOutputStream:75 - [STDERR_REDIRECT] 
2025-09-19 19:19:44,578 [ERROR] LogOutputStream:75 - [STDERR_REDIRECT] [Fatal Error] :1:1: Premature end of file.
2025-09-19 19:19:44,578 [ERROR] LogOutputStream:75 - [STDERR_REDIRECT] 
2025-09-19 19:19:45,570 [ERROR] LogOutputStream:75 - [STDERR_REDIRECT] [Fatal Error] :1:1: Premature end of file.
2025-09-19 19:19:45,570 [ERROR] LogOutputStream:75 - [STDERR_REDIRECT] 
2025-09-19 19:19:46,580 [ERROR] LogOutputStream:75 - [STDERR_REDIRECT] [Fatal Error] :1:1: Premature end of file.
2025-09-19 19:19:46,581 [ERROR] LogOutputStream:75 - [STDERR_REDIRECT] 
2025-09-19 19:19:47,574 [ERROR] LogOutputStream:75 - [STDERR_REDIRECT] [Fatal Error] :1:1: Premature end of file.
2025-09-19 19:19:47,574 [ERROR] LogOutputStream:75 - [STDERR_REDIRECT] 
2025-09-19 19:19:48,569 [ERROR] LogOutputStream:75 - [STDERR_REDIRECT] [Fatal Error] :1:1: Premature end of file.
2025-09-19 19:19:48,569 [ERROR] LogOutputStream:75 - [STDERR_REDIRECT] 
2025-09-19 19:19:49,579 [ERROR] LogOutputStream:75 - [STDERR_REDIRECT] [Fatal Error] :1:1: Premature end of file.
2025-09-19 19:19:49,579 [ERROR] LogOutputStream:75 - [STDERR_REDIRECT] 
2025-09-19 19:19:50,573 [ERROR] LogOutputStream:75 - [STDERR_REDIRECT] [Fatal Error] :1:1: Premature end of file.
2025-09-19 19:19:50,573 [ERROR] LogOutputStream:75 - [STDERR_REDIRECT] 
2025-09-19 19:19:51,578 [ERROR] LogOutputStream:75 - [STDERR_REDIRECT] [Fatal Error] :1:1: Premature end of file.
2025-09-19 19:19:51,579 [ERROR] LogOutputStream:75 - [STDERR_REDIRECT] 
2025-09-19 19:19:52,579 [ERROR] LogOutputStream:75 - [STDERR_REDIRECT] [Fatal Error] :1:1: Premature end of file.
2025-09-19 19:19:52,579 [ERROR] LogOutputStream:75 - [STDERR_REDIRECT] 
2025-09-19 19:19:53,572 [ERROR] LogOutputStream:75 - [STDERR_REDIRECT] [Fatal Error] :1:1: Premature end of file.
2025-09-19 19:19:53,572 [ERROR] LogOutputStream:75 - [STDERR_REDIRECT] 
2025-09-19 19:19:54,580 [ERROR] LogOutputStream:75 - [STDERR_REDIRECT] [Fatal Error] :1:1: Premature end of file.
2025-09-19 19:19:54,580 [ERROR] LogOutputStream:75 - [STDERR_REDIRECT] 
2025-09-19 19:19:55,571 [ERROR] LogOutputStream:75 - [STDERR_REDIRECT] [Fatal Error] :1:1: Premature end of file.
2025-09-19 19:19:55,571 [ERROR] LogOutputStream:75 - [STDERR_REDIRECT] 
2025-09-19 19:19:56,566 [ERROR] LogOutputStream:75 - [STDERR_REDIRECT] [Fatal Error] :1:1: Premature end of file.
2025-09-19 19:19:56,566 [ERROR] LogOutputStream:75 - [STDERR_REDIRECT] 
2025-09-19 19:19:57,575 [ERROR] LogOutputStream:75 - [STDERR_REDIRECT] [Fatal Error] :1:1: Premature end of file.
2025-09-19 19:19:57,575 [ERROR] LogOutputStream:75 - [STDERR_REDIRECT] 
2025-09-19 19:19:58,568 [ERROR] LogOutputStream:75 - [STDERR_REDIRECT] [Fatal Error] :1:1: Premature end of file.
2025-09-19 19:19:58,568 [ERROR] LogOutputStream:75 - [STDERR_REDIRECT] 
2025-09-19 19:19:59,575 [ERROR] LogOutputStream:75 - [STDERR_REDIRECT] [Fatal Error] :1:1: Premature end of file.
2025-09-19 19:19:59,575 [ERROR] LogOutputStream:75 - [STDERR_REDIRECT] 
2025-09-19 19:20:00,569 [ERROR] LogOutputStream:75 - [STDERR_REDIRECT] [Fatal Error] :1:1: Premature end of file.
2025-09-19 19:20:00,569 [ERROR] LogOutputStream:75 - [STDERR_REDIRECT] 
2025-09-19 19:20:01,578 [ERROR] LogOutputStream:75 - [STDERR_REDIRECT] [Fatal Error] :1:1: Premature end of file.
2025-09-19 19:20:01,578 [ERROR] LogOutputStream:75 - [STDERR_REDIRECT] 
2025-09-19 19:20:02,573 [ERROR] LogOutputStream:75 - [STDERR_REDIRECT] [Fatal Error] :1:1: Premature end of file.
2025-09-19 19:20:02,573 [ERROR] LogOutputStream:75 - [STDERR_REDIRECT] 
2025-09-19 19:20:03,580 [ERROR] LogOutputStream:75 - [STDERR_REDIRECT] [Fatal Error] :1:1: Premature end of file.
2025-09-19 19:20:03,580 [ERROR] LogOutputStream:75 - [STDERR_REDIRECT] 
2025-09-19 19:20:04,573 [ERROR] LogOutputStream:75 - [STDERR_REDIRECT] [Fatal Error] :1:1: Premature end of file.
2025-09-19 19:20:04,575 [ERROR] LogOutputStream:75 - [STDERR_REDIRECT] 
2025-09-19 19:20:05,579 [ERROR] LogOutputStream:75 - [STDERR_REDIRECT] [Fatal Error] :1:1: Premature end of file.
2025-09-19 19:20:05,579 [ERROR] LogOutputStream:75 - [STDERR_REDIRECT] 
2025-09-19 19:20:06,570 [ERROR] LogOutputStream:75 - [STDERR_REDIRECT] [Fatal Error] :1:1: Premature end of file.
2025-09-19 19:20:06,570 [ERROR] LogOutputStream:75 - [STDERR_REDIRECT] 
2025-09-19 19:20:07,581 [ERROR] LogOutputStream:75 - [STDERR_REDIRECT] [Fatal Error] :1:1: Premature end of file.
2025-09-19 19:20:07,581 [ERROR] LogOutputStream:75 - [STDERR_REDIRECT] 
2025-09-19 19:20:08,570 [ERROR] LogOutputStream:75 - [STDERR_REDIRECT] [Fatal Error] :1:1: Premature end of file.
2025-09-19 19:20:08,570 [ERROR] LogOutputStream:75 - [STDERR_REDIRECT] 
2025-09-19 19:20:09,575 [ERROR] LogOutputStream:75 - [STDERR_REDIRECT] [Fatal Error] :1:1: Premature end of file.
2025-09-19 19:20:09,575 [ERROR] LogOutputStream:75 - [STDERR_REDIRECT] 
2025-09-19 19:20:10,570 [ERROR] LogOutputStream:75 - [STDERR_REDIRECT] [Fatal Error] :1:1: Premature end of file.
2025-09-19 19:20:10,570 [ERROR] LogOutputStream:75 - [STDERR_REDIRECT] 
2025-09-19 19:20:11,575 [ERROR] LogOutputStream:75 - [STDERR_REDIRECT] [Fatal Error] :1:1: Premature end of file.
2025-09-19 19:20:11,575 [ERROR] LogOutputStream:75 - [STDERR_REDIRECT] 
2025-09-19 19:20:12,567 [ERROR] LogOutputStream:75 - [STDERR_REDIRECT] [Fatal Error] :1:1: Premature end of file.
2025-09-19 19:20:12,567 [ERROR] LogOutputStream:75 - [STDERR_REDIRECT] 
2025-09-19 19:20:13,578 [ERROR] LogOutputStream:75 - [STDERR_REDIRECT] [Fatal Error] :1:1: Premature end of file.
2025-09-19 19:20:13,578 [ERROR] LogOutputStream:75 - [STDERR_REDIRECT] 
2025-09-19 19:20:14,568 [ERROR] LogOutputStream:75 - [STDERR_REDIRECT] [Fatal Error] :1:1: Premature end of file.
2025-09-19 19:20:14,568 [ERROR] LogOutputStream:75 - [STDERR_REDIRECT] 
2025-09-19 19:20:15,571 [ERROR] LogOutputStream:75 - [STDERR_REDIRECT] [Fatal Error] :1:1: Premature end of file.
2025-09-19 19:20:15,571 [ERROR] LogOutputStream:75 - [STDERR_REDIRECT] 
2025-09-19 19:20:16,574 [ERROR] LogOutputStream:75 - [STDERR_REDIRECT] [Fatal Error] :1:1: Premature end of file.
2025-09-19 19:20:16,574 [ERROR] LogOutputStream:75 - [STDERR_REDIRECT] 
2025-09-19 19:20:17,566 [ERROR] LogOutputStream:75 - [STDERR_REDIRECT] [Fatal Error] :1:1: Premature end of file.
2025-09-19 19:20:17,567 [ERROR] LogOutputStream:75 - [STDERR_REDIRECT] 
2025-09-19 19:20:18,575 [ERROR] LogOutputStream:75 - [STDERR_REDIRECT] [Fatal Error] :1:1: Premature end of file.
2025-09-19 19:20:18,575 [ERROR] LogOutputStream:75 - [STDERR_REDIRECT] 
2025-09-19 19:20:19,578 [ERROR] LogOutputStream:75 - [STDERR_REDIRECT] [Fatal Error] :1:1: Premature end of file.
2025-09-19 19:20:19,578 [ERROR] LogOutputStream:75 - [STDERR_REDIRECT] 
2025-09-19 19:20:20,572 [ERROR] LogOutputStream:75 - [STDERR_REDIRECT] [Fatal Error] :1:1: Premature end of file.
2025-09-19 19:20:20,572 [ERROR] LogOutputStream:75 - [STDERR_REDIRECT] 
2025-09-19 19:20:21,571 [ERROR] LogOutputStream:75 - [STDERR_REDIRECT] [Fatal Error] :1:1: Premature end of file.
2025-09-19 19:20:21,571 [ERROR] LogOutputStream:75 - [STDERR_REDIRECT] 
2025-09-19 19:20:22,583 [ERROR] LogOutputStream:75 - [STDERR_REDIRECT] [Fatal Error] :1:1: Premature end of file.
2025-09-19 19:20:22,583 [ERROR] LogOutputStream:75 - [STDERR_REDIRECT] 
2025-09-19 19:20:23,574 [ERROR] LogOutputStream:75 - [STDERR_REDIRECT] [Fatal Error] :1:1: Premature end of file.
2025-09-19 19:20:23,575 [ERROR] LogOutputStream:75 - [STDERR_REDIRECT] 
2025-09-19 19:20:24,574 [ERROR] LogOutputStream:75 - [STDERR_REDIRECT] [Fatal Error] :1:1: Premature end of file.
2025-09-19 19:20:24,574 [ERROR] LogOutputStream:75 - [STDERR_REDIRECT] 
2025-09-19 19:20:25,578 [ERROR] LogOutputStream:75 - [STDERR_REDIRECT] [Fatal Error] :1:1: Premature end of file.
2025-09-19 19:20:25,578 [ERROR] LogOutputStream:75 - [STDERR_REDIRECT] 
2025-09-19 19:20:26,571 [ERROR] LogOutputStream:75 - [STDERR_REDIRECT] [Fatal Error] :1:1: Premature end of file.
2025-09-19 19:20:26,571 [ERROR] LogOutputStream:75 - [STDERR_REDIRECT] 
2025-09-19 19:20:27,575 [ERROR] LogOutputStream:75 - [STDERR_REDIRECT] [Fatal Error] :1:1: Premature end of file.
2025-09-19 19:20:27,575 [ERROR] LogOutputStream:75 - [STDERR_REDIRECT] 
2025-09-19 19:20:28,580 [ERROR] LogOutputStream:75 - [STDERR_REDIRECT] [Fatal Error] :1:1: Premature end of file.
2025-09-19 19:20:28,580 [ERROR] LogOutputStream:75 - [STDERR_REDIRECT] 
2025-09-19 19:20:29,577 [ERROR] LogOutputStream:75 - [STDERR_REDIRECT] [Fatal Error] :1:1: Premature end of file.
2025-09-19 19:20:29,577 [ERROR] LogOutputStream:75 - [STDERR_REDIRECT] 
2025-09-19 19:20:30,570 [ERROR] LogOutputStream:75 - [STDERR_REDIRECT] [Fatal Error] :1:1: Premature end of file.
2025-09-19 19:20:30,570 [ERROR] LogOutputStream:75 - [STDERR_REDIRECT] 
2025-09-19 19:20:31,580 [ERROR] LogOutputStream:75 - [STDERR_REDIRECT] [Fatal Error] :1:1: Premature end of file.
2025-09-19 19:20:31,580 [ERROR] LogOutputStream:75 - [STDERR_REDIRECT] 
2025-09-19 19:20:32,570 [ERROR] LogOutputStream:75 - [STDERR_REDIRECT] [Fatal Error] :1:1: Premature end of file.
2025-09-19 19:20:32,570 [ERROR] LogOutputStream:75 - [STDERR_REDIRECT] 
2025-09-19 19:20:33,575 [ERROR] LogOutputStream:75 - [STDERR_REDIRECT] [Fatal Error] :1:1: Premature end of file.
2025-09-19 19:20:33,575 [ERROR] LogOutputStream:75 - [STDERR_REDIRECT] 
2025-09-19 19:20:34,571 [ERROR] LogOutputStream:75 - [STDERR_REDIRECT] [Fatal Error] :1:1: Premature end of file.
2025-09-19 19:20:34,571 [ERROR] LogOutputStream:75 - [STDERR_REDIRECT] 
2025-09-19 19:20:35,575 [ERROR] LogOutputStream:75 - [STDERR_REDIRECT] [Fatal Error] :1:1: Premature end of file.
2025-09-19 19:20:35,575 [ERROR] LogOutputStream:75 - [STDERR_REDIRECT] 
2025-09-19 19:20:36,580 [ERROR] LogOutputStream:75 - [STDERR_REDIRECT] [Fatal Error] :1:1: Premature end of file.
2025-09-19 19:20:36,580 [ERROR] LogOutputStream:75 - [STDERR_REDIRECT] 
2025-09-19 19:20:37,568 [ERROR] LogOutputStream:75 - [STDERR_REDIRECT] [Fatal Error] :1:1: Premature end of file.
2025-09-19 19:20:37,568 [ERROR] LogOutputStream:75 - [STDERR_REDIRECT] 
2025-09-19 19:20:38,574 [ERROR] LogOutputStream:75 - [STDERR_REDIRECT] [Fatal Error] :1:1: Premature end of file.
2025-09-19 19:20:38,574 [ERROR] LogOutputStream:75 - [STDERR_REDIRECT] 
2025-09-19 19:20:39,572 [ERROR] LogOutputStream:75 - [STDERR_REDIRECT] [Fatal Error] :1:1: Premature end of file.
2025-09-19 19:20:39,572 [ERROR] LogOutputStream:75 - [STDERR_REDIRECT] 
2025-09-19 19:20:40,574 [ERROR] LogOutputStream:75 - [STDERR_REDIRECT] [Fatal Error] :1:1: Premature end of file.
2025-09-19 19:20:40,574 [ERROR] LogOutputStream:75 - [STDERR_REDIRECT] 
2025-09-19 19:20:41,566 [ERROR] LogOutputStream:75 - [STDERR_REDIRECT] [Fatal Error] :1:1: Premature end of file.
2025-09-19 19:20:41,566 [ERROR] LogOutputStream:75 - [STDERR_REDIRECT] 
2025-09-19 19:20:42,571 [ERROR] LogOutputStream:75 - [STDERR_REDIRECT] [Fatal Error] :1:1: Premature end of file.
2025-09-19 19:20:42,571 [ERROR] LogOutputStream:75 - [STDERR_REDIRECT] 
2025-09-19 19:20:43,579 [ERROR] LogOutputStream:75 - [STDERR_REDIRECT] [Fatal Error] :1:1: Premature end of file.
2025-09-19 19:20:43,579 [ERROR] LogOutputStream:75 - [STDERR_REDIRECT] 
2025-09-19 19:20:44,567 [ERROR] LogOutputStream:75 - [STDERR_REDIRECT] [Fatal Error] :1:1: Premature end of file.
2025-09-19 19:20:44,567 [ERROR] LogOutputStream:75 - [STDERR_REDIRECT] 
2025-09-19 19:20:45,573 [ERROR] LogOutputStream:75 - [STDERR_REDIRECT] [Fatal Error] :1:1: Premature end of file.
2025-09-19 19:20:45,574 [ERROR] LogOutputStream:75 - [STDERR_REDIRECT] 
2025-09-19 19:20:46,580 [ERROR] LogOutputStream:75 - [STDERR_REDIRECT] [Fatal Error] :1:1: Premature end of file.
2025-09-19 19:20:46,580 [ERROR] LogOutputStream:75 - [STDERR_REDIRECT] 
2025-09-19 19:20:47,570 [ERROR] LogOutputStream:75 - [STDERR_REDIRECT] [Fatal Error] :1:1: Premature end of file.
2025-09-19 19:20:47,570 [ERROR] LogOutputStream:75 - [STDERR_REDIRECT] 
2025-09-19 19:20:48,579 [ERROR] LogOutputStream:75 - [STDERR_REDIRECT] [Fatal Error] :1:1: Premature end of file.
2025-09-19 19:20:48,579 [ERROR] LogOutputStream:75 - [STDERR_REDIRECT] 
2025-09-19 19:20:49,568 [ERROR] LogOutputStream:75 - [STDERR_REDIRECT] [Fatal Error] :1:1: Premature end of file.
2025-09-19 19:20:49,570 [ERROR] LogOutputStream:75 - [STDERR_REDIRECT] 
2025-09-19 19:20:50,572 [ERROR] LogOutputStream:75 - [STDERR_REDIRECT] [Fatal Error] :1:1: Premature end of file.
2025-09-19 19:20:50,572 [ERROR] LogOutputStream:75 - [STDERR_REDIRECT] 
2025-09-19 19:20:51,580 [ERROR] LogOutputStream:75 - [STDERR_REDIRECT] [Fatal Error] :1:1: Premature end of file.
2025-09-19 19:20:51,580 [ERROR] LogOutputStream:75 - [STDERR_REDIRECT] 
2025-09-19 19:20:52,575 [ERROR] LogOutputStream:75 - [STDERR_REDIRECT] [Fatal Error] :1:1: Premature end of file.
2025-09-19 19:20:52,575 [ERROR] LogOutputStream:75 - [STDERR_REDIRECT] 
2025-09-19 19:20:53,568 [ERROR] LogOutputStream:75 - [STDERR_REDIRECT] [Fatal Error] :1:1: Premature end of file.
2025-09-19 19:20:53,568 [ERROR] LogOutputStream:75 - [STDERR_REDIRECT] 
2025-09-19 19:20:54,577 [ERROR] LogOutputStream:75 - [STDERR_REDIRECT] [Fatal Error] :1:1: Premature end of file.
2025-09-19 19:20:54,578 [ERROR] LogOutputStream:75 - [STDERR_REDIRECT] 
2025-09-19 19:20:55,572 [ERROR] LogOutputStream:75 - [STDERR_REDIRECT] [Fatal Error] :1:1: Premature end of file.
2025-09-19 19:20:55,572 [ERROR] LogOutputStream:75 - [STDERR_REDIRECT] 
2025-09-19 19:20:56,566 [ERROR] LogOutputStream:75 - [STDERR_REDIRECT] [Fatal Error] :1:1: Premature end of file.
2025-09-19 19:20:56,566 [ERROR] LogOutputStream:75 - [STDERR_REDIRECT] 
2025-09-19 19:20:57,578 [ERROR] LogOutputStream:75 - [STDERR_REDIRECT] [Fatal Error] :1:1: Premature end of file.
2025-09-19 19:20:57,578 [ERROR] LogOutputStream:75 - [STDERR_REDIRECT] 
2025-09-19 19:20:58,573 [ERROR] LogOutputStream:75 - [STDERR_REDIRECT] [Fatal Error] :1:1: Premature end of file.
2025-09-19 19:20:58,573 [ERROR] LogOutputStream:75 - [STDERR_REDIRECT] 
2025-09-19 19:20:59,568 [ERROR] LogOutputStream:75 - [STDERR_REDIRECT] [Fatal Error] :1:1: Premature end of file.
2025-09-19 19:20:59,568 [ERROR] LogOutputStream:75 - [STDERR_REDIRECT] 
2025-09-19 19:21:00,575 [ERROR] LogOutputStream:75 - [STDERR_REDIRECT] [Fatal Error] :1:1: Premature end of file.
2025-09-19 19:21:00,575 [ERROR] LogOutputStream:75 - [STDERR_REDIRECT] 
2025-09-19 19:21:01,580 [ERROR] LogOutputStream:75 - [STDERR_REDIRECT] [Fatal Error] :1:1: Premature end of file.
2025-09-19 19:21:01,581 [ERROR] LogOutputStream:75 - [STDERR_REDIRECT] 
2025-09-19 19:21:02,573 [ERROR] LogOutputStream:75 - [STDERR_REDIRECT] [Fatal Error] :1:1: Premature end of file.
2025-09-19 19:21:02,573 [ERROR] LogOutputStream:75 - [STDERR_REDIRECT] 
2025-09-19 19:21:03,579 [ERROR] LogOutputStream:75 - [STDERR_REDIRECT] [Fatal Error] :1:1: Premature end of file.
2025-09-19 19:21:03,579 [ERROR] LogOutputStream:75 - [STDERR_REDIRECT] 
2025-09-19 19:21:04,572 [ERROR] LogOutputStream:75 - [STDERR_REDIRECT] [Fatal Error] :1:1: Premature end of file.
2025-09-19 19:21:04,574 [ERROR] LogOutputStream:75 - [STDERR_REDIRECT] 
2025-09-19 19:21:05,569 [ERROR] LogOutputStream:75 - [STDERR_REDIRECT] [Fatal Error] :1:1: Premature end of file.
2025-09-19 19:21:05,569 [ERROR] LogOutputStream:75 - [STDERR_REDIRECT] 
2025-09-19 19:21:06,582 [ERROR] LogOutputStream:75 - [STDERR_REDIRECT] [Fatal Error] :1:1: Premature end of file.
2025-09-19 19:21:06,582 [ERROR] LogOutputStream:75 - [STDERR_REDIRECT] 
2025-09-19 19:21:07,574 [ERROR] LogOutputStream:75 - [STDERR_REDIRECT] [Fatal Error] :1:1: Premature end of file.
2025-09-19 19:21:07,574 [ERROR] LogOutputStream:75 - [STDERR_REDIRECT] 
2025-09-19 19:21:08,582 [ERROR] LogOutputStream:75 - [STDERR_REDIRECT] [Fatal Error] :1:1: Premature end of file.
2025-09-19 19:21:08,582 [ERROR] LogOutputStream:75 - [STDERR_REDIRECT] 
2025-09-19 19:21:09,577 [ERROR] LogOutputStream:75 - [STDERR_REDIRECT] [Fatal Error] :1:1: Premature end of file.
2025-09-19 19:21:09,577 [ERROR] LogOutputStream:75 - [STDERR_REDIRECT] 
2025-09-19 19:21:10,569 [ERROR] LogOutputStream:75 - [STDERR_REDIRECT] [Fatal Error] :1:1: Premature end of file.
2025-09-19 19:21:10,569 [ERROR] LogOutputStream:75 - [STDERR_REDIRECT] 
2025-09-19 19:21:11,568 [ERROR] LogOutputStream:75 - [STDERR_REDIRECT] [Fatal Error] :1:1: Premature end of file.
2025-09-19 19:21:11,568 [ERROR] LogOutputStream:75 - [STDERR_REDIRECT] 
2025-09-19 19:21:12,582 [ERROR] LogOutputStream:75 - [STDERR_REDIRECT] [Fatal Error] :1:1: Premature end of file.
2025-09-19 19:21:12,582 [ERROR] LogOutputStream:75 - [STDERR_REDIRECT] 
2025-09-19 19:21:13,570 [ERROR] LogOutputStream:75 - [STDERR_REDIRECT] [Fatal Error] :1:1: Premature end of file.
2025-09-19 19:21:13,570 [ERROR] LogOutputStream:75 - [STDERR_REDIRECT] 
2025-09-19 19:21:14,579 [ERROR] LogOutputStream:75 - [STDERR_REDIRECT] [Fatal Error] :1:1: Premature end of file.
2025-09-19 19:21:14,580 [ERROR] LogOutputStream:75 - [STDERR_REDIRECT] 
2025-09-19 19:21:15,572 [ERROR] LogOutputStream:75 - [STDERR_REDIRECT] [Fatal Error] :1:1: Premature end of file.
2025-09-19 19:21:15,572 [ERROR] LogOutputStream:75 - [STDERR_REDIRECT] 
2025-09-19 19:21:16,579 [ERROR] LogOutputStream:75 - [STDERR_REDIRECT] [Fatal Error] :1:1: Premature end of file.
2025-09-19 19:21:16,579 [ERROR] LogOutputStream:75 - [STDERR_REDIRECT] 
2025-09-19 19:21:17,573 [ERROR] LogOutputStream:75 - [STDERR_REDIRECT] [Fatal Error] :1:1: Premature end of file.
2025-09-19 19:21:17,573 [ERROR] LogOutputStream:75 - [STDERR_REDIRECT] 
2025-09-19 19:21:18,579 [ERROR] LogOutputStream:75 - [STDERR_REDIRECT] [Fatal Error] :1:1: Premature end of file.
2025-09-19 19:21:18,579 [ERROR] LogOutputStream:75 - [STDERR_REDIRECT] 
2025-09-19 19:21:19,578 [ERROR] LogOutputStream:75 - [STDERR_REDIRECT] [Fatal Error] :1:1: Premature end of file.
2025-09-19 19:21:19,578 [ERROR] LogOutputStream:75 - [STDERR_REDIRECT] 
2025-09-19 19:21:20,568 [ERROR] LogOutputStream:75 - [STDERR_REDIRECT] [Fatal Error] :1:1: Premature end of file.
2025-09-19 19:21:20,568 [ERROR] LogOutputStream:75 - [STDERR_REDIRECT] 
2025-09-19 19:21:21,570 [ERROR] LogOutputStream:75 - [STDERR_REDIRECT] [Fatal Error] :1:1: Premature end of file.
2025-09-19 19:21:21,570 [ERROR] LogOutputStream:75 - [STDERR_REDIRECT] 
2025-09-19 19:21:22,576 [ERROR] LogOutputStream:75 - [STDERR_REDIRECT] [Fatal Error] :1:1: Premature end of file.
2025-09-19 19:21:22,576 [ERROR] LogOutputStream:75 - [STDERR_REDIRECT] 
2025-09-19 19:21:23,565 [ERROR] LogOutputStream:75 - [STDERR_REDIRECT] [Fatal Error] :1:1: Premature end of file.
2025-09-19 19:21:23,566 [ERROR] LogOutputStream:75 - [STDERR_REDIRECT] 
2025-09-19 19:21:24,574 [ERROR] LogOutputStream:75 - [STDERR_REDIRECT] [Fatal Error] :1:1: Premature end of file.
2025-09-19 19:21:24,575 [ERROR] LogOutputStream:75 - [STDERR_REDIRECT] 
2025-09-19 19:21:25,570 [ERROR] LogOutputStream:75 - [STDERR_REDIRECT] [Fatal Error] :1:1: Premature end of file.
2025-09-19 19:21:25,570 [ERROR] LogOutputStream:75 - [STDERR_REDIRECT] 
2025-09-19 19:21:26,577 [ERROR] LogOutputStream:75 - [STDERR_REDIRECT] [Fatal Error] :1:1: Premature end of file.
2025-09-19 19:21:26,577 [ERROR] LogOutputStream:75 - [STDERR_REDIRECT] 
2025-09-19 19:21:27,573 [ERROR] LogOutputStream:75 - [STDERR_REDIRECT] [Fatal Error] :1:1: Premature end of file.
2025-09-19 19:21:27,573 [ERROR] LogOutputStream:75 - [STDERR_REDIRECT] 
2025-09-19 19:21:28,565 [ERROR] LogOutputStream:75 - [STDERR_REDIRECT] [Fatal Error] :1:1: Premature end of file.
2025-09-19 19:21:28,565 [ERROR] LogOutputStream:75 - [STDERR_REDIRECT] 
2025-09-19 19:21:29,574 [ERROR] LogOutputStream:75 - [STDERR_REDIRECT] [Fatal Error] :1:1: Premature end of file.
2025-09-19 19:21:29,574 [ERROR] LogOutputStream:75 - [STDERR_REDIRECT] 
2025-09-19 19:21:30,567 [ERROR] LogOutputStream:75 - [STDERR_REDIRECT] [Fatal Error] :1:1: Premature end of file.
2025-09-19 19:21:30,567 [ERROR] LogOutputStream:75 - [STDERR_REDIRECT] 
2025-09-19 19:21:31,571 [ERROR] LogOutputStream:75 - [STDERR_REDIRECT] [Fatal Error] :1:1: Premature end of file.
2025-09-19 19:21:31,571 [ERROR] LogOutputStream:75 - [STDERR_REDIRECT] 
2025-09-19 19:21:32,575 [ERROR] LogOutputStream:75 - [STDERR_REDIRECT] [Fatal Error] :1:1: Premature end of file.
2025-09-19 19:21:32,575 [ERROR] LogOutputStream:75 - [STDERR_REDIRECT] 
2025-09-19 19:21:33,568 [ERROR] LogOutputStream:75 - [STDERR_REDIRECT] [Fatal Error] :1:1: Premature end of file.
2025-09-19 19:21:33,568 [ERROR] LogOutputStream:75 - [STDERR_REDIRECT] 
2025-09-19 19:21:34,572 [ERROR] LogOutputStream:75 - [STDERR_REDIRECT] [Fatal Error] :1:1: Premature end of file.
2025-09-19 19:21:34,572 [ERROR] LogOutputStream:75 - [STDERR_REDIRECT] 
2025-09-19 19:21:35,581 [ERROR] LogOutputStream:75 - [STDERR_REDIRECT] [Fatal Error] :1:1: Premature end of file.
2025-09-19 19:21:35,581 [ERROR] LogOutputStream:75 - [STDERR_REDIRECT] 
2025-09-19 19:21:36,568 [ERROR] LogOutputStream:75 - [STDERR_REDIRECT] [Fatal Error] :1:1: Premature end of file.
2025-09-19 19:21:36,568 [ERROR] LogOutputStream:75 - [STDERR_REDIRECT] 
2025-09-19 19:21:37,572 [ERROR] LogOutputStream:75 - [STDERR_REDIRECT] [Fatal Error] :1:1: Premature end of file.
2025-09-19 19:21:37,572 [ERROR] LogOutputStream:75 - [STDERR_REDIRECT] 
2025-09-19 19:21:38,579 [ERROR] LogOutputStream:75 - [STDERR_REDIRECT] [Fatal Error] :1:1: Premature end of file.
2025-09-19 19:21:38,579 [ERROR] LogOutputStream:75 - [STDERR_REDIRECT] 
2025-09-19 19:21:39,575 [ERROR] LogOutputStream:75 - [STDERR_REDIRECT] [Fatal Error] :1:1: Premature end of file.
2025-09-19 19:21:39,575 [ERROR] LogOutputStream:75 - [STDERR_REDIRECT] 
2025-09-19 19:21:40,585 [ERROR] LogOutputStream:75 - [STDERR_REDIRECT] [Fatal Error] :1:1: Premature end of file.
2025-09-19 19:21:40,585 [ERROR] LogOutputStream:75 - [STDERR_REDIRECT] 
2025-09-19 19:21:41,583 [ERROR] LogOutputStream:75 - [STDERR_REDIRECT] [Fatal Error] :1:1: Premature end of file.
2025-09-19 19:21:41,583 [ERROR] LogOutputStream:75 - [STDERR_REDIRECT] 
2025-09-19 19:21:42,581 [ERROR] LogOutputStream:75 - [STDERR_REDIRECT] [Fatal Error] :1:1: Premature end of file.
2025-09-19 19:21:42,581 [ERROR] LogOutputStream:75 - [STDERR_REDIRECT] 
2025-09-19 19:21:43,578 [ERROR] LogOutputStream:75 - [STDERR_REDIRECT] [Fatal Error] :1:1: Premature end of file.
2025-09-19 19:21:43,578 [ERROR] LogOutputStream:75 - [STDERR_REDIRECT] 
2025-09-19 19:21:44,610 [ERROR] LogOutputStream:75 - [STDERR_REDIRECT] [Fatal Error] :1:1: Premature end of file.
2025-09-19 19:21:44,610 [ERROR] LogOutputStream:75 - [STDERR_REDIRECT] 
2025-09-19 19:21:45,576 [ERROR] LogOutputStream:75 - [STDERR_REDIRECT] [Fatal Error] :1:1: Premature end of file.
2025-09-19 19:21:45,576 [ERROR] LogOutputStream:75 - [STDERR_REDIRECT] 
2025-09-19 19:21:46,610 [ERROR] LogOutputStream:75 - [STDERR_REDIRECT] [Fatal Error] :1:1: Premature end of file.
2025-09-19 19:21:46,610 [ERROR] LogOutputStream:75 - [STDERR_REDIRECT] 
2025-09-19 19:21:47,573 [ERROR] LogOutputStream:75 - [STDERR_REDIRECT] [Fatal Error] :1:1: Premature end of file.
2025-09-19 19:21:47,573 [ERROR] LogOutputStream:75 - [STDERR_REDIRECT] 
2025-09-19 19:21:48,575 [ERROR] LogOutputStream:75 - [STDERR_REDIRECT] [Fatal Error] :1:1: Premature end of file.
2025-09-19 19:21:48,575 [ERROR] LogOutputStream:75 - [STDERR_REDIRECT] 
2025-09-19 19:21:49,580 [ERROR] LogOutputStream:75 - [STDERR_REDIRECT] [Fatal Error] :1:1: Premature end of file.
2025-09-19 19:21:49,581 [ERROR] LogOutputStream:75 - [STDERR_REDIRECT] 
2025-09-19 19:21:50,578 [ERROR] LogOutputStream:75 - [STDERR_REDIRECT] [Fatal Error] :1:1: Premature end of file.
2025-09-19 19:21:50,578 [ERROR] LogOutputStream:75 - [STDERR_REDIRECT] 
2025-09-19 19:21:51,573 [ERROR] LogOutputStream:75 - [STDERR_REDIRECT] [Fatal Error] :1:1: Premature end of file.
2025-09-19 19:21:51,574 [ERROR] LogOutputStream:75 - [STDERR_REDIRECT] 
2025-09-19 19:21:52,588 [ERROR] LogOutputStream:75 - [STDERR_REDIRECT] [Fatal Error] :1:1: Premature end of file.
2025-09-19 19:21:52,589 [ERROR] LogOutputStream:75 - [STDERR_REDIRECT] 
2025-09-19 19:21:53,585 [ERROR] LogOutputStream:75 - [STDERR_REDIRECT] [Fatal Error] :1:1: Premature end of file.
2025-09-19 19:21:53,585 [ERROR] LogOutputStream:75 - [STDERR_REDIRECT] 
2025-09-19 19:21:54,579 [ERROR] LogOutputStream:75 - [STDERR_REDIRECT] [Fatal Error] :1:1: Premature end of file.
2025-09-19 19:21:54,579 [ERROR] LogOutputStream:75 - [STDERR_REDIRECT] 
2025-09-19 19:21:55,575 [ERROR] LogOutputStream:75 - [STDERR_REDIRECT] [Fatal Error] :1:1: Premature end of file.
2025-09-19 19:21:55,575 [ERROR] LogOutputStream:75 - [STDERR_REDIRECT] 
2025-09-19 19:21:56,583 [ERROR] LogOutputStream:75 - [STDERR_REDIRECT] [Fatal Error] :1:1: Premature end of file.
2025-09-19 19:21:56,583 [ERROR] LogOutputStream:75 - [STDERR_REDIRECT] 
2025-09-19 19:21:57,577 [ERROR] LogOutputStream:75 - [STDERR_REDIRECT] [Fatal Error] :1:1: Premature end of file.
2025-09-19 19:21:57,577 [ERROR] LogOutputStream:75 - [STDERR_REDIRECT] 
2025-09-19 19:21:58,568 [ERROR] LogOutputStream:75 - [STDERR_REDIRECT] [Fatal Error] :1:1: Premature end of file.
2025-09-19 19:21:58,570 [ERROR] LogOutputStream:75 - [STDERR_REDIRECT] 
2025-09-19 19:21:59,575 [ERROR] LogOutputStream:75 - [STDERR_REDIRECT] [Fatal Error] :1:1: Premature end of file.
2025-09-19 19:21:59,575 [ERROR] LogOutputStream:75 - [STDERR_REDIRECT] 
2025-09-19 19:22:00,575 [ERROR] LogOutputStream:75 - [STDERR_REDIRECT] [Fatal Error] :1:1: Premature end of file.
2025-09-19 19:22:00,576 [ERROR] LogOutputStream:75 - [STDERR_REDIRECT] 
2025-09-19 19:22:01,615 [ERROR] LogOutputStream:75 - [STDERR_REDIRECT] [Fatal Error] :1:1: Premature end of file.
2025-09-19 19:22:01,615 [ERROR] LogOutputStream:75 - [STDERR_REDIRECT] 
2025-09-19 19:22:02,580 [ERROR] LogOutputStream:75 - [STDERR_REDIRECT] [Fatal Error] :1:1: Premature end of file.
2025-09-19 19:22:02,580 [ERROR] LogOutputStream:75 - [STDERR_REDIRECT] 
2025-09-19 19:22:03,574 [ERROR] LogOutputStream:75 - [STDERR_REDIRECT] [Fatal Error] :1:1: Premature end of file.
2025-09-19 19:22:03,574 [ERROR] LogOutputStream:75 - [STDERR_REDIRECT] 
2025-09-19 19:22:04,579 [ERROR] LogOutputStream:75 - [STDERR_REDIRECT] [Fatal Error] :1:1: Premature end of file.
2025-09-19 19:22:04,579 [ERROR] LogOutputStream:75 - [STDERR_REDIRECT] 
2025-09-19 19:22:05,571 [ERROR] LogOutputStream:75 - [STDERR_REDIRECT] [Fatal Error] :1:1: Premature end of file.
2025-09-19 19:22:05,571 [ERROR] LogOutputStream:75 - [STDERR_REDIRECT] 
2025-09-19 19:22:06,571 [ERROR] LogOutputStream:75 - [STDERR_REDIRECT] [Fatal Error] :1:1: Premature end of file.
2025-09-19 19:22:06,572 [ERROR] LogOutputStream:75 - [STDERR_REDIRECT] 
2025-09-19 19:22:07,591 [ERROR] LogOutputStream:75 - [STDERR_REDIRECT] [Fatal Error] :1:1: Premature end of file.
2025-09-19 19:22:07,591 [ERROR] LogOutputStream:75 - [STDERR_REDIRECT] 
2025-09-19 19:22:08,689 [ERROR] LogOutputStream:75 - [STDERR_REDIRECT] [Fatal Error] :1:1: Premature end of file.
2025-09-19 19:22:08,689 [ERROR] LogOutputStream:75 - [STDERR_REDIRECT] 
2025-09-19 19:22:09,575 [ERROR] LogOutputStream:75 - [STDERR_REDIRECT] [Fatal Error] :1:1: Premature end of file.
2025-09-19 19:22:09,575 [ERROR] LogOutputStream:75 - [STDERR_REDIRECT] 
2025-09-19 19:22:10,582 [ERROR] LogOutputStream:75 - [STDERR_REDIRECT] [Fatal Error] :1:1: Premature end of file.
2025-09-19 19:22:10,582 [ERROR] LogOutputStream:75 - [STDERR_REDIRECT] 
2025-09-19 19:22:11,587 [ERROR] LogOutputStream:75 - [STDERR_REDIRECT] [Fatal Error] :1:1: Premature end of file.
2025-09-19 19:22:11,587 [ERROR] LogOutputStream:75 - [STDERR_REDIRECT] 
2025-09-19 19:22:12,579 [ERROR] LogOutputStream:75 - [STDERR_REDIRECT] [Fatal Error] :1:1: Premature end of file.
2025-09-19 19:22:12,579 [ERROR] LogOutputStream:75 - [STDERR_REDIRECT] 
2025-09-19 19:22:13,584 [ERROR] LogOutputStream:75 - [STDERR_REDIRECT] [Fatal Error] :1:1: Premature end of file.
2025-09-19 19:22:13,585 [ERROR] LogOutputStream:75 - [STDERR_REDIRECT] 
2025-09-19 19:22:14,581 [ERROR] LogOutputStream:75 - [STDERR_REDIRECT] [Fatal Error] :1:1: Premature end of file.
2025-09-19 19:22:14,581 [ERROR] LogOutputStream:75 - [STDERR_REDIRECT] 
2025-09-19 19:22:15,590 [ERROR] LogOutputStream:75 - [STDERR_REDIRECT] [Fatal Error] :1:1: Premature end of file.
2025-09-19 19:22:15,590 [ERROR] LogOutputStream:75 - [STDERR_REDIRECT] 
2025-09-19 19:22:16,579 [ERROR] LogOutputStream:75 - [STDERR_REDIRECT] [Fatal Error] :1:1: Premature end of file.
2025-09-19 19:22:16,580 [ERROR] LogOutputStream:75 - [STDERR_REDIRECT] 
2025-09-19 19:22:17,573 [ERROR] LogOutputStream:75 - [STDERR_REDIRECT] [Fatal Error] :1:1: Premature end of file.
2025-09-19 19:22:17,573 [ERROR] LogOutputStream:75 - [STDERR_REDIRECT] 
2025-09-19 19:22:18,577 [ERROR] LogOutputStream:75 - [STDERR_REDIRECT] [Fatal Error] :1:1: Premature end of file.
2025-09-19 19:22:18,577 [ERROR] LogOutputStream:75 - [STDERR_REDIRECT] 
2025-09-19 19:22:19,580 [ERROR] LogOutputStream:75 - [STDERR_REDIRECT] [Fatal Error] :1:1: Premature end of file.
2025-09-19 19:22:19,580 [ERROR] LogOutputStream:75 - [STDERR_REDIRECT] 
2025-09-19 19:22:20,575 [ERROR] LogOutputStream:75 - [STDERR_REDIRECT] [Fatal Error] :1:1: Premature end of file.
2025-09-19 19:22:20,575 [ERROR] LogOutputStream:75 - [STDERR_REDIRECT] 
2025-09-19 19:22:21,583 [ERROR] LogOutputStream:75 - [STDERR_REDIRECT] [Fatal Error] :1:1: Premature end of file.
2025-09-19 19:22:21,583 [ERROR] LogOutputStream:75 - [STDERR_REDIRECT] 
2025-09-19 19:22:22,569 [ERROR] LogOutputStream:75 - [STDERR_REDIRECT] [Fatal Error] :1:1: Premature end of file.
2025-09-19 19:22:22,569 [ERROR] LogOutputStream:75 - [STDERR_REDIRECT] 
2025-09-19 19:22:23,571 [ERROR] LogOutputStream:75 - [STDERR_REDIRECT] [Fatal Error] :1:1: Premature end of file.
2025-09-19 19:22:23,571 [ERROR] LogOutputStream:75 - [STDERR_REDIRECT] 
2025-09-19 19:22:24,570 [ERROR] LogOutputStream:75 - [STDERR_REDIRECT] [Fatal Error] :1:1: Premature end of file.
2025-09-19 19:22:24,571 [ERROR] LogOutputStream:75 - [STDERR_REDIRECT] 
2025-09-19 19:22:25,571 [ERROR] LogOutputStream:75 - [STDERR_REDIRECT] [Fatal Error] :1:1: Premature end of file.
2025-09-19 19:22:25,571 [ERROR] LogOutputStream:75 - [STDERR_REDIRECT] 
2025-09-19 19:22:26,624 [ERROR] LogOutputStream:75 - [STDERR_REDIRECT] [Fatal Error] :1:1: Premature end of file.
2025-09-19 19:22:26,624 [ERROR] LogOutputStream:75 - [STDERR_REDIRECT] 
2025-09-19 19:22:27,572 [ERROR] LogOutputStream:75 - [STDERR_REDIRECT] [Fatal Error] :1:1: Premature end of file.
2025-09-19 19:22:27,572 [ERROR] LogOutputStream:75 - [STDERR_REDIRECT] 
2025-09-19 19:22:28,574 [ERROR] LogOutputStream:75 - [STDERR_REDIRECT] [Fatal Error] :1:1: Premature end of file.
2025-09-19 19:22:28,574 [ERROR] LogOutputStream:75 - [STDERR_REDIRECT] 
2025-09-19 19:22:29,576 [ERROR] LogOutputStream:75 - [STDERR_REDIRECT] [Fatal Error] :1:1: Premature end of file.
2025-09-19 19:22:29,576 [ERROR] LogOutputStream:75 - [STDERR_REDIRECT] 
2025-09-19 19:22:30,570 [ERROR] LogOutputStream:75 - [STDERR_REDIRECT] [Fatal Error] :1:1: Premature end of file.
2025-09-19 19:22:30,572 [ERROR] LogOutputStream:75 - [STDERR_REDIRECT] 
2025-09-19 19:22:31,568 [ERROR] LogOutputStream:75 - [STDERR_REDIRECT] [Fatal Error] :1:1: Premature end of file.
2025-09-19 19:22:31,568 [ERROR] LogOutputStream:75 - [STDERR_REDIRECT] 
2025-09-19 19:22:32,571 [ERROR] LogOutputStream:75 - [STDERR_REDIRECT] [Fatal Error] :1:1: Premature end of file.
2025-09-19 19:22:32,571 [ERROR] LogOutputStream:75 - [STDERR_REDIRECT] 
2025-09-19 19:22:33,571 [ERROR] LogOutputStream:75 - [STDERR_REDIRECT] [Fatal Error] :1:1: Premature end of file.
2025-09-19 19:22:33,571 [ERROR] LogOutputStream:75 - [STDERR_REDIRECT] 
2025-09-19 19:22:34,582 [ERROR] LogOutputStream:75 - [STDERR_REDIRECT] [Fatal Error] :1:1: Premature end of file.
2025-09-19 19:22:34,582 [ERROR] LogOutputStream:75 - [STDERR_REDIRECT] 
2025-09-19 19:22:35,583 [ERROR] LogOutputStream:75 - [STDERR_REDIRECT] [Fatal Error] :1:1: Premature end of file.
2025-09-19 19:22:35,584 [ERROR] LogOutputStream:75 - [STDERR_REDIRECT] 
2025-09-19 19:22:36,588 [ERROR] LogOutputStream:75 - [STDERR_REDIRECT] [Fatal Error] :1:1: Premature end of file.
2025-09-19 19:22:36,588 [ERROR] LogOutputStream:75 - [STDERR_REDIRECT] 
2025-09-19 19:22:37,584 [ERROR] LogOutputStream:75 - [STDERR_REDIRECT] [Fatal Error] :1:1: Premature end of file.
2025-09-19 19:22:37,584 [ERROR] LogOutputStream:75 - [STDERR_REDIRECT] 
2025-09-19 19:22:38,569 [ERROR] LogOutputStream:75 - [STDERR_REDIRECT] [Fatal Error] :1:1: Premature end of file.
2025-09-19 19:22:38,569 [ERROR] LogOutputStream:75 - [STDERR_REDIRECT] 
2025-09-19 19:22:39,569 [ERROR] LogOutputStream:75 - [STDERR_REDIRECT] [Fatal Error] :1:1: Premature end of file.
2025-09-19 19:22:39,569 [ERROR] LogOutputStream:75 - [STDERR_REDIRECT] 
2025-09-19 19:22:40,573 [ERROR] LogOutputStream:75 - [STDERR_REDIRECT] [Fatal Error] :1:1: Premature end of file.
2025-09-19 19:22:40,573 [ERROR] LogOutputStream:75 - [STDERR_REDIRECT] 
2025-09-19 19:22:41,575 [ERROR] LogOutputStream:75 - [STDERR_REDIRECT] [Fatal Error] :1:1: Premature end of file.
2025-09-19 19:22:41,575 [ERROR] LogOutputStream:75 - [STDERR_REDIRECT] 
2025-09-19 19:22:42,572 [ERROR] LogOutputStream:75 - [STDERR_REDIRECT] [Fatal Error] :1:1: Premature end of file.
2025-09-19 19:22:42,573 [ERROR] LogOutputStream:75 - [STDERR_REDIRECT] 
2025-09-19 19:22:43,576 [ERROR] LogOutputStream:75 - [STDERR_REDIRECT] [Fatal Error] :1:1: Premature end of file.
2025-09-19 19:22:43,576 [ERROR] LogOutputStream:75 - [STDERR_REDIRECT] 
2025-09-19 19:22:44,583 [ERROR] LogOutputStream:75 - [STDERR_REDIRECT] [Fatal Error] :1:1: Premature end of file.
2025-09-19 19:22:44,583 [ERROR] LogOutputStream:75 - [STDERR_REDIRECT] 
2025-09-19 19:22:45,572 [ERROR] LogOutputStream:75 - [STDERR_REDIRECT] [Fatal Error] :1:1: Premature end of file.
2025-09-19 19:22:45,572 [ERROR] LogOutputStream:75 - [STDERR_REDIRECT] 
2025-09-19 19:22:46,572 [ERROR] LogOutputStream:75 - [STDERR_REDIRECT] [Fatal Error] :1:1: Premature end of file.
2025-09-19 19:22:46,572 [ERROR] LogOutputStream:75 - [STDERR_REDIRECT] 
2025-09-19 19:22:47,571 [ERROR] LogOutputStream:75 - [STDERR_REDIRECT] [Fatal Error] :1:1: Premature end of file.
2025-09-19 19:22:47,571 [ERROR] LogOutputStream:75 - [STDERR_REDIRECT] 
2025-09-19 19:22:48,569 [ERROR] LogOutputStream:75 - [STDERR_REDIRECT] [Fatal Error] :1:1: Premature end of file.
2025-09-19 19:22:48,569 [ERROR] LogOutputStream:75 - [STDERR_REDIRECT] 
2025-09-19 19:22:49,569 [ERROR] LogOutputStream:75 - [STDERR_REDIRECT] [Fatal Error] :1:1: Premature end of file.
2025-09-19 19:22:49,569 [ERROR] LogOutputStream:75 - [STDERR_REDIRECT] 
2025-09-19 19:22:50,571 [ERROR] LogOutputStream:75 - [STDERR_REDIRECT] [Fatal Error] :1:1: Premature end of file.
2025-09-19 19:22:50,571 [ERROR] LogOutputStream:75 - [STDERR_REDIRECT] 
2025-09-19 19:22:51,575 [ERROR] LogOutputStream:75 - [STDERR_REDIRECT] [Fatal Error] :1:1: Premature end of file.
2025-09-19 19:22:51,575 [ERROR] LogOutputStream:75 - [STDERR_REDIRECT] 
2025-09-19 19:22:52,572 [ERROR] LogOutputStream:75 - [STDERR_REDIRECT] [Fatal Error] :1:1: Premature end of file.
2025-09-19 19:22:52,572 [ERROR] LogOutputStream:75 - [STDERR_REDIRECT] 
2025-09-19 19:22:53,570 [ERROR] LogOutputStream:75 - [STDERR_REDIRECT] [Fatal Error] :1:1: Premature end of file.
2025-09-19 19:22:53,570 [ERROR] LogOutputStream:75 - [STDERR_REDIRECT] 
2025-09-19 19:22:54,578 [ERROR] LogOutputStream:75 - [STDERR_REDIRECT] [Fatal Error] :1:1: Premature end of file.
2025-09-19 19:22:54,579 [ERROR] LogOutputStream:75 - [STDERR_REDIRECT] 
2025-09-19 19:22:55,585 [ERROR] LogOutputStream:75 - [STDERR_REDIRECT] [Fatal Error] :1:1: Premature end of file.
2025-09-19 19:22:55,585 [ERROR] LogOutputStream:75 - [STDERR_REDIRECT] 
2025-09-19 19:22:56,586 [ERROR] LogOutputStream:75 - [STDERR_REDIRECT] [Fatal Error] :1:1: Premature end of file.
2025-09-19 19:22:56,587 [ERROR] LogOutputStream:75 - [STDERR_REDIRECT] 
2025-09-19 19:22:57,583 [ERROR] LogOutputStream:75 - [STDERR_REDIRECT] [Fatal Error] :1:1: Premature end of file.
2025-09-19 19:22:57,585 [ERROR] LogOutputStream:75 - [STDERR_REDIRECT] 
2025-09-19 19:22:58,580 [ERROR] LogOutputStream:75 - [STDERR_REDIRECT] [Fatal Error] :1:1: Premature end of file.
2025-09-19 19:22:58,580 [ERROR] LogOutputStream:75 - [STDERR_REDIRECT] 
2025-09-19 19:22:59,579 [ERROR] LogOutputStream:75 - [STDERR_REDIRECT] [Fatal Error] :1:1: Premature end of file.
2025-09-19 19:22:59,580 [ERROR] LogOutputStream:75 - [STDERR_REDIRECT] 
2025-09-19 19:23:00,576 [ERROR] LogOutputStream:75 - [STDERR_REDIRECT] [Fatal Error] :1:1: Premature end of file.
2025-09-19 19:23:00,576 [ERROR] LogOutputStream:75 - [STDERR_REDIRECT] 
2025-09-19 19:23:01,575 [ERROR] LogOutputStream:75 - [STDERR_REDIRECT] [Fatal Error] :1:1: Premature end of file.
2025-09-19 19:23:01,575 [ERROR] LogOutputStream:75 - [STDERR_REDIRECT] 
2025-09-19 19:23:02,577 [ERROR] LogOutputStream:75 - [STDERR_REDIRECT] [Fatal Error] :1:1: Premature end of file.
2025-09-19 19:23:02,577 [ERROR] LogOutputStream:75 - [STDERR_REDIRECT] 
2025-09-19 19:23:03,575 [ERROR] LogOutputStream:75 - [STDERR_REDIRECT] [Fatal Error] :1:1: Premature end of file.
2025-09-19 19:23:03,575 [ERROR] LogOutputStream:75 - [STDERR_REDIRECT] 
2025-09-19 19:23:04,569 [ERROR] LogOutputStream:75 - [STDERR_REDIRECT] [Fatal Error] :1:1: Premature end of file.
2025-09-19 19:23:04,569 [ERROR] LogOutputStream:75 - [STDERR_REDIRECT] 
2025-09-19 19:23:05,570 [ERROR] LogOutputStream:75 - [STDERR_REDIRECT] [Fatal Error] :1:1: Premature end of file.
2025-09-19 19:23:05,570 [ERROR] LogOutputStream:75 - [STDERR_REDIRECT] 
2025-09-19 19:23:06,574 [ERROR] LogOutputStream:75 - [STDERR_REDIRECT] [Fatal Error] :1:1: Premature end of file.
2025-09-19 19:23:06,574 [ERROR] LogOutputStream:75 - [STDERR_REDIRECT] 
2025-09-19 19:23:07,579 [ERROR] LogOutputStream:75 - [STDERR_REDIRECT] [Fatal Error] :1:1: Premature end of file.
2025-09-19 19:23:07,579 [ERROR] LogOutputStream:75 - [STDERR_REDIRECT] 
2025-09-19 19:23:08,620 [ERROR] LogOutputStream:75 - [STDERR_REDIRECT] [Fatal Error] :1:1: Premature end of file.
2025-09-19 19:23:08,620 [ERROR] LogOutputStream:75 - [STDERR_REDIRECT] 
2025-09-19 19:23:09,575 [ERROR] LogOutputStream:75 - [STDERR_REDIRECT] [Fatal Error] :1:1: Premature end of file.
2025-09-19 19:23:09,575 [ERROR] LogOutputStream:75 - [STDERR_REDIRECT] 
2025-09-19 19:23:10,574 [ERROR] LogOutputStream:75 - [STDERR_REDIRECT] [Fatal Error] :1:1: Premature end of file.
2025-09-19 19:23:10,574 [ERROR] LogOutputStream:75 - [STDERR_REDIRECT] 
2025-09-19 19:23:11,574 [ERROR] LogOutputStream:75 - [STDERR_REDIRECT] [Fatal Error] :1:1: Premature end of file.
2025-09-19 19:23:11,574 [ERROR] LogOutputStream:75 - [STDERR_REDIRECT] 
2025-09-19 19:23:12,574 [ERROR] LogOutputStream:75 - [STDERR_REDIRECT] [Fatal Error] :1:1: Premature end of file.
2025-09-19 19:23:12,574 [ERROR] LogOutputStream:75 - [STDERR_REDIRECT] 
2025-09-19 19:23:13,577 [ERROR] LogOutputStream:75 - [STDERR_REDIRECT] [Fatal Error] :1:1: Premature end of file.
2025-09-19 19:23:13,577 [ERROR] LogOutputStream:75 - [STDERR_REDIRECT] 
2025-09-19 19:23:14,579 [ERROR] LogOutputStream:75 - [STDERR_REDIRECT] [Fatal Error] :1:1: Premature end of file.
2025-09-19 19:23:14,579 [ERROR] LogOutputStream:75 - [STDERR_REDIRECT] 
2025-09-19 19:23:15,572 [ERROR] LogOutputStream:75 - [STDERR_REDIRECT] [Fatal Error] :1:1: Premature end of file.
2025-09-19 19:23:15,572 [ERROR] LogOutputStream:75 - [STDERR_REDIRECT] 
2025-09-19 19:23:16,604 [ERROR] LogOutputStream:75 - [STDERR_REDIRECT] [Fatal Error] :1:1: Premature end of file.
2025-09-19 19:23:16,604 [ERROR] LogOutputStream:75 - [STDERR_REDIRECT] 
2025-09-19 19:23:17,592 [ERROR] LogOutputStream:75 - [STDERR_REDIRECT] [Fatal Error] :1:1: Premature end of file.
2025-09-19 19:23:17,592 [ERROR] LogOutputStream:75 - [STDERR_REDIRECT] 
2025-09-19 19:23:18,594 [ERROR] LogOutputStream:75 - [STDERR_REDIRECT] [Fatal Error] :1:1: Premature end of file.
2025-09-19 19:23:18,594 [ERROR] LogOutputStream:75 - [STDERR_REDIRECT] 
2025-09-19 19:23:19,587 [ERROR] LogOutputStream:75 - [STDERR_REDIRECT] [Fatal Error] :1:1: Premature end of file.
2025-09-19 19:23:19,587 [ERROR] LogOutputStream:75 - [STDERR_REDIRECT] 
2025-09-19 19:23:20,630 [ERROR] LogOutputStream:75 - [STDERR_REDIRECT] [Fatal Error] :1:1: Premature end of file.
2025-09-19 19:23:20,630 [ERROR] LogOutputStream:75 - [STDERR_REDIRECT] 
2025-09-19 19:23:21,588 [ERROR] LogOutputStream:75 - [STDERR_REDIRECT] [Fatal Error] :1:1: Premature end of file.
2025-09-19 19:23:21,588 [ERROR] LogOutputStream:75 - [STDERR_REDIRECT] 
2025-09-19 19:23:22,586 [ERROR] LogOutputStream:75 - [STDERR_REDIRECT] [Fatal Error] :1:1: Premature end of file.
2025-09-19 19:23:22,586 [ERROR] LogOutputStream:75 - [STDERR_REDIRECT] 
2025-09-19 19:23:23,576 [ERROR] LogOutputStream:75 - [STDERR_REDIRECT] [Fatal Error] :1:1: Premature end of file.
2025-09-19 19:23:23,576 [ERROR] LogOutputStream:75 - [STDERR_REDIRECT] 
2025-09-19 19:23:24,585 [ERROR] LogOutputStream:75 - [STDERR_REDIRECT] [Fatal Error] :1:1: Premature end of file.
2025-09-19 19:23:24,586 [ERROR] LogOutputStream:75 - [STDERR_REDIRECT] 
2025-09-19 19:23:25,580 [ERROR] LogOutputStream:75 - [STDERR_REDIRECT] [Fatal Error] :1:1: Premature end of file.
2025-09-19 19:23:25,582 [ERROR] LogOutputStream:75 - [STDERR_REDIRECT] 
2025-09-19 19:23:26,591 [ERROR] LogOutputStream:75 - [STDERR_REDIRECT] [Fatal Error] :1:1: Premature end of file.
2025-09-19 19:23:26,591 [ERROR] LogOutputStream:75 - [STDERR_REDIRECT] 
2025-09-19 19:23:27,574 [ERROR] LogOutputStream:75 - [STDERR_REDIRECT] [Fatal Error] :1:1: Premature end of file.
2025-09-19 19:23:27,574 [ERROR] LogOutputStream:75 - [STDERR_REDIRECT] 
2025-09-19 19:23:28,576 [ERROR] LogOutputStream:75 - [STDERR_REDIRECT] [Fatal Error] :1:1: Premature end of file.
2025-09-19 19:23:28,577 [ERROR] LogOutputStream:75 - [STDERR_REDIRECT] 
2025-09-19 19:23:29,574 [ERROR] LogOutputStream:75 - [STDERR_REDIRECT] [Fatal Error] :1:1: Premature end of file.
2025-09-19 19:23:29,574 [ERROR] LogOutputStream:75 - [STDERR_REDIRECT] 
2025-09-19 19:23:30,586 [ERROR] LogOutputStream:75 - [STDERR_REDIRECT] [Fatal Error] :1:1: Premature end of file.
2025-09-19 19:23:30,586 [ERROR] LogOutputStream:75 - [STDERR_REDIRECT] 
2025-09-19 19:23:31,593 [ERROR] LogOutputStream:75 - [STDERR_REDIRECT] [Fatal Error] :1:1: Premature end of file.
2025-09-19 19:23:31,594 [ERROR] LogOutputStream:75 - [STDERR_REDIRECT] 
2025-09-19 19:23:32,589 [ERROR] LogOutputStream:75 - [STDERR_REDIRECT] [Fatal Error] :1:1: Premature end of file.
2025-09-19 19:23:32,589 [ERROR] LogOutputStream:75 - [STDERR_REDIRECT] 
2025-09-19 19:23:33,590 [ERROR] LogOutputStream:75 - [STDERR_REDIRECT] [Fatal Error] :1:1: Premature end of file.
2025-09-19 19:23:33,591 [ERROR] LogOutputStream:75 - [STDERR_REDIRECT] 
2025-09-19 19:23:34,584 [ERROR] LogOutputStream:75 - [STDERR_REDIRECT] [Fatal Error] :1:1: Premature end of file.
2025-09-19 19:23:34,584 [ERROR] LogOutputStream:75 - [STDERR_REDIRECT] 
2025-09-19 19:23:35,575 [ERROR] LogOutputStream:75 - [STDERR_REDIRECT] [Fatal Error] :1:1: Premature end of file.
2025-09-19 19:23:35,575 [ERROR] LogOutputStream:75 - [STDERR_REDIRECT] 
2025-09-19 19:23:36,599 [ERROR] LogOutputStream:75 - [STDERR_REDIRECT] [Fatal Error] :1:1: Premature end of file.
2025-09-19 19:23:36,599 [ERROR] LogOutputStream:75 - [STDERR_REDIRECT] 
2025-09-19 19:23:37,577 [ERROR] LogOutputStream:75 - [STDERR_REDIRECT] [Fatal Error] :1:1: Premature end of file.
2025-09-19 19:23:37,577 [ERROR] LogOutputStream:75 - [STDERR_REDIRECT] 
2025-09-19 19:23:38,590 [ERROR] LogOutputStream:75 - [STDERR_REDIRECT] [Fatal Error] :1:1: Premature end of file.
2025-09-19 19:23:38,590 [ERROR] LogOutputStream:75 - [STDERR_REDIRECT] 
2025-09-19 19:23:39,576 [ERROR] LogOutputStream:75 - [STDERR_REDIRECT] [Fatal Error] :1:1: Premature end of file.
2025-09-19 19:23:39,577 [ERROR] LogOutputStream:75 - [STDERR_REDIRECT] 
2025-09-19 19:23:40,573 [ERROR] LogOutputStream:75 - [STDERR_REDIRECT] [Fatal Error] :1:1: Premature end of file.
2025-09-19 19:23:40,573 [ERROR] LogOutputStream:75 - [STDERR_REDIRECT] 
2025-09-19 19:23:41,574 [ERROR] LogOutputStream:75 - [STDERR_REDIRECT] [Fatal Error] :1:1: Premature end of file.
2025-09-19 19:23:41,574 [ERROR] LogOutputStream:75 - [STDERR_REDIRECT] 
2025-09-19 19:23:42,587 [ERROR] LogOutputStream:75 - [STDERR_REDIRECT] [Fatal Error] :1:1: Premature end of file.
2025-09-19 19:23:42,588 [ERROR] LogOutputStream:75 - [STDERR_REDIRECT] 
2025-09-19 19:23:43,583 [ERROR] LogOutputStream:75 - [STDERR_REDIRECT] [Fatal Error] :1:1: Premature end of file.
2025-09-19 19:23:43,583 [ERROR] LogOutputStream:75 - [STDERR_REDIRECT] 
2025-09-19 19:23:44,572 [ERROR] LogOutputStream:75 - [STDERR_REDIRECT] [Fatal Error] :1:1: Premature end of file.
2025-09-19 19:23:44,572 [ERROR] LogOutputStream:75 - [STDERR_REDIRECT] 
2025-09-19 19:23:45,567 [ERROR] LogOutputStream:75 - [STDERR_REDIRECT] [Fatal Error] :1:1: Premature end of file.
2025-09-19 19:23:45,567 [ERROR] LogOutputStream:75 - [STDERR_REDIRECT] 
2025-09-19 19:23:46,573 [ERROR] LogOutputStream:75 - [STDERR_REDIRECT] [Fatal Error] :1:1: Premature end of file.
2025-09-19 19:23:46,573 [ERROR] LogOutputStream:75 - [STDERR_REDIRECT] 
2025-09-19 19:23:47,591 [ERROR] LogOutputStream:75 - [STDERR_REDIRECT] [Fatal Error] :1:1: Premature end of file.
2025-09-19 19:23:47,591 [ERROR] LogOutputStream:75 - [STDERR_REDIRECT] 
2025-09-19 19:23:48,575 [ERROR] LogOutputStream:75 - [STDERR_REDIRECT] [Fatal Error] :1:1: Premature end of file.
2025-09-19 19:23:48,575 [ERROR] LogOutputStream:75 - [STDERR_REDIRECT] 
2025-09-19 19:23:49,569 [ERROR] LogOutputStream:75 - [STDERR_REDIRECT] [Fatal Error] :1:1: Premature end of file.
2025-09-19 19:23:49,569 [ERROR] LogOutputStream:75 - [STDERR_REDIRECT] 
2025-09-19 19:23:50,572 [ERROR] LogOutputStream:75 - [STDERR_REDIRECT] [Fatal Error] :1:1: Premature end of file.
2025-09-19 19:23:50,572 [ERROR] LogOutputStream:75 - [STDERR_REDIRECT] 
2025-09-19 19:23:51,592 [ERROR] LogOutputStream:75 - [STDERR_REDIRECT] [Fatal Error] :1:1: Premature end of file.
2025-09-19 19:23:51,592 [ERROR] LogOutputStream:75 - [STDERR_REDIRECT] 
2025-09-19 19:23:52,614 [ERROR] LogOutputStream:75 - [STDERR_REDIRECT] [Fatal Error] :1:1: Premature end of file.
2025-09-19 19:23:52,614 [ERROR] LogOutputStream:75 - [STDERR_REDIRECT] 
2025-09-19 19:23:53,587 [ERROR] LogOutputStream:75 - [STDERR_REDIRECT] [Fatal Error] :1:1: Premature end of file.
2025-09-19 19:23:53,587 [ERROR] LogOutputStream:75 - [STDERR_REDIRECT] 
2025-09-19 19:23:54,588 [ERROR] LogOutputStream:75 - [STDERR_REDIRECT] [Fatal Error] :1:1: Premature end of file.
2025-09-19 19:23:54,588 [ERROR] LogOutputStream:75 - [STDERR_REDIRECT] 
2025-09-19 19:23:55,576 [ERROR] LogOutputStream:75 - [STDERR_REDIRECT] [Fatal Error] :1:1: Premature end of file.
2025-09-19 19:23:55,576 [ERROR] LogOutputStream:75 - [STDERR_REDIRECT] 
2025-09-19 19:23:56,580 [ERROR] LogOutputStream:75 - [STDERR_REDIRECT] [Fatal Error] :1:1: Premature end of file.
2025-09-19 19:23:56,580 [ERROR] LogOutputStream:75 - [STDERR_REDIRECT] 
2025-09-19 19:23:57,580 [ERROR] LogOutputStream:75 - [STDERR_REDIRECT] [Fatal Error] :1:1: Premature end of file.
2025-09-19 19:23:57,580 [ERROR] LogOutputStream:75 - [STDERR_REDIRECT] 
2025-09-19 19:23:58,586 [ERROR] LogOutputStream:75 - [STDERR_REDIRECT] [Fatal Error] :1:1: Premature end of file.
2025-09-19 19:23:58,586 [ERROR] LogOutputStream:75 - [STDERR_REDIRECT] 
2025-09-19 19:23:59,589 [ERROR] LogOutputStream:75 - [STDERR_REDIRECT] [Fatal Error] :1:1: Premature end of file.
2025-09-19 19:23:59,589 [ERROR] LogOutputStream:75 - [STDERR_REDIRECT] 
2025-09-19 19:24:00,577 [ERROR] LogOutputStream:75 - [STDERR_REDIRECT] [Fatal Error] :1:1: Premature end of file.
2025-09-19 19:24:00,577 [ERROR] LogOutputStream:75 - [STDERR_REDIRECT] 
2025-09-19 19:24:01,574 [ERROR] LogOutputStream:75 - [STDERR_REDIRECT] [Fatal Error] :1:1: Premature end of file.
2025-09-19 19:24:01,574 [ERROR] LogOutputStream:75 - [STDERR_REDIRECT] 
2025-09-19 19:24:02,577 [ERROR] LogOutputStream:75 - [STDERR_REDIRECT] [Fatal Error] :1:1: Premature end of file.
2025-09-19 19:24:02,577 [ERROR] LogOutputStream:75 - [STDERR_REDIRECT] 
2025-09-19 19:24:03,590 [ERROR] LogOutputStream:75 - [STDERR_REDIRECT] [Fatal Error] :1:1: Premature end of file.
2025-09-19 19:24:03,590 [ERROR] LogOutputStream:75 - [STDERR_REDIRECT] 
2025-09-19 19:24:04,581 [ERROR] LogOutputStream:75 - [STDERR_REDIRECT] [Fatal Error] :1:1: Premature end of file.
2025-09-19 19:24:04,582 [ERROR] LogOutputStream:75 - [STDERR_REDIRECT] 
2025-09-19 19:24:05,578 [ERROR] LogOutputStream:75 - [STDERR_REDIRECT] [Fatal Error] :1:1: Premature end of file.
2025-09-19 19:24:05,578 [ERROR] LogOutputStream:75 - [STDERR_REDIRECT] 
2025-09-19 19:24:06,579 [ERROR] LogOutputStream:75 - [STDERR_REDIRECT] [Fatal Error] :1:1: Premature end of file.
2025-09-19 19:24:06,579 [ERROR] LogOutputStream:75 - [STDERR_REDIRECT] 
2025-09-19 19:24:07,573 [ERROR] LogOutputStream:75 - [STDERR_REDIRECT] [Fatal Error] :1:1: Premature end of file.
2025-09-19 19:24:07,573 [ERROR] LogOutputStream:75 - [STDERR_REDIRECT] 
2025-09-19 19:24:08,577 [ERROR] LogOutputStream:75 - [STDERR_REDIRECT] [Fatal Error] :1:1: Premature end of file.
2025-09-19 19:24:08,577 [ERROR] LogOutputStream:75 - [STDERR_REDIRECT] 
2025-09-19 19:24:09,590 [ERROR] LogOutputStream:75 - [STDERR_REDIRECT] [Fatal Error] :1:1: Premature end of file.
2025-09-19 19:24:09,590 [ERROR] LogOutputStream:75 - [STDERR_REDIRECT] 
2025-09-19 19:24:10,582 [ERROR] LogOutputStream:75 - [STDERR_REDIRECT] [Fatal Error] :1:1: Premature end of file.
2025-09-19 19:24:10,582 [ERROR] LogOutputStream:75 - [STDERR_REDIRECT] 
2025-09-19 19:24:11,602 [ERROR] LogOutputStream:75 - [STDERR_REDIRECT] [Fatal Error] :1:1: Premature end of file.
2025-09-19 19:24:11,602 [ERROR] LogOutputStream:75 - [STDERR_REDIRECT] 
2025-09-19 19:24:12,580 [ERROR] LogOutputStream:75 - [STDERR_REDIRECT] [Fatal Error] :1:1: Premature end of file.
2025-09-19 19:24:12,580 [ERROR] LogOutputStream:75 - [STDERR_REDIRECT] 
2025-09-19 19:24:13,577 [ERROR] LogOutputStream:75 - [STDERR_REDIRECT] [Fatal Error] :1:1: Premature end of file.
2025-09-19 19:24:13,577 [ERROR] LogOutputStream:75 - [STDERR_REDIRECT] 
2025-09-19 19:24:14,581 [ERROR] LogOutputStream:75 - [STDERR_REDIRECT] [Fatal Error] :1:1: Premature end of file.
2025-09-19 19:24:14,582 [ERROR] LogOutputStream:75 - [STDERR_REDIRECT] 
2025-09-19 19:24:15,574 [ERROR] LogOutputStream:75 - [STDERR_REDIRECT] [Fatal Error] :1:1: Premature end of file.
2025-09-19 19:24:15,574 [ERROR] LogOutputStream:75 - [STDERR_REDIRECT] 
2025-09-19 19:24:16,570 [ERROR] LogOutputStream:75 - [STDERR_REDIRECT] [Fatal Error] :1:1: Premature end of file.
2025-09-19 19:24:16,570 [ERROR] LogOutputStream:75 - [STDERR_REDIRECT] 
2025-09-19 19:24:17,575 [ERROR] LogOutputStream:75 - [STDERR_REDIRECT] [Fatal Error] :1:1: Premature end of file.
2025-09-19 19:24:17,575 [ERROR] LogOutputStream:75 - [STDERR_REDIRECT] 
2025-09-19 19:24:18,580 [ERROR] LogOutputStream:75 - [STDERR_REDIRECT] [Fatal Error] :1:1: Premature end of file.
2025-09-19 19:24:18,580 [ERROR] LogOutputStream:75 - [STDERR_REDIRECT] 
2025-09-19 19:24:19,580 [ERROR] LogOutputStream:75 - [STDERR_REDIRECT] [Fatal Error] :1:1: Premature end of file.
2025-09-19 19:24:19,580 [ERROR] LogOutputStream:75 - [STDERR_REDIRECT] 
2025-09-19 19:24:20,579 [ERROR] LogOutputStream:75 - [STDERR_REDIRECT] [Fatal Error] :1:1: Premature end of file.
2025-09-19 19:24:20,579 [ERROR] LogOutputStream:75 - [STDERR_REDIRECT] 
2025-09-19 19:24:21,572 [ERROR] LogOutputStream:75 - [STDERR_REDIRECT] [Fatal Error] :1:1: Premature end of file.
2025-09-19 19:24:21,572 [ERROR] LogOutputStream:75 - [STDERR_REDIRECT] 
2025-09-19 19:24:22,606 [ERROR] LogOutputStream:75 - [STDERR_REDIRECT] [Fatal Error] :1:1: Premature end of file.
2025-09-19 19:24:22,606 [ERROR] LogOutputStream:75 - [STDERR_REDIRECT] 
2025-09-19 19:24:23,567 [ERROR] LogOutputStream:75 - [STDERR_REDIRECT] [Fatal Error] :1:1: Premature end of file.
2025-09-19 19:24:23,567 [ERROR] LogOutputStream:75 - [STDERR_REDIRECT] 
2025-09-19 19:24:24,574 [ERROR] LogOutputStream:75 - [STDERR_REDIRECT] [Fatal Error] :1:1: Premature end of file.
2025-09-19 19:24:24,574 [ERROR] LogOutputStream:75 - [STDERR_REDIRECT] 
2025-09-19 19:24:25,630 [ERROR] LogOutputStream:75 - [STDERR_REDIRECT] [Fatal Error] :1:1: Premature end of file.
2025-09-19 19:24:25,630 [ERROR] LogOutputStream:75 - [STDERR_REDIRECT] 
2025-09-19 19:24:26,576 [ERROR] LogOutputStream:75 - [STDERR_REDIRECT] [Fatal Error] :1:1: Premature end of file.
2025-09-19 19:24:26,577 [ERROR] LogOutputStream:75 - [STDERR_REDIRECT] 
2025-09-19 19:24:27,572 [ERROR] LogOutputStream:75 - [STDERR_REDIRECT] [Fatal Error] :1:1: Premature end of file.
2025-09-19 19:24:27,572 [ERROR] LogOutputStream:75 - [STDERR_REDIRECT] 
2025-09-19 19:24:28,574 [ERROR] LogOutputStream:75 - [STDERR_REDIRECT] [Fatal Error] :1:1: Premature end of file.
2025-09-19 19:24:28,574 [ERROR] LogOutputStream:75 - [STDERR_REDIRECT] 
2025-09-19 19:24:29,581 [ERROR] LogOutputStream:75 - [STDERR_REDIRECT] [Fatal Error] :1:1: Premature end of file.
2025-09-19 19:24:29,582 [ERROR] LogOutputStream:75 - [STDERR_REDIRECT] 
2025-09-19 19:24:30,583 [ERROR] LogOutputStream:75 - [STDERR_REDIRECT] [Fatal Error] :1:1: Premature end of file.
2025-09-19 19:24:30,583 [ERROR] LogOutputStream:75 - [STDERR_REDIRECT] 
2025-09-19 19:24:31,581 [ERROR] LogOutputStream:75 - [STDERR_REDIRECT] [Fatal Error] :1:1: Premature end of file.
2025-09-19 19:24:31,581 [ERROR] LogOutputStream:75 - [STDERR_REDIRECT] 
2025-09-19 19:24:32,568 [ERROR] LogOutputStream:75 - [STDERR_REDIRECT] [Fatal Error] :1:1: Premature end of file.
2025-09-19 19:24:32,568 [ERROR] LogOutputStream:75 - [STDERR_REDIRECT] 
2025-09-19 19:24:33,600 [ERROR] LogOutputStream:75 - [STDERR_REDIRECT] [Fatal Error] :1:1: Premature end of file.
2025-09-19 19:24:33,600 [ERROR] LogOutputStream:75 - [STDERR_REDIRECT] 
2025-09-19 19:24:34,572 [ERROR] LogOutputStream:75 - [STDERR_REDIRECT] [Fatal Error] :1:1: Premature end of file.
2025-09-19 19:24:34,572 [ERROR] LogOutputStream:75 - [STDERR_REDIRECT] 
2025-09-19 19:24:35,567 [ERROR] LogOutputStream:75 - [STDERR_REDIRECT] [Fatal Error] :1:1: Premature end of file.
2025-09-19 19:24:35,567 [ERROR] LogOutputStream:75 - [STDERR_REDIRECT] 
2025-09-19 19:24:36,579 [ERROR] LogOutputStream:75 - [STDERR_REDIRECT] [Fatal Error] :1:1: Premature end of file.
2025-09-19 19:24:36,580 [ERROR] LogOutputStream:75 - [STDERR_REDIRECT] 
2025-09-19 19:24:37,578 [ERROR] LogOutputStream:75 - [STDERR_REDIRECT] [Fatal Error] :1:1: Premature end of file.
2025-09-19 19:24:37,578 [ERROR] LogOutputStream:75 - [STDERR_REDIRECT] 
2025-09-19 19:24:38,574 [ERROR] LogOutputStream:75 - [STDERR_REDIRECT] [Fatal Error] :1:1: Premature end of file.
2025-09-19 19:24:38,574 [ERROR] LogOutputStream:75 - [STDERR_REDIRECT] 
2025-09-19 19:24:39,578 [ERROR] LogOutputStream:75 - [STDERR_REDIRECT] [Fatal Error] :1:1: Premature end of file.
2025-09-19 19:24:39,580 [ERROR] LogOutputStream:75 - [STDERR_REDIRECT] 
2025-09-19 19:24:40,571 [ERROR] LogOutputStream:75 - [STDERR_REDIRECT] [Fatal Error] :1:1: Premature end of file.
2025-09-19 19:24:40,571 [ERROR] LogOutputStream:75 - [STDERR_REDIRECT] 
2025-09-19 19:24:41,578 [ERROR] LogOutputStream:75 - [STDERR_REDIRECT] [Fatal Error] :1:1: Premature end of file.
2025-09-19 19:24:41,579 [ERROR] LogOutputStream:75 - [STDERR_REDIRECT] 
2025-09-19 19:24:42,572 [ERROR] LogOutputStream:75 - [STDERR_REDIRECT] [Fatal Error] :1:1: Premature end of file.
2025-09-19 19:24:42,572 [ERROR] LogOutputStream:75 - [STDERR_REDIRECT] 
2025-09-19 19:24:43,580 [ERROR] LogOutputStream:75 - [STDERR_REDIRECT] [Fatal Error] :1:1: Premature end of file.
2025-09-19 19:24:43,580 [ERROR] LogOutputStream:75 - [STDERR_REDIRECT] 
2025-09-19 19:24:44,571 [ERROR] LogOutputStream:75 - [STDERR_REDIRECT] [Fatal Error] :1:1: Premature end of file.
2025-09-19 19:24:44,571 [ERROR] LogOutputStream:75 - [STDERR_REDIRECT] 
2025-09-19 19:24:45,577 [ERROR] LogOutputStream:75 - [STDERR_REDIRECT] [Fatal Error] :1:1: Premature end of file.
2025-09-19 19:24:45,577 [ERROR] LogOutputStream:75 - [STDERR_REDIRECT] 
2025-09-19 19:24:46,569 [ERROR] LogOutputStream:75 - [STDERR_REDIRECT] [Fatal Error] :1:1: Premature end of file.
2025-09-19 19:24:46,569 [ERROR] LogOutputStream:75 - [STDERR_REDIRECT] 
2025-09-19 19:24:47,574 [ERROR] LogOutputStream:75 - [STDERR_REDIRECT] [Fatal Error] :1:1: Premature end of file.
2025-09-19 19:24:47,574 [ERROR] LogOutputStream:75 - [STDERR_REDIRECT] 
2025-09-19 19:24:48,578 [ERROR] LogOutputStream:75 - [STDERR_REDIRECT] [Fatal Error] :1:1: Premature end of file.
2025-09-19 19:24:48,578 [ERROR] LogOutputStream:75 - [STDERR_REDIRECT] 
2025-09-19 19:24:49,583 [ERROR] LogOutputStream:75 - [STDERR_REDIRECT] [Fatal Error] :1:1: Premature end of file.
2025-09-19 19:24:49,583 [ERROR] LogOutputStream:75 - [STDERR_REDIRECT] 
2025-09-19 19:24:50,576 [ERROR] LogOutputStream:75 - [STDERR_REDIRECT] [Fatal Error] :1:1: Premature end of file.
2025-09-19 19:24:50,576 [ERROR] LogOutputStream:75 - [STDERR_REDIRECT] 
2025-09-19 19:24:51,579 [ERROR] LogOutputStream:75 - [STDERR_REDIRECT] [Fatal Error] :1:1: Premature end of file.
2025-09-19 19:24:51,579 [ERROR] LogOutputStream:75 - [STDERR_REDIRECT] 
2025-09-19 19:24:52,572 [ERROR] LogOutputStream:75 - [STDERR_REDIRECT] [Fatal Error] :1:1: Premature end of file.
2025-09-19 19:24:52,572 [ERROR] LogOutputStream:75 - [STDERR_REDIRECT] 
2025-09-19 19:24:53,596 [ERROR] LogOutputStream:75 - [STDERR_REDIRECT] [Fatal Error] :1:1: Premature end of file.
2025-09-19 19:24:53,596 [ERROR] LogOutputStream:75 - [STDERR_REDIRECT] 
2025-09-19 19:24:54,570 [ERROR] LogOutputStream:75 - [STDERR_REDIRECT] [Fatal Error] :1:1: Premature end of file.
2025-09-19 19:24:54,570 [ERROR] LogOutputStream:75 - [STDERR_REDIRECT] 
2025-09-19 19:24:55,575 [ERROR] LogOutputStream:75 - [STDERR_REDIRECT] [Fatal Error] :1:1: Premature end of file.
2025-09-19 19:24:55,575 [ERROR] LogOutputStream:75 - [STDERR_REDIRECT] 
2025-09-19 19:24:56,568 [ERROR] LogOutputStream:75 - [STDERR_REDIRECT] [Fatal Error] :1:1: Premature end of file.
2025-09-19 19:24:56,568 [ERROR] LogOutputStream:75 - [STDERR_REDIRECT] 
2025-09-19 19:24:57,575 [ERROR] LogOutputStream:75 - [STDERR_REDIRECT] [Fatal Error] :1:1: Premature end of file.
2025-09-19 19:24:57,575 [ERROR] LogOutputStream:75 - [STDERR_REDIRECT] 
2025-09-19 19:24:58,571 [ERROR] LogOutputStream:75 - [STDERR_REDIRECT] [Fatal Error] :1:1: Premature end of file.
2025-09-19 19:24:58,571 [ERROR] LogOutputStream:75 - [STDERR_REDIRECT] 
2025-09-19 19:24:59,567 [ERROR] LogOutputStream:75 - [STDERR_REDIRECT] [Fatal Error] :1:1: Premature end of file.
2025-09-19 19:24:59,567 [ERROR] LogOutputStream:75 - [STDERR_REDIRECT] 
2025-09-19 19:25:00,575 [ERROR] LogOutputStream:75 - [STDERR_REDIRECT] [Fatal Error] :1:1: Premature end of file.
2025-09-19 19:25:00,575 [ERROR] LogOutputStream:75 - [STDERR_REDIRECT] 
2025-09-19 19:25:01,589 [ERROR] LogOutputStream:75 - [STDERR_REDIRECT] [Fatal Error] :1:1: Premature end of file.
2025-09-19 19:25:01,589 [ERROR] LogOutputStream:75 - [STDERR_REDIRECT] 
2025-09-19 19:25:02,574 [ERROR] LogOutputStream:75 - [STDERR_REDIRECT] [Fatal Error] :1:1: Premature end of file.
2025-09-19 19:25:02,574 [ERROR] LogOutputStream:75 - [STDERR_REDIRECT] 
2025-09-19 19:25:03,575 [ERROR] LogOutputStream:75 - [STDERR_REDIRECT] [Fatal Error] :1:1: Premature end of file.
2025-09-19 19:25:03,575 [ERROR] LogOutputStream:75 - [STDERR_REDIRECT] 
2025-09-19 19:25:04,576 [ERROR] LogOutputStream:75 - [STDERR_REDIRECT] [Fatal Error] :1:1: Premature end of file.
2025-09-19 19:25:04,576 [ERROR] LogOutputStream:75 - [STDERR_REDIRECT] 
2025-09-19 19:25:05,585 [ERROR] LogOutputStream:75 - [STDERR_REDIRECT] [Fatal Error] :1:1: Premature end of file.
2025-09-19 19:25:05,585 [ERROR] LogOutputStream:75 - [STDERR_REDIRECT] 
2025-09-19 19:25:06,575 [ERROR] LogOutputStream:75 - [STDERR_REDIRECT] [Fatal Error] :1:1: Premature end of file.
2025-09-19 19:25:06,575 [ERROR] LogOutputStream:75 - [STDERR_REDIRECT] 
2025-09-19 19:25:07,571 [ERROR] LogOutputStream:75 - [STDERR_REDIRECT] [Fatal Error] :1:1: Premature end of file.
2025-09-19 19:25:07,571 [ERROR] LogOutputStream:75 - [STDERR_REDIRECT] 
2025-09-19 19:25:08,580 [ERROR] LogOutputStream:75 - [STDERR_REDIRECT] [Fatal Error] :1:1: Premature end of file.
2025-09-19 19:25:08,580 [ERROR] LogOutputStream:75 - [STDERR_REDIRECT] 
2025-09-19 19:25:09,582 [ERROR] LogOutputStream:75 - [STDERR_REDIRECT] [Fatal Error] :1:1: Premature end of file.
2025-09-19 19:25:09,582 [ERROR] LogOutputStream:75 - [STDERR_REDIRECT] 
2025-09-19 19:25:10,570 [ERROR] LogOutputStream:75 - [STDERR_REDIRECT] [Fatal Error] :1:1: Premature end of file.
2025-09-19 19:25:10,571 [ERROR] LogOutputStream:75 - [STDERR_REDIRECT] 
2025-09-19 19:25:11,579 [ERROR] LogOutputStream:75 - [STDERR_REDIRECT] [Fatal Error] :1:1: Premature end of file.
2025-09-19 19:25:11,579 [ERROR] LogOutputStream:75 - [STDERR_REDIRECT] 
2025-09-19 19:25:12,583 [ERROR] LogOutputStream:75 - [STDERR_REDIRECT] [Fatal Error] :1:1: Premature end of file.
2025-09-19 19:25:12,583 [ERROR] LogOutputStream:75 - [STDERR_REDIRECT] 
2025-09-19 19:25:13,578 [ERROR] LogOutputStream:75 - [STDERR_REDIRECT] [Fatal Error] :1:1: Premature end of file.
2025-09-19 19:25:13,578 [ERROR] LogOutputStream:75 - [STDERR_REDIRECT] 
2025-09-19 19:25:14,578 [ERROR] LogOutputStream:75 - [STDERR_REDIRECT] [Fatal Error] :1:1: Premature end of file.
2025-09-19 19:25:14,578 [ERROR] LogOutputStream:75 - [STDERR_REDIRECT] 
2025-09-19 19:25:15,568 [ERROR] LogOutputStream:75 - [STDERR_REDIRECT] [Fatal Error] :1:1: Premature end of file.
2025-09-19 19:25:15,568 [ERROR] LogOutputStream:75 - [STDERR_REDIRECT] 
2025-09-19 19:25:16,573 [ERROR] LogOutputStream:75 - [STDERR_REDIRECT] [Fatal Error] :1:1: Premature end of file.
2025-09-19 19:25:16,573 [ERROR] LogOutputStream:75 - [STDERR_REDIRECT] 
2025-09-19 19:25:17,577 [ERROR] LogOutputStream:75 - [STDERR_REDIRECT] [Fatal Error] :1:1: Premature end of file.
2025-09-19 19:25:17,577 [ERROR] LogOutputStream:75 - [STDERR_REDIRECT] 
2025-09-19 19:25:18,574 [ERROR] LogOutputStream:75 - [STDERR_REDIRECT] [Fatal Error] :1:1: Premature end of file.
2025-09-19 19:25:18,574 [ERROR] LogOutputStream:75 - [STDERR_REDIRECT] 
2025-09-19 19:25:19,577 [ERROR] LogOutputStream:75 - [STDERR_REDIRECT] [Fatal Error] :1:1: Premature end of file.
2025-09-19 19:25:19,577 [ERROR] LogOutputStream:75 - [STDERR_REDIRECT] 
2025-09-19 19:25:20,579 [ERROR] LogOutputStream:75 - [STDERR_REDIRECT] [Fatal Error] :1:1: Premature end of file.
2025-09-19 19:25:20,579 [ERROR] LogOutputStream:75 - [STDERR_REDIRECT] 
2025-09-19 19:25:21,576 [ERROR] LogOutputStream:75 - [STDERR_REDIRECT] [Fatal Error] :1:1: Premature end of file.
2025-09-19 19:25:21,576 [ERROR] LogOutputStream:75 - [STDERR_REDIRECT] 
2025-09-19 19:25:22,575 [ERROR] LogOutputStream:75 - [STDERR_REDIRECT] [Fatal Error] :1:1: Premature end of file.
2025-09-19 19:25:22,575 [ERROR] LogOutputStream:75 - [STDERR_REDIRECT] 
2025-09-19 19:25:23,581 [ERROR] LogOutputStream:75 - [STDERR_REDIRECT] [Fatal Error] :1:1: Premature end of file.
2025-09-19 19:25:23,581 [ERROR] LogOutputStream:75 - [STDERR_REDIRECT] 
2025-09-19 19:25:24,586 [ERROR] LogOutputStream:75 - [STDERR_REDIRECT] [Fatal Error] :1:1: Premature end of file.
2025-09-19 19:25:24,586 [ERROR] LogOutputStream:75 - [STDERR_REDIRECT] 
2025-09-19 19:25:25,585 [ERROR] LogOutputStream:75 - [STDERR_REDIRECT] [Fatal Error] :1:1: Premature end of file.
2025-09-19 19:25:25,585 [ERROR] LogOutputStream:75 - [STDERR_REDIRECT] 
2025-09-19 19:25:26,568 [ERROR] LogOutputStream:75 - [STDERR_REDIRECT] [Fatal Error] :1:1: Premature end of file.
2025-09-19 19:25:26,568 [ERROR] LogOutputStream:75 - [STDERR_REDIRECT] 
2025-09-19 19:25:27,581 [ERROR] LogOutputStream:75 - [STDERR_REDIRECT] [Fatal Error] :1:1: Premature end of file.
2025-09-19 19:25:27,582 [ERROR] LogOutputStream:75 - [STDERR_REDIRECT] 
2025-09-19 19:25:28,582 [ERROR] LogOutputStream:75 - [STDERR_REDIRECT] [Fatal Error] :1:1: Premature end of file.
2025-09-19 19:25:28,582 [ERROR] LogOutputStream:75 - [STDERR_REDIRECT] 
2025-09-19 19:25:29,580 [ERROR] LogOutputStream:75 - [STDERR_REDIRECT] [Fatal Error] :1:1: Premature end of file.
2025-09-19 19:25:29,581 [ERROR] LogOutputStream:75 - [STDERR_REDIRECT] 
2025-09-19 19:25:30,569 [ERROR] LogOutputStream:75 - [STDERR_REDIRECT] [Fatal Error] :1:1: Premature end of file.
2025-09-19 19:25:30,569 [ERROR] LogOutputStream:75 - [STDERR_REDIRECT] 
2025-09-19 19:25:31,572 [ERROR] LogOutputStream:75 - [STDERR_REDIRECT] [Fatal Error] :1:1: Premature end of file.
2025-09-19 19:25:31,572 [ERROR] LogOutputStream:75 - [STDERR_REDIRECT] 
2025-09-19 19:25:32,577 [ERROR] LogOutputStream:75 - [STDERR_REDIRECT] [Fatal Error] :1:1: Premature end of file.
2025-09-19 19:25:32,577 [ERROR] LogOutputStream:75 - [STDERR_REDIRECT] 
2025-09-19 19:25:33,579 [ERROR] LogOutputStream:75 - [STDERR_REDIRECT] [Fatal Error] :1:1: Premature end of file.
2025-09-19 19:25:33,579 [ERROR] LogOutputStream:75 - [STDERR_REDIRECT] 
2025-09-19 19:25:34,583 [ERROR] LogOutputStream:75 - [STDERR_REDIRECT] [Fatal Error] :1:1: Premature end of file.
2025-09-19 19:25:34,583 [ERROR] LogOutputStream:75 - [STDERR_REDIRECT] 
2025-09-19 19:25:35,580 [ERROR] LogOutputStream:75 - [STDERR_REDIRECT] [Fatal Error] :1:1: Premature end of file.
2025-09-19 19:25:35,581 [ERROR] LogOutputStream:75 - [STDERR_REDIRECT] 
2025-09-19 19:25:36,579 [ERROR] LogOutputStream:75 - [STDERR_REDIRECT] [Fatal Error] :1:1: Premature end of file.
2025-09-19 19:25:36,579 [ERROR] LogOutputStream:75 - [STDERR_REDIRECT] 
2025-09-19 19:25:37,573 [ERROR] LogOutputStream:75 - [STDERR_REDIRECT] [Fatal Error] :1:1: Premature end of file.
2025-09-19 19:25:37,573 [ERROR] LogOutputStream:75 - [STDERR_REDIRECT] 
2025-09-19 19:25:38,575 [ERROR] LogOutputStream:75 - [STDERR_REDIRECT] [Fatal Error] :1:1: Premature end of file.
2025-09-19 19:25:38,575 [ERROR] LogOutputStream:75 - [STDERR_REDIRECT] 
2025-09-19 19:25:39,575 [ERROR] LogOutputStream:75 - [STDERR_REDIRECT] [Fatal Error] :1:1: Premature end of file.
2025-09-19 19:25:39,575 [ERROR] LogOutputStream:75 - [STDERR_REDIRECT] 
2025-09-19 19:25:40,583 [ERROR] LogOutputStream:75 - [STDERR_REDIRECT] [Fatal Error] :1:1: Premature end of file.
2025-09-19 19:25:40,583 [ERROR] LogOutputStream:75 - [STDERR_REDIRECT] 
2025-09-19 19:25:41,580 [ERROR] LogOutputStream:75 - [STDERR_REDIRECT] [Fatal Error] :1:1: Premature end of file.
2025-09-19 19:25:41,580 [ERROR] LogOutputStream:75 - [STDERR_REDIRECT] 
2025-09-19 19:25:42,580 [ERROR] LogOutputStream:75 - [STDERR_REDIRECT] [Fatal Error] :1:1: Premature end of file.
2025-09-19 19:25:42,581 [ERROR] LogOutputStream:75 - [STDERR_REDIRECT] 
2025-09-19 19:25:43,579 [ERROR] LogOutputStream:75 - [STDERR_REDIRECT] [Fatal Error] :1:1: Premature end of file.
2025-09-19 19:25:43,579 [ERROR] LogOutputStream:75 - [STDERR_REDIRECT] 
2025-09-19 19:25:44,579 [ERROR] LogOutputStream:75 - [STDERR_REDIRECT] [Fatal Error] :1:1: Premature end of file.
2025-09-19 19:25:44,579 [ERROR] LogOutputStream:75 - [STDERR_REDIRECT] 
2025-09-19 19:25:45,570 [ERROR] LogOutputStream:75 - [STDERR_REDIRECT] [Fatal Error] :1:1: Premature end of file.
2025-09-19 19:25:45,570 [ERROR] LogOutputStream:75 - [STDERR_REDIRECT] 
2025-09-19 19:25:46,571 [ERROR] LogOutputStream:75 - [STDERR_REDIRECT] [Fatal Error] :1:1: Premature end of file.
2025-09-19 19:25:46,571 [ERROR] LogOutputStream:75 - [STDERR_REDIRECT] 
2025-09-19 19:25:47,587 [ERROR] LogOutputStream:75 - [STDERR_REDIRECT] [Fatal Error] :1:1: Premature end of file.
2025-09-19 19:25:47,587 [ERROR] LogOutputStream:75 - [STDERR_REDIRECT] 
2025-09-19 19:25:48,579 [ERROR] LogOutputStream:75 - [STDERR_REDIRECT] [Fatal Error] :1:1: Premature end of file.
2025-09-19 19:25:48,579 [ERROR] LogOutputStream:75 - [STDERR_REDIRECT] 
2025-09-19 19:25:49,578 [ERROR] LogOutputStream:75 - [STDERR_REDIRECT] [Fatal Error] :1:1: Premature end of file.
2025-09-19 19:25:49,578 [ERROR] LogOutputStream:75 - [STDERR_REDIRECT] 
2025-09-19 19:25:50,575 [ERROR] LogOutputStream:75 - [STDERR_REDIRECT] [Fatal Error] :1:1: Premature end of file.
2025-09-19 19:25:50,575 [ERROR] LogOutputStream:75 - [STDERR_REDIRECT] 
2025-09-19 19:25:51,574 [ERROR] LogOutputStream:75 - [STDERR_REDIRECT] [Fatal Error] :1:1: Premature end of file.
2025-09-19 19:25:51,574 [ERROR] LogOutputStream:75 - [STDERR_REDIRECT] 
2025-09-19 19:25:52,574 [ERROR] LogOutputStream:75 - [STDERR_REDIRECT] [Fatal Error] :1:1: Premature end of file.
2025-09-19 19:25:52,574 [ERROR] LogOutputStream:75 - [STDERR_REDIRECT] 
2025-09-19 19:25:53,577 [ERROR] LogOutputStream:75 - [STDERR_REDIRECT] [Fatal Error] :1:1: Premature end of file.
2025-09-19 19:25:53,578 [ERROR] LogOutputStream:75 - [STDERR_REDIRECT] 
2025-09-19 19:25:54,583 [ERROR] LogOutputStream:75 - [STDERR_REDIRECT] [Fatal Error] :1:1: Premature end of file.
2025-09-19 19:25:54,583 [ERROR] LogOutputStream:75 - [STDERR_REDIRECT] 
2025-09-19 19:25:55,576 [ERROR] LogOutputStream:75 - [STDERR_REDIRECT] [Fatal Error] :1:1: Premature end of file.
2025-09-19 19:25:55,576 [ERROR] LogOutputStream:75 - [STDERR_REDIRECT] 
2025-09-19 19:25:56,582 [ERROR] LogOutputStream:75 - [STDERR_REDIRECT] [Fatal Error] :1:1: Premature end of file.
2025-09-19 19:25:56,583 [ERROR] LogOutputStream:75 - [STDERR_REDIRECT] 
2025-09-19 19:25:57,578 [ERROR] LogOutputStream:75 - [STDERR_REDIRECT] [Fatal Error] :1:1: Premature end of file.
2025-09-19 19:25:57,578 [ERROR] LogOutputStream:75 - [STDERR_REDIRECT] 
2025-09-19 19:25:58,579 [ERROR] LogOutputStream:75 - [STDERR_REDIRECT] [Fatal Error] :1:1: Premature end of file.
2025-09-19 19:25:58,580 [ERROR] LogOutputStream:75 - [STDERR_REDIRECT] 
2025-09-19 19:25:59,577 [ERROR] LogOutputStream:75 - [STDERR_REDIRECT] [Fatal Error] :1:1: Premature end of file.
2025-09-19 19:25:59,577 [ERROR] LogOutputStream:75 - [STDERR_REDIRECT] 
2025-09-19 19:26:00,574 [ERROR] LogOutputStream:75 - [STDERR_REDIRECT] [Fatal Error] :1:1: Premature end of file.
2025-09-19 19:26:00,574 [ERROR] LogOutputStream:75 - [STDERR_REDIRECT] 
2025-09-19 19:26:01,573 [ERROR] LogOutputStream:75 - [STDERR_REDIRECT] [Fatal Error] :1:1: Premature end of file.
2025-09-19 19:26:01,573 [ERROR] LogOutputStream:75 - [STDERR_REDIRECT] 
2025-09-19 19:26:02,572 [ERROR] LogOutputStream:75 - [STDERR_REDIRECT] [Fatal Error] :1:1: Premature end of file.
2025-09-19 19:26:02,572 [ERROR] LogOutputStream:75 - [STDERR_REDIRECT] 
2025-09-19 19:26:03,572 [ERROR] LogOutputStream:75 - [STDERR_REDIRECT] [Fatal Error] :1:1: Premature end of file.
2025-09-19 19:26:03,572 [ERROR] LogOutputStream:75 - [STDERR_REDIRECT] 
2025-09-19 19:26:04,573 [ERROR] LogOutputStream:75 - [STDERR_REDIRECT] [Fatal Error] :1:1: Premature end of file.
2025-09-19 19:26:04,573 [ERROR] LogOutputStream:75 - [STDERR_REDIRECT] 
2025-09-19 19:26:05,576 [ERROR] LogOutputStream:75 - [STDERR_REDIRECT] [Fatal Error] :1:1: Premature end of file.
2025-09-19 19:26:05,576 [ERROR] LogOutputStream:75 - [STDERR_REDIRECT] 
2025-09-19 19:26:06,574 [ERROR] LogOutputStream:75 - [STDERR_REDIRECT] [Fatal Error] :1:1: Premature end of file.
2025-09-19 19:26:06,574 [ERROR] LogOutputStream:75 - [STDERR_REDIRECT] 
2025-09-19 19:26:07,571 [ERROR] LogOutputStream:75 - [STDERR_REDIRECT] [Fatal Error] :1:1: Premature end of file.
2025-09-19 19:26:07,571 [ERROR] LogOutputStream:75 - [STDERR_REDIRECT] 
2025-09-19 19:26:08,583 [ERROR] LogOutputStream:75 - [STDERR_REDIRECT] [Fatal Error] :1:1: Premature end of file.
2025-09-19 19:26:08,583 [ERROR] LogOutputStream:75 - [STDERR_REDIRECT] 
2025-09-19 19:26:09,574 [ERROR] LogOutputStream:75 - [STDERR_REDIRECT] [Fatal Error] :1:1: Premature end of file.
2025-09-19 19:26:09,574 [ERROR] LogOutputStream:75 - [STDERR_REDIRECT] 
2025-09-19 19:26:10,573 [ERROR] LogOutputStream:75 - [STDERR_REDIRECT] [Fatal Error] :1:1: Premature end of file.
2025-09-19 19:26:10,573 [ERROR] LogOutputStream:75 - [STDERR_REDIRECT] 
2025-09-19 19:26:11,573 [ERROR] LogOutputStream:75 - [STDERR_REDIRECT] [Fatal Error] :1:1: Premature end of file.
2025-09-19 19:26:11,573 [ERROR] LogOutputStream:75 - [STDERR_REDIRECT] 
2025-09-19 19:26:12,576 [ERROR] LogOutputStream:75 - [STDERR_REDIRECT] [Fatal Error] :1:1: Premature end of file.
2025-09-19 19:26:12,576 [ERROR] LogOutputStream:75 - [STDERR_REDIRECT] 
2025-09-19 19:26:13,586 [ERROR] LogOutputStream:75 - [STDERR_REDIRECT] [Fatal Error] :1:1: Premature end of file.
2025-09-19 19:26:13,586 [ERROR] LogOutputStream:75 - [STDERR_REDIRECT] 
2025-09-19 19:26:14,582 [ERROR] LogOutputStream:75 - [STDERR_REDIRECT] [Fatal Error] :1:1: Premature end of file.
2025-09-19 19:26:14,583 [ERROR] LogOutputStream:75 - [STDERR_REDIRECT] 
2025-09-19 19:26:15,567 [ERROR] LogOutputStream:75 - [STDERR_REDIRECT] [Fatal Error] :1:1: Premature end of file.
2025-09-19 19:26:15,567 [ERROR] LogOutputStream:75 - [STDERR_REDIRECT] 
2025-09-19 19:26:16,582 [ERROR] LogOutputStream:75 - [STDERR_REDIRECT] [Fatal Error] :1:1: Premature end of file.
2025-09-19 19:26:16,582 [ERROR] LogOutputStream:75 - [STDERR_REDIRECT] 
2025-09-19 19:26:17,570 [ERROR] LogOutputStream:75 - [STDERR_REDIRECT] [Fatal Error] :1:1: Premature end of file.
2025-09-19 19:26:17,570 [ERROR] LogOutputStream:75 - [STDERR_REDIRECT] 
2025-09-19 19:26:18,585 [ERROR] LogOutputStream:75 - [STDERR_REDIRECT] [Fatal Error] :1:1: Premature end of file.
2025-09-19 19:26:18,585 [ERROR] LogOutputStream:75 - [STDERR_REDIRECT] 
2025-09-19 19:26:19,578 [ERROR] LogOutputStream:75 - [STDERR_REDIRECT] [Fatal Error] :1:1: Premature end of file.
2025-09-19 19:26:19,578 [ERROR] LogOutputStream:75 - [STDERR_REDIRECT] 
2025-09-19 19:26:20,571 [ERROR] LogOutputStream:75 - [STDERR_REDIRECT] [Fatal Error] :1:1: Premature end of file.
2025-09-19 19:26:20,571 [ERROR] LogOutputStream:75 - [STDERR_REDIRECT] 
2025-09-19 19:26:21,567 [ERROR] LogOutputStream:75 - [STDERR_REDIRECT] [Fatal Error] :1:1: Premature end of file.
2025-09-19 19:26:21,567 [ERROR] LogOutputStream:75 - [STDERR_REDIRECT] 
2025-09-19 19:26:22,582 [ERROR] LogOutputStream:75 - [STDERR_REDIRECT] [Fatal Error] :1:1: Premature end of file.
2025-09-19 19:26:22,582 [ERROR] LogOutputStream:75 - [STDERR_REDIRECT] 
2025-09-19 19:26:23,579 [ERROR] LogOutputStream:75 - [STDERR_REDIRECT] [Fatal Error] :1:1: Premature end of file.
2025-09-19 19:26:23,580 [ERROR] LogOutputStream:75 - [STDERR_REDIRECT] 
2025-09-19 19:26:24,586 [ERROR] LogOutputStream:75 - [STDERR_REDIRECT] [Fatal Error] :1:1: Premature end of file.
2025-09-19 19:26:24,586 [ERROR] LogOutputStream:75 - [STDERR_REDIRECT] 
2025-09-19 19:26:25,571 [ERROR] LogOutputStream:75 - [STDERR_REDIRECT] [Fatal Error] :1:1: Premature end of file.
2025-09-19 19:26:25,571 [ERROR] LogOutputStream:75 - [STDERR_REDIRECT] 
2025-09-19 19:26:26,571 [ERROR] LogOutputStream:75 - [STDERR_REDIRECT] [Fatal Error] :1:1: Premature end of file.
2025-09-19 19:26:26,571 [ERROR] LogOutputStream:75 - [STDERR_REDIRECT] 
2025-09-19 19:26:27,571 [ERROR] LogOutputStream:75 - [STDERR_REDIRECT] [Fatal Error] :1:1: Premature end of file.
2025-09-19 19:26:27,571 [ERROR] LogOutputStream:75 - [STDERR_REDIRECT] 
2025-09-19 19:26:28,574 [ERROR] LogOutputStream:75 - [STDERR_REDIRECT] [Fatal Error] :1:1: Premature end of file.
2025-09-19 19:26:28,574 [ERROR] LogOutputStream:75 - [STDERR_REDIRECT] 
2025-09-19 19:26:29,574 [ERROR] LogOutputStream:75 - [STDERR_REDIRECT] [Fatal Error] :1:1: Premature end of file.
2025-09-19 19:26:29,574 [ERROR] LogOutputStream:75 - [STDERR_REDIRECT] 
2025-09-19 19:26:30,573 [ERROR] LogOutputStream:75 - [STDERR_REDIRECT] [Fatal Error] :1:1: Premature end of file.
2025-09-19 19:26:30,573 [ERROR] LogOutputStream:75 - [STDERR_REDIRECT] 
2025-09-19 19:26:31,582 [ERROR] LogOutputStream:75 - [STDERR_REDIRECT] [Fatal Error] :1:1: Premature end of file.
2025-09-19 19:26:31,582 [ERROR] LogOutputStream:75 - [STDERR_REDIRECT] 
2025-09-19 19:26:32,574 [ERROR] LogOutputStream:75 - [STDERR_REDIRECT] [Fatal Error] :1:1: Premature end of file.
2025-09-19 19:26:32,574 [ERROR] LogOutputStream:75 - [STDERR_REDIRECT] 
2025-09-19 19:26:33,573 [ERROR] LogOutputStream:75 - [STDERR_REDIRECT] [Fatal Error] :1:1: Premature end of file.
2025-09-19 19:26:33,573 [ERROR] LogOutputStream:75 - [STDERR_REDIRECT] 
2025-09-19 19:26:34,569 [ERROR] LogOutputStream:75 - [STDERR_REDIRECT] [Fatal Error] :1:1: Premature end of file.
2025-09-19 19:26:34,569 [ERROR] LogOutputStream:75 - [STDERR_REDIRECT] 
2025-09-19 19:26:35,571 [ERROR] LogOutputStream:75 - [STDERR_REDIRECT] [Fatal Error] :1:1: Premature end of file.
2025-09-19 19:26:35,571 [ERROR] LogOutputStream:75 - [STDERR_REDIRECT] 
2025-09-19 19:26:36,573 [ERROR] LogOutputStream:75 - [STDERR_REDIRECT] [Fatal Error] :1:1: Premature end of file.
2025-09-19 19:26:36,573 [ERROR] LogOutputStream:75 - [STDERR_REDIRECT] 
2025-09-19 19:26:37,569 [ERROR] LogOutputStream:75 - [STDERR_REDIRECT] [Fatal Error] :1:1: Premature end of file.
2025-09-19 19:26:37,569 [ERROR] LogOutputStream:75 - [STDERR_REDIRECT] 
2025-09-19 19:26:38,573 [ERROR] LogOutputStream:75 - [STDERR_REDIRECT] [Fatal Error] :1:1: Premature end of file.
2025-09-19 19:26:38,574 [ERROR] LogOutputStream:75 - [STDERR_REDIRECT] 
2025-09-19 19:26:39,570 [ERROR] LogOutputStream:75 - [STDERR_REDIRECT] [Fatal Error] :1:1: Premature end of file.
2025-09-19 19:26:39,570 [ERROR] LogOutputStream:75 - [STDERR_REDIRECT] 
2025-09-19 19:26:40,568 [ERROR] LogOutputStream:75 - [STDERR_REDIRECT] [Fatal Error] :1:1: Premature end of file.
2025-09-19 19:26:40,568 [ERROR] LogOutputStream:75 - [STDERR_REDIRECT] 
2025-09-19 19:26:41,582 [ERROR] LogOutputStream:75 - [STDERR_REDIRECT] [Fatal Error] :1:1: Premature end of file.
2025-09-19 19:26:41,582 [ERROR] LogOutputStream:75 - [STDERR_REDIRECT] 
2025-09-19 19:26:42,574 [ERROR] LogOutputStream:75 - [STDERR_REDIRECT] [Fatal Error] :1:1: Premature end of file.
2025-09-19 19:26:42,574 [ERROR] LogOutputStream:75 - [STDERR_REDIRECT] 
2025-09-19 19:26:43,573 [ERROR] LogOutputStream:75 - [STDERR_REDIRECT] [Fatal Error] :1:1: Premature end of file.
2025-09-19 19:26:43,573 [ERROR] LogOutputStream:75 - [STDERR_REDIRECT] 
2025-09-19 19:26:44,570 [ERROR] LogOutputStream:75 - [STDERR_REDIRECT] [Fatal Error] :1:1: Premature end of file.
2025-09-19 19:26:44,572 [ERROR] LogOutputStream:75 - [STDERR_REDIRECT] 
2025-09-19 19:26:45,570 [ERROR] LogOutputStream:75 - [STDERR_REDIRECT] [Fatal Error] :1:1: Premature end of file.
2025-09-19 19:26:45,571 [ERROR] LogOutputStream:75 - [STDERR_REDIRECT] 
2025-09-19 19:26:46,573 [ERROR] LogOutputStream:75 - [STDERR_REDIRECT] [Fatal Error] :1:1: Premature end of file.
2025-09-19 19:26:46,573 [ERROR] LogOutputStream:75 - [STDERR_REDIRECT] 
2025-09-19 19:26:47,581 [ERROR] LogOutputStream:75 - [STDERR_REDIRECT] [Fatal Error] :1:1: Premature end of file.
2025-09-19 19:26:47,582 [ERROR] LogOutputStream:75 - [STDERR_REDIRECT] 
2025-09-19 19:26:48,584 [ERROR] LogOutputStream:75 - [STDERR_REDIRECT] [Fatal Error] :1:1: Premature end of file.
2025-09-19 19:26:48,584 [ERROR] LogOutputStream:75 - [STDERR_REDIRECT] 
2025-09-19 19:26:49,579 [ERROR] LogOutputStream:75 - [STDERR_REDIRECT] [Fatal Error] :1:1: Premature end of file.
2025-09-19 19:26:49,579 [ERROR] LogOutputStream:75 - [STDERR_REDIRECT] 
2025-09-19 19:26:50,578 [ERROR] LogOutputStream:75 - [STDERR_REDIRECT] [Fatal Error] :1:1: Premature end of file.
2025-09-19 19:26:50,579 [ERROR] LogOutputStream:75 - [STDERR_REDIRECT] 
2025-09-19 19:26:51,571 [ERROR] LogOutputStream:75 - [STDERR_REDIRECT] [Fatal Error] :1:1: Premature end of file.
2025-09-19 19:26:51,571 [ERROR] LogOutputStream:75 - [STDERR_REDIRECT] 
2025-09-19 19:26:52,575 [ERROR] LogOutputStream:75 - [STDERR_REDIRECT] [Fatal Error] :1:1: Premature end of file.
2025-09-19 19:26:52,575 [ERROR] LogOutputStream:75 - [STDERR_REDIRECT] 
2025-09-19 19:26:53,575 [ERROR] LogOutputStream:75 - [STDERR_REDIRECT] [Fatal Error] :1:1: Premature end of file.
2025-09-19 19:26:53,575 [ERROR] LogOutputStream:75 - [STDERR_REDIRECT] 
2025-09-19 19:26:54,618 [ERROR] LogOutputStream:75 - [STDERR_REDIRECT] [Fatal Error] :1:1: Premature end of file.
2025-09-19 19:26:54,618 [ERROR] LogOutputStream:75 - [STDERR_REDIRECT] 
2025-09-19 19:26:55,579 [ERROR] LogOutputStream:75 - [STDERR_REDIRECT] [Fatal Error] :1:1: Premature end of file.
2025-09-19 19:26:55,579 [ERROR] LogOutputStream:75 - [STDERR_REDIRECT] 
2025-09-19 19:26:56,579 [ERROR] LogOutputStream:75 - [STDERR_REDIRECT] [Fatal Error] :1:1: Premature end of file.
2025-09-19 19:26:56,579 [ERROR] LogOutputStream:75 - [STDERR_REDIRECT] 
2025-09-19 19:26:57,581 [ERROR] LogOutputStream:75 - [STDERR_REDIRECT] [Fatal Error] :1:1: Premature end of file.
2025-09-19 19:26:57,581 [ERROR] LogOutputStream:75 - [STDERR_REDIRECT] 
2025-09-19 19:26:58,581 [ERROR] LogOutputStream:75 - [STDERR_REDIRECT] [Fatal Error] :1:1: Premature end of file.
2025-09-19 19:26:58,581 [ERROR] LogOutputStream:75 - [STDERR_REDIRECT] 
2025-09-19 19:26:59,583 [ERROR] LogOutputStream:75 - [STDERR_REDIRECT] [Fatal Error] :1:1: Premature end of file.
2025-09-19 19:26:59,584 [ERROR] LogOutputStream:75 - [STDERR_REDIRECT] 
2025-09-19 19:27:00,578 [ERROR] LogOutputStream:75 - [STDERR_REDIRECT] [Fatal Error] :1:1: Premature end of file.
2025-09-19 19:27:00,578 [ERROR] LogOutputStream:75 - [STDERR_REDIRECT] 
2025-09-19 19:27:01,568 [ERROR] LogOutputStream:75 - [STDERR_REDIRECT] [Fatal Error] :1:1: Premature end of file.
2025-09-19 19:27:01,568 [ERROR] LogOutputStream:75 - [STDERR_REDIRECT] 
2025-09-19 19:27:02,571 [ERROR] LogOutputStream:75 - [STDERR_REDIRECT] [Fatal Error] :1:1: Premature end of file.
2025-09-19 19:27:02,571 [ERROR] LogOutputStream:75 - [STDERR_REDIRECT] 
2025-09-19 19:27:03,579 [ERROR] LogOutputStream:75 - [STDERR_REDIRECT] [Fatal Error] :1:1: Premature end of file.
2025-09-19 19:27:03,579 [ERROR] LogOutputStream:75 - [STDERR_REDIRECT] 
2025-09-19 19:27:04,574 [ERROR] LogOutputStream:75 - [STDERR_REDIRECT] [Fatal Error] :1:1: Premature end of file.
2025-09-19 19:27:04,574 [ERROR] LogOutputStream:75 - [STDERR_REDIRECT] 
2025-09-19 19:27:05,577 [ERROR] LogOutputStream:75 - [STDERR_REDIRECT] [Fatal Error] :1:1: Premature end of file.
2025-09-19 19:27:05,577 [ERROR] LogOutputStream:75 - [STDERR_REDIRECT] 
2025-09-19 19:27:06,572 [ERROR] LogOutputStream:75 - [STDERR_REDIRECT] [Fatal Error] :1:1: Premature end of file.
2025-09-19 19:27:06,572 [ERROR] LogOutputStream:75 - [STDERR_REDIRECT] 
2025-09-19 19:27:07,571 [ERROR] LogOutputStream:75 - [STDERR_REDIRECT] [Fatal Error] :1:1: Premature end of file.
2025-09-19 19:27:07,571 [ERROR] LogOutputStream:75 - [STDERR_REDIRECT] 
2025-09-19 19:27:08,570 [ERROR] LogOutputStream:75 - [STDERR_REDIRECT] [Fatal Error] :1:1: Premature end of file.
2025-09-19 19:27:08,570 [ERROR] LogOutputStream:75 - [STDERR_REDIRECT] 
2025-09-19 19:27:09,575 [ERROR] LogOutputStream:75 - [STDERR_REDIRECT] [Fatal Error] :1:1: Premature end of file.
2025-09-19 19:27:09,575 [ERROR] LogOutputStream:75 - [STDERR_REDIRECT] 
2025-09-19 19:27:10,569 [ERROR] LogOutputStream:75 - [STDERR_REDIRECT] [Fatal Error] :1:1: Premature end of file.
2025-09-19 19:27:10,569 [ERROR] LogOutputStream:75 - [STDERR_REDIRECT] 
2025-09-19 19:27:11,583 [ERROR] LogOutputStream:75 - [STDERR_REDIRECT] [Fatal Error] :1:1: Premature end of file.
2025-09-19 19:27:11,583 [ERROR] LogOutputStream:75 - [STDERR_REDIRECT] 
2025-09-19 19:27:12,583 [ERROR] LogOutputStream:75 - [STDERR_REDIRECT] [Fatal Error] :1:1: Premature end of file.
2025-09-19 19:27:12,583 [ERROR] LogOutputStream:75 - [STDERR_REDIRECT] 
2025-09-19 19:27:13,582 [ERROR] LogOutputStream:75 - [STDERR_REDIRECT] [Fatal Error] :1:1: Premature end of file.
2025-09-19 19:27:13,582 [ERROR] LogOutputStream:75 - [STDERR_REDIRECT] 
2025-09-19 19:27:14,576 [ERROR] LogOutputStream:75 - [STDERR_REDIRECT] [Fatal Error] :1:1: Premature end of file.
2025-09-19 19:27:14,576 [ERROR] LogOutputStream:75 - [STDERR_REDIRECT] 
2025-09-19 19:27:15,575 [ERROR] LogOutputStream:75 - [STDERR_REDIRECT] [Fatal Error] :1:1: Premature end of file.
2025-09-19 19:27:15,575 [ERROR] LogOutputStream:75 - [STDERR_REDIRECT] 
2025-09-19 19:27:16,573 [ERROR] LogOutputStream:75 - [STDERR_REDIRECT] [Fatal Error] :1:1: Premature end of file.
2025-09-19 19:27:16,573 [ERROR] LogOutputStream:75 - [STDERR_REDIRECT] 
2025-09-19 19:27:17,578 [ERROR] LogOutputStream:75 - [STDERR_REDIRECT] [Fatal Error] :1:1: Premature end of file.
2025-09-19 19:27:17,578 [ERROR] LogOutputStream:75 - [STDERR_REDIRECT] 
2025-09-19 19:27:18,578 [ERROR] LogOutputStream:75 - [STDERR_REDIRECT] [Fatal Error] :1:1: Premature end of file.
2025-09-19 19:27:18,578 [ERROR] LogOutputStream:75 - [STDERR_REDIRECT] 
2025-09-19 19:27:19,580 [ERROR] LogOutputStream:75 - [STDERR_REDIRECT] [Fatal Error] :1:1: Premature end of file.
2025-09-19 19:27:19,581 [ERROR] LogOutputStream:75 - [STDERR_REDIRECT] 
2025-09-19 19:27:20,580 [ERROR] LogOutputStream:75 - [STDERR_REDIRECT] [Fatal Error] :1:1: Premature end of file.
2025-09-19 19:27:20,580 [ERROR] LogOutputStream:75 - [STDERR_REDIRECT] 
2025-09-19 19:27:21,578 [ERROR] LogOutputStream:75 - [STDERR_REDIRECT] [Fatal Error] :1:1: Premature end of file.
2025-09-19 19:27:21,578 [ERROR] LogOutputStream:75 - [STDERR_REDIRECT] 
2025-09-19 19:27:22,571 [ERROR] LogOutputStream:75 - [STDERR_REDIRECT] [Fatal Error] :1:1: Premature end of file.
2025-09-19 19:27:22,571 [ERROR] LogOutputStream:75 - [STDERR_REDIRECT] 
2025-09-19 19:27:23,587 [ERROR] LogOutputStream:75 - [STDERR_REDIRECT] [Fatal Error] :1:1: Premature end of file.
2025-09-19 19:27:23,587 [ERROR] LogOutputStream:75 - [STDERR_REDIRECT] 
2025-09-19 19:27:24,580 [ERROR] LogOutputStream:75 - [STDERR_REDIRECT] [Fatal Error] :1:1: Premature end of file.
2025-09-19 19:27:24,581 [ERROR] LogOutputStream:75 - [STDERR_REDIRECT] 
2025-09-19 19:27:25,582 [ERROR] LogOutputStream:75 - [STDERR_REDIRECT] [Fatal Error] :1:1: Premature end of file.
2025-09-19 19:27:25,582 [ERROR] LogOutputStream:75 - [STDERR_REDIRECT] 
2025-09-19 19:27:26,577 [ERROR] LogOutputStream:75 - [STDERR_REDIRECT] [Fatal Error] :1:1: Premature end of file.
2025-09-19 19:27:26,577 [ERROR] LogOutputStream:75 - [STDERR_REDIRECT] 
2025-09-19 19:27:27,582 [ERROR] LogOutputStream:75 - [STDERR_REDIRECT] [Fatal Error] :1:1: Premature end of file.
2025-09-19 19:27:27,582 [ERROR] LogOutputStream:75 - [STDERR_REDIRECT] 
2025-09-19 19:27:28,573 [ERROR] LogOutputStream:75 - [STDERR_REDIRECT] [Fatal Error] :1:1: Premature end of file.
2025-09-19 19:27:28,573 [ERROR] LogOutputStream:75 - [STDERR_REDIRECT] 
2025-09-19 19:27:29,577 [ERROR] LogOutputStream:75 - [STDERR_REDIRECT] [Fatal Error] :1:1: Premature end of file.
2025-09-19 19:27:29,577 [ERROR] LogOutputStream:75 - [STDERR_REDIRECT] 
2025-09-19 19:27:30,581 [ERROR] LogOutputStream:75 - [STDERR_REDIRECT] [Fatal Error] :1:1: Premature end of file.
2025-09-19 19:27:30,581 [ERROR] LogOutputStream:75 - [STDERR_REDIRECT] 
2025-09-19 19:27:31,574 [ERROR] LogOutputStream:75 - [STDERR_REDIRECT] [Fatal Error] :1:1: Premature end of file.
2025-09-19 19:27:31,574 [ERROR] LogOutputStream:75 - [STDERR_REDIRECT] 
2025-09-19 19:27:32,575 [ERROR] LogOutputStream:75 - [STDERR_REDIRECT] [Fatal Error] :1:1: Premature end of file.
2025-09-19 19:27:32,575 [ERROR] LogOutputStream:75 - [STDERR_REDIRECT] 
2025-09-19 19:27:33,578 [ERROR] LogOutputStream:75 - [STDERR_REDIRECT] [Fatal Error] :1:1: Premature end of file.
2025-09-19 19:27:33,578 [ERROR] LogOutputStream:75 - [STDERR_REDIRECT] 
2025-09-19 19:27:34,583 [ERROR] LogOutputStream:75 - [STDERR_REDIRECT] [Fatal Error] :1:1: Premature end of file.
2025-09-19 19:27:34,583 [ERROR] LogOutputStream:75 - [STDERR_REDIRECT] 
2025-09-19 19:27:35,583 [ERROR] LogOutputStream:75 - [STDERR_REDIRECT] [Fatal Error] :1:1: Premature end of file.
2025-09-19 19:27:35,583 [ERROR] LogOutputStream:75 - [STDERR_REDIRECT] 
2025-09-19 19:27:36,580 [ERROR] LogOutputStream:75 - [STDERR_REDIRECT] [Fatal Error] :1:1: Premature end of file.
2025-09-19 19:27:36,580 [ERROR] LogOutputStream:75 - [STDERR_REDIRECT] 
2025-09-19 19:27:37,577 [ERROR] LogOutputStream:75 - [STDERR_REDIRECT] [Fatal Error] :1:1: Premature end of file.
2025-09-19 19:27:37,577 [ERROR] LogOutputStream:75 - [STDERR_REDIRECT] 
2025-09-19 19:27:38,583 [ERROR] LogOutputStream:75 - [STDERR_REDIRECT] [Fatal Error] :1:1: Premature end of file.
2025-09-19 19:27:38,583 [ERROR] LogOutputStream:75 - [STDERR_REDIRECT] 
2025-09-19 19:27:39,587 [ERROR] LogOutputStream:75 - [STDERR_REDIRECT] [Fatal Error] :1:1: Premature end of file.
2025-09-19 19:27:39,587 [ERROR] LogOutputStream:75 - [STDERR_REDIRECT] 
2025-09-19 19:27:40,573 [ERROR] LogOutputStream:75 - [STDERR_REDIRECT] [Fatal Error] :1:1: Premature end of file.
2025-09-19 19:27:40,573 [ERROR] LogOutputStream:75 - [STDERR_REDIRECT] 
2025-09-19 19:27:41,587 [ERROR] LogOutputStream:75 - [STDERR_REDIRECT] [Fatal Error] :1:1: Premature end of file.
2025-09-19 19:27:41,587 [ERROR] LogOutputStream:75 - [STDERR_REDIRECT] 
2025-09-19 19:27:42,602 [ERROR] LogOutputStream:75 - [STDERR_REDIRECT] [Fatal Error] :1:1: Premature end of file.
2025-09-19 19:27:42,602 [ERROR] LogOutputStream:75 - [STDERR_REDIRECT] 
2025-09-19 19:27:43,584 [ERROR] LogOutputStream:75 - [STDERR_REDIRECT] [Fatal Error] :1:1: Premature end of file.
2025-09-19 19:27:43,584 [ERROR] LogOutputStream:75 - [STDERR_REDIRECT] 
2025-09-19 19:27:44,649 [ERROR] LogOutputStream:75 - [STDERR_REDIRECT] [Fatal Error] :1:1: Premature end of file.
2025-09-19 19:27:44,649 [ERROR] LogOutputStream:75 - [STDERR_REDIRECT] 
2025-09-19 19:27:45,591 [ERROR] LogOutputStream:75 - [STDERR_REDIRECT] [Fatal Error] :1:1: Premature end of file.
2025-09-19 19:27:45,591 [ERROR] LogOutputStream:75 - [STDERR_REDIRECT] 
2025-09-19 19:27:46,598 [ERROR] LogOutputStream:75 - [STDERR_REDIRECT] [Fatal Error] :1:1: Premature end of file.
2025-09-19 19:27:46,598 [ERROR] LogOutputStream:75 - [STDERR_REDIRECT] 
2025-09-19 19:27:47,584 [ERROR] LogOutputStream:75 - [STDERR_REDIRECT] [Fatal Error] :1:1: Premature end of file.
2025-09-19 19:27:47,584 [ERROR] LogOutputStream:75 - [STDERR_REDIRECT] 
2025-09-19 19:27:48,576 [ERROR] LogOutputStream:75 - [STDERR_REDIRECT] [Fatal Error] :1:1: Premature end of file.
2025-09-19 19:27:48,576 [ERROR] LogOutputStream:75 - [STDERR_REDIRECT] 
2025-09-19 19:27:49,578 [ERROR] LogOutputStream:75 - [STDERR_REDIRECT] [Fatal Error] :1:1: Premature end of file.
2025-09-19 19:27:49,578 [ERROR] LogOutputStream:75 - [STDERR_REDIRECT] 
2025-09-19 19:27:50,594 [ERROR] LogOutputStream:75 - [STDERR_REDIRECT] [Fatal Error] :1:1: Premature end of file.
2025-09-19 19:27:50,594 [ERROR] LogOutputStream:75 - [STDERR_REDIRECT] 
2025-09-19 19:27:51,570 [ERROR] LogOutputStream:75 - [STDERR_REDIRECT] [Fatal Error] :1:1: Premature end of file.
2025-09-19 19:27:51,570 [ERROR] LogOutputStream:75 - [STDERR_REDIRECT] 
2025-09-19 19:27:52,583 [ERROR] LogOutputStream:75 - [STDERR_REDIRECT] [Fatal Error] :1:1: Premature end of file.
2025-09-19 19:27:52,583 [ERROR] LogOutputStream:75 - [STDERR_REDIRECT] 
2025-09-19 19:27:53,577 [ERROR] LogOutputStream:75 - [STDERR_REDIRECT] [Fatal Error] :1:1: Premature end of file.
2025-09-19 19:27:53,577 [ERROR] LogOutputStream:75 - [STDERR_REDIRECT] 
2025-09-19 19:27:54,573 [ERROR] LogOutputStream:75 - [STDERR_REDIRECT] [Fatal Error] :1:1: Premature end of file.
2025-09-19 19:27:54,573 [ERROR] LogOutputStream:75 - [STDERR_REDIRECT] 
2025-09-19 19:27:55,582 [ERROR] LogOutputStream:75 - [STDERR_REDIRECT] [Fatal Error] :1:1: Premature end of file.
2025-09-19 19:27:55,582 [ERROR] LogOutputStream:75 - [STDERR_REDIRECT] 
2025-09-19 19:27:56,581 [ERROR] LogOutputStream:75 - [STDERR_REDIRECT] [Fatal Error] :1:1: Premature end of file.
2025-09-19 19:27:56,581 [ERROR] LogOutputStream:75 - [STDERR_REDIRECT] 
2025-09-19 19:27:57,578 [ERROR] LogOutputStream:75 - [STDERR_REDIRECT] [Fatal Error] :1:1: Premature end of file.
2025-09-19 19:27:57,578 [ERROR] LogOutputStream:75 - [STDERR_REDIRECT] 
2025-09-19 19:27:58,583 [ERROR] LogOutputStream:75 - [STDERR_REDIRECT] [Fatal Error] :1:1: Premature end of file.
2025-09-19 19:27:58,583 [ERROR] LogOutputStream:75 - [STDERR_REDIRECT] 
2025-09-19 19:27:59,575 [ERROR] LogOutputStream:75 - [STDERR_REDIRECT] [Fatal Error] :1:1: Premature end of file.
2025-09-19 19:27:59,576 [ERROR] LogOutputStream:75 - [STDERR_REDIRECT] 
2025-09-19 19:28:00,569 [ERROR] LogOutputStream:75 - [STDERR_REDIRECT] [Fatal Error] :1:1: Premature end of file.
2025-09-19 19:28:00,569 [ERROR] LogOutputStream:75 - [STDERR_REDIRECT] 
2025-09-19 19:28:01,581 [ERROR] LogOutputStream:75 - [STDERR_REDIRECT] [Fatal Error] :1:1: Premature end of file.
2025-09-19 19:28:01,582 [ERROR] LogOutputStream:75 - [STDERR_REDIRECT] 
2025-09-19 19:28:02,573 [ERROR] LogOutputStream:75 - [STDERR_REDIRECT] [Fatal Error] :1:1: Premature end of file.
2025-09-19 19:28:02,573 [ERROR] LogOutputStream:75 - [STDERR_REDIRECT] 
2025-09-19 19:28:03,583 [ERROR] LogOutputStream:75 - [STDERR_REDIRECT] [Fatal Error] :1:1: Premature end of file.
2025-09-19 19:28:03,583 [ERROR] LogOutputStream:75 - [STDERR_REDIRECT] 
2025-09-19 19:28:04,572 [ERROR] LogOutputStream:75 - [STDERR_REDIRECT] [Fatal Error] :1:1: Premature end of file.
2025-09-19 19:28:04,572 [ERROR] LogOutputStream:75 - [STDERR_REDIRECT] 
2025-09-19 19:28:05,573 [ERROR] LogOutputStream:75 - [STDERR_REDIRECT] [Fatal Error] :1:1: Premature end of file.
2025-09-19 19:28:05,573 [ERROR] LogOutputStream:75 - [STDERR_REDIRECT] 
2025-09-19 19:28:06,583 [ERROR] LogOutputStream:75 - [STDERR_REDIRECT] [Fatal Error] :1:1: Premature end of file.
2025-09-19 19:28:06,583 [ERROR] LogOutputStream:75 - [STDERR_REDIRECT] 
2025-09-19 19:28:07,575 [ERROR] LogOutputStream:75 - [STDERR_REDIRECT] [Fatal Error] :1:1: Premature end of file.
2025-09-19 19:28:07,575 [ERROR] LogOutputStream:75 - [STDERR_REDIRECT] 
2025-09-19 19:28:08,570 [ERROR] LogOutputStream:75 - [STDERR_REDIRECT] [Fatal Error] :1:1: Premature end of file.
2025-09-19 19:28:08,570 [ERROR] LogOutputStream:75 - [STDERR_REDIRECT] 
2025-09-19 19:28:09,572 [ERROR] LogOutputStream:75 - [STDERR_REDIRECT] [Fatal Error] :1:1: Premature end of file.
2025-09-19 19:28:09,572 [ERROR] LogOutputStream:75 - [STDERR_REDIRECT] 
2025-09-19 19:28:10,568 [ERROR] LogOutputStream:75 - [STDERR_REDIRECT] [Fatal Error] :1:1: Premature end of file.
2025-09-19 19:28:10,568 [ERROR] LogOutputStream:75 - [STDERR_REDIRECT] 
2025-09-19 19:28:11,573 [ERROR] LogOutputStream:75 - [STDERR_REDIRECT] [Fatal Error] :1:1: Premature end of file.
2025-09-19 19:28:11,573 [ERROR] LogOutputStream:75 - [STDERR_REDIRECT] 
2025-09-19 19:28:12,573 [ERROR] LogOutputStream:75 - [STDERR_REDIRECT] [Fatal Error] :1:1: Premature end of file.
2025-09-19 19:28:12,573 [ERROR] LogOutputStream:75 - [STDERR_REDIRECT] 
2025-09-19 19:28:13,579 [ERROR] LogOutputStream:75 - [STDERR_REDIRECT] [Fatal Error] :1:1: Premature end of file.
2025-09-19 19:28:13,580 [ERROR] LogOutputStream:75 - [STDERR_REDIRECT] 
2025-09-19 19:28:14,588 [ERROR] LogOutputStream:75 - [STDERR_REDIRECT] [Fatal Error] :1:1: Premature end of file.
2025-09-19 19:28:14,588 [ERROR] LogOutputStream:75 - [STDERR_REDIRECT] 
2025-09-19 19:28:15,573 [ERROR] LogOutputStream:75 - [STDERR_REDIRECT] [Fatal Error] :1:1: Premature end of file.
2025-09-19 19:28:15,573 [ERROR] LogOutputStream:75 - [STDERR_REDIRECT] 
2025-09-19 19:28:16,576 [ERROR] LogOutputStream:75 - [STDERR_REDIRECT] [Fatal Error] :1:1: Premature end of file.
2025-09-19 19:28:16,577 [ERROR] LogOutputStream:75 - [STDERR_REDIRECT] 
2025-09-19 19:28:17,572 [ERROR] LogOutputStream:75 - [STDERR_REDIRECT] [Fatal Error] :1:1: Premature end of file.
2025-09-19 19:28:17,572 [ERROR] LogOutputStream:75 - [STDERR_REDIRECT] 
2025-09-19 19:28:18,580 [ERROR] LogOutputStream:75 - [STDERR_REDIRECT] [Fatal Error] :1:1: Premature end of file.
2025-09-19 19:28:18,580 [ERROR] LogOutputStream:75 - [STDERR_REDIRECT] 
2025-09-19 19:28:19,581 [ERROR] LogOutputStream:75 - [STDERR_REDIRECT] [Fatal Error] :1:1: Premature end of file.
2025-09-19 19:28:19,581 [ERROR] LogOutputStream:75 - [STDERR_REDIRECT] 
2025-09-19 19:28:20,572 [ERROR] LogOutputStream:75 - [STDERR_REDIRECT] [Fatal Error] :1:1: Premature end of file.
2025-09-19 19:28:20,572 [ERROR] LogOutputStream:75 - [STDERR_REDIRECT] 
2025-09-19 19:28:21,580 [ERROR] LogOutputStream:75 - [STDERR_REDIRECT] [Fatal Error] :1:1: Premature end of file.
2025-09-19 19:28:21,580 [ERROR] LogOutputStream:75 - [STDERR_REDIRECT] 
2025-09-19 19:28:22,577 [ERROR] LogOutputStream:75 - [STDERR_REDIRECT] [Fatal Error] :1:1: Premature end of file.
2025-09-19 19:28:22,577 [ERROR] LogOutputStream:75 - [STDERR_REDIRECT] 
2025-09-19 19:28:23,579 [ERROR] LogOutputStream:75 - [STDERR_REDIRECT] [Fatal Error] :1:1: Premature end of file.
2025-09-19 19:28:23,579 [ERROR] LogOutputStream:75 - [STDERR_REDIRECT] 
2025-09-19 19:28:24,604 [ERROR] LogOutputStream:75 - [STDERR_REDIRECT] [Fatal Error] :1:1: Premature end of file.
2025-09-19 19:28:24,604 [ERROR] LogOutputStream:75 - [STDERR_REDIRECT] 
2025-09-19 19:28:25,583 [ERROR] LogOutputStream:75 - [STDERR_REDIRECT] [Fatal Error] :1:1: Premature end of file.
2025-09-19 19:28:25,583 [ERROR] LogOutputStream:75 - [STDERR_REDIRECT] 
2025-09-19 19:28:26,594 [ERROR] LogOutputStream:75 - [STDERR_REDIRECT] [Fatal Error] :1:1: Premature end of file.
2025-09-19 19:28:26,594 [ERROR] LogOutputStream:75 - [STDERR_REDIRECT] 
2025-09-19 19:28:27,571 [ERROR] LogOutputStream:75 - [STDERR_REDIRECT] [Fatal Error] :1:1: Premature end of file.
2025-09-19 19:28:27,571 [ERROR] LogOutputStream:75 - [STDERR_REDIRECT] 
2025-09-19 19:28:28,586 [ERROR] LogOutputStream:75 - [STDERR_REDIRECT] [Fatal Error] :1:1: Premature end of file.
2025-09-19 19:28:28,586 [ERROR] LogOutputStream:75 - [STDERR_REDIRECT] 
2025-09-19 19:28:29,580 [ERROR] LogOutputStream:75 - [STDERR_REDIRECT] [Fatal Error] :1:1: Premature end of file.
2025-09-19 19:28:29,580 [ERROR] LogOutputStream:75 - [STDERR_REDIRECT] 
2025-09-19 19:28:30,580 [ERROR] LogOutputStream:75 - [STDERR_REDIRECT] [Fatal Error] :1:1: Premature end of file.
2025-09-19 19:28:30,580 [ERROR] LogOutputStream:75 - [STDERR_REDIRECT] 
2025-09-19 19:28:31,584 [ERROR] LogOutputStream:75 - [STDERR_REDIRECT] [Fatal Error] :1:1: Premature end of file.
2025-09-19 19:28:31,584 [ERROR] LogOutputStream:75 - [STDERR_REDIRECT] 
2025-09-19 19:28:32,583 [ERROR] LogOutputStream:75 - [STDERR_REDIRECT] [Fatal Error] :1:1: Premature end of file.
2025-09-19 19:28:32,583 [ERROR] LogOutputStream:75 - [STDERR_REDIRECT] 
2025-09-19 19:28:33,587 [ERROR] LogOutputStream:75 - [STDERR_REDIRECT] [Fatal Error] :1:1: Premature end of file.
2025-09-19 19:28:33,587 [ERROR] LogOutputStream:75 - [STDERR_REDIRECT] 
2025-09-19 19:28:34,572 [ERROR] LogOutputStream:75 - [STDERR_REDIRECT] [Fatal Error] :1:1: Premature end of file.
2025-09-19 19:28:34,572 [ERROR] LogOutputStream:75 - [STDERR_REDIRECT] 
2025-09-19 19:28:35,582 [ERROR] LogOutputStream:75 - [STDERR_REDIRECT] [Fatal Error] :1:1: Premature end of file.
2025-09-19 19:28:35,582 [ERROR] LogOutputStream:75 - [STDERR_REDIRECT] 
2025-09-19 19:28:36,582 [ERROR] LogOutputStream:75 - [STDERR_REDIRECT] [Fatal Error] :1:1: Premature end of file.
2025-09-19 19:28:36,583 [ERROR] LogOutputStream:75 - [STDERR_REDIRECT] 
2025-09-19 19:28:37,572 [ERROR] LogOutputStream:75 - [STDERR_REDIRECT] [Fatal Error] :1:1: Premature end of file.
2025-09-19 19:28:37,572 [ERROR] LogOutputStream:75 - [STDERR_REDIRECT] 
2025-09-19 19:28:38,570 [ERROR] LogOutputStream:75 - [STDERR_REDIRECT] [Fatal Error] :1:1: Premature end of file.
2025-09-19 19:28:38,571 [ERROR] LogOutputStream:75 - [STDERR_REDIRECT] 
2025-09-19 19:28:39,572 [ERROR] LogOutputStream:75 - [STDERR_REDIRECT] [Fatal Error] :1:1: Premature end of file.
2025-09-19 19:28:39,572 [ERROR] LogOutputStream:75 - [STDERR_REDIRECT] 
2025-09-19 19:28:40,585 [ERROR] LogOutputStream:75 - [STDERR_REDIRECT] [Fatal Error] :1:1: Premature end of file.
2025-09-19 19:28:40,585 [ERROR] LogOutputStream:75 - [STDERR_REDIRECT] 
2025-09-19 19:28:41,572 [ERROR] LogOutputStream:75 - [STDERR_REDIRECT] [Fatal Error] :1:1: Premature end of file.
2025-09-19 19:28:41,573 [ERROR] LogOutputStream:75 - [STDERR_REDIRECT] 
2025-09-19 19:28:42,569 [ERROR] LogOutputStream:75 - [STDERR_REDIRECT] [Fatal Error] :1:1: Premature end of file.
2025-09-19 19:28:42,569 [ERROR] LogOutputStream:75 - [STDERR_REDIRECT] 
2025-09-19 19:28:43,581 [ERROR] LogOutputStream:75 - [STDERR_REDIRECT] [Fatal Error] :1:1: Premature end of file.
2025-09-19 19:28:43,581 [ERROR] LogOutputStream:75 - [STDERR_REDIRECT] 
2025-09-19 19:28:44,577 [ERROR] LogOutputStream:75 - [STDERR_REDIRECT] [Fatal Error] :1:1: Premature end of file.
2025-09-19 19:28:44,578 [ERROR] LogOutputStream:75 - [STDERR_REDIRECT] 
2025-09-19 19:28:45,578 [ERROR] LogOutputStream:75 - [STDERR_REDIRECT] [Fatal Error] :1:1: Premature end of file.
2025-09-19 19:28:45,578 [ERROR] LogOutputStream:75 - [STDERR_REDIRECT] 
2025-09-19 19:28:46,585 [ERROR] LogOutputStream:75 - [STDERR_REDIRECT] [Fatal Error] :1:1: Premature end of file.
2025-09-19 19:28:46,585 [ERROR] LogOutputStream:75 - [STDERR_REDIRECT] 
2025-09-19 19:28:47,578 [ERROR] LogOutputStream:75 - [STDERR_REDIRECT] [Fatal Error] :1:1: Premature end of file.
2025-09-19 19:28:47,578 [ERROR] LogOutputStream:75 - [STDERR_REDIRECT] 
2025-09-19 19:28:48,569 [ERROR] LogOutputStream:75 - [STDERR_REDIRECT] [Fatal Error] :1:1: Premature end of file.
2025-09-19 19:28:48,569 [ERROR] LogOutputStream:75 - [STDERR_REDIRECT] 
2025-09-19 19:28:49,580 [ERROR] LogOutputStream:75 - [STDERR_REDIRECT] [Fatal Error] :1:1: Premature end of file.
2025-09-19 19:28:49,581 [ERROR] LogOutputStream:75 - [STDERR_REDIRECT] 
2025-09-19 19:28:50,602 [ERROR] LogOutputStream:75 - [STDERR_REDIRECT] [Fatal Error] :1:1: Premature end of file.
2025-09-19 19:28:50,602 [ERROR] LogOutputStream:75 - [STDERR_REDIRECT] 
2025-09-19 19:28:51,584 [ERROR] LogOutputStream:75 - [STDERR_REDIRECT] [Fatal Error] :1:1: Premature end of file.
2025-09-19 19:28:51,584 [ERROR] LogOutputStream:75 - [STDERR_REDIRECT] 
2025-09-19 19:28:52,584 [ERROR] LogOutputStream:75 - [STDERR_REDIRECT] [Fatal Error] :1:1: Premature end of file.
2025-09-19 19:28:52,584 [ERROR] LogOutputStream:75 - [STDERR_REDIRECT] 
2025-09-19 19:28:53,578 [ERROR] LogOutputStream:75 - [STDERR_REDIRECT] [Fatal Error] :1:1: Premature end of file.
2025-09-19 19:28:53,578 [ERROR] LogOutputStream:75 - [STDERR_REDIRECT] 
2025-09-19 19:28:54,588 [ERROR] LogOutputStream:75 - [STDERR_REDIRECT] [Fatal Error] :1:1: Premature end of file.
2025-09-19 19:28:54,588 [ERROR] LogOutputStream:75 - [STDERR_REDIRECT] 
2025-09-19 19:28:55,581 [ERROR] LogOutputStream:75 - [STDERR_REDIRECT] [Fatal Error] :1:1: Premature end of file.
2025-09-19 19:28:55,581 [ERROR] LogOutputStream:75 - [STDERR_REDIRECT] 
2025-09-19 19:28:56,584 [ERROR] LogOutputStream:75 - [STDERR_REDIRECT] [Fatal Error] :1:1: Premature end of file.
2025-09-19 19:28:56,584 [ERROR] LogOutputStream:75 - [STDERR_REDIRECT] 
2025-09-19 19:28:57,587 [ERROR] LogOutputStream:75 - [STDERR_REDIRECT] [Fatal Error] :1:1: Premature end of file.
2025-09-19 19:28:57,587 [ERROR] LogOutputStream:75 - [STDERR_REDIRECT] 
2025-09-19 19:28:58,580 [ERROR] LogOutputStream:75 - [STDERR_REDIRECT] [Fatal Error] :1:1: Premature end of file.
2025-09-19 19:28:58,580 [ERROR] LogOutputStream:75 - [STDERR_REDIRECT] 
2025-09-19 19:28:59,581 [ERROR] LogOutputStream:75 - [STDERR_REDIRECT] [Fatal Error] :1:1: Premature end of file.
2025-09-19 19:28:59,581 [ERROR] LogOutputStream:75 - [STDERR_REDIRECT] 
2025-09-19 19:29:00,601 [ERROR] LogOutputStream:75 - [STDERR_REDIRECT] [Fatal Error] :1:1: Premature end of file.
2025-09-19 19:29:00,601 [ERROR] LogOutputStream:75 - [STDERR_REDIRECT] 
2025-09-19 19:29:01,576 [ERROR] LogOutputStream:75 - [STDERR_REDIRECT] [Fatal Error] :1:1: Premature end of file.
2025-09-19 19:29:01,577 [ERROR] LogOutputStream:75 - [STDERR_REDIRECT] 
2025-09-19 19:29:02,576 [ERROR] LogOutputStream:75 - [STDERR_REDIRECT] [Fatal Error] :1:1: Premature end of file.
2025-09-19 19:29:02,576 [ERROR] LogOutputStream:75 - [STDERR_REDIRECT] 
2025-09-19 19:29:03,583 [ERROR] LogOutputStream:75 - [STDERR_REDIRECT] [Fatal Error] :1:1: Premature end of file.
2025-09-19 19:29:03,583 [ERROR] LogOutputStream:75 - [STDERR_REDIRECT] 
2025-09-19 19:29:04,581 [ERROR] LogOutputStream:75 - [STDERR_REDIRECT] [Fatal Error] :1:1: Premature end of file.
2025-09-19 19:29:04,581 [ERROR] LogOutputStream:75 - [STDERR_REDIRECT] 
2025-09-19 19:29:05,577 [ERROR] LogOutputStream:75 - [STDERR_REDIRECT] [Fatal Error] :1:1: Premature end of file.
2025-09-19 19:29:05,577 [ERROR] LogOutputStream:75 - [STDERR_REDIRECT] 
2025-09-19 19:29:06,574 [ERROR] LogOutputStream:75 - [STDERR_REDIRECT] [Fatal Error] :1:1: Premature end of file.
2025-09-19 19:29:06,574 [ERROR] LogOutputStream:75 - [STDERR_REDIRECT] 
2025-09-19 19:29:07,575 [ERROR] LogOutputStream:75 - [STDERR_REDIRECT] [Fatal Error] :1:1: Premature end of file.
2025-09-19 19:29:07,575 [ERROR] LogOutputStream:75 - [STDERR_REDIRECT] 
2025-09-19 19:29:08,582 [ERROR] LogOutputStream:75 - [STDERR_REDIRECT] [Fatal Error] :1:1: Premature end of file.
2025-09-19 19:29:08,582 [ERROR] LogOutputStream:75 - [STDERR_REDIRECT] 
2025-09-19 19:29:09,575 [ERROR] LogOutputStream:75 - [STDERR_REDIRECT] [Fatal Error] :1:1: Premature end of file.
2025-09-19 19:29:09,575 [ERROR] LogOutputStream:75 - [STDERR_REDIRECT] 
2025-09-19 19:29:10,573 [ERROR] LogOutputStream:75 - [STDERR_REDIRECT] [Fatal Error] :1:1: Premature end of file.
2025-09-19 19:29:10,573 [ERROR] LogOutputStream:75 - [STDERR_REDIRECT] 
2025-09-19 19:29:11,570 [ERROR] LogOutputStream:75 - [STDERR_REDIRECT] [Fatal Error] :1:1: Premature end of file.
2025-09-19 19:29:11,570 [ERROR] LogOutputStream:75 - [STDERR_REDIRECT] 
2025-09-19 19:29:12,586 [ERROR] LogOutputStream:75 - [STDERR_REDIRECT] [Fatal Error] :1:1: Premature end of file.
2025-09-19 19:29:12,586 [ERROR] LogOutputStream:75 - [STDERR_REDIRECT] 
2025-09-19 19:29:13,570 [ERROR] LogOutputStream:75 - [STDERR_REDIRECT] [Fatal Error] :1:1: Premature end of file.
2025-09-19 19:29:13,570 [ERROR] LogOutputStream:75 - [STDERR_REDIRECT] 
2025-09-19 19:29:14,576 [ERROR] LogOutputStream:75 - [STDERR_REDIRECT] [Fatal Error] :1:1: Premature end of file.
2025-09-19 19:29:14,576 [ERROR] LogOutputStream:75 - [STDERR_REDIRECT] 
2025-09-19 19:29:15,573 [ERROR] LogOutputStream:75 - [STDERR_REDIRECT] [Fatal Error] :1:1: Premature end of file.
2025-09-19 19:29:15,573 [ERROR] LogOutputStream:75 - [STDERR_REDIRECT] 
2025-09-19 19:29:16,581 [ERROR] LogOutputStream:75 - [STDERR_REDIRECT] [Fatal Error] :1:1: Premature end of file.
2025-09-19 19:29:16,582 [ERROR] LogOutputStream:75 - [STDERR_REDIRECT] 
2025-09-19 19:29:17,581 [ERROR] LogOutputStream:75 - [STDERR_REDIRECT] [Fatal Error] :1:1: Premature end of file.
2025-09-19 19:29:17,581 [ERROR] LogOutputStream:75 - [STDERR_REDIRECT] 
2025-09-19 19:29:18,618 [ERROR] LogOutputStream:75 - [STDERR_REDIRECT] [Fatal Error] :1:1: Premature end of file.
2025-09-19 19:29:18,618 [ERROR] LogOutputStream:75 - [STDERR_REDIRECT] 
2025-09-19 19:29:19,570 [ERROR] LogOutputStream:75 - [STDERR_REDIRECT] [Fatal Error] :1:1: Premature end of file.
2025-09-19 19:29:19,570 [ERROR] LogOutputStream:75 - [STDERR_REDIRECT] 
2025-09-19 19:29:20,573 [ERROR] LogOutputStream:75 - [STDERR_REDIRECT] [Fatal Error] :1:1: Premature end of file.
2025-09-19 19:29:20,573 [ERROR] LogOutputStream:75 - [STDERR_REDIRECT] 
2025-09-19 19:29:21,574 [ERROR] LogOutputStream:75 - [STDERR_REDIRECT] [Fatal Error] :1:1: Premature end of file.
2025-09-19 19:29:21,574 [ERROR] LogOutputStream:75 - [STDERR_REDIRECT] 
2025-09-19 19:29:22,571 [ERROR] LogOutputStream:75 - [STDERR_REDIRECT] [Fatal Error] :1:1: Premature end of file.
2025-09-19 19:29:22,571 [ERROR] LogOutputStream:75 - [STDERR_REDIRECT] 
2025-09-19 19:29:23,574 [ERROR] LogOutputStream:75 - [STDERR_REDIRECT] [Fatal Error] :1:1: Premature end of file.
2025-09-19 19:29:23,574 [ERROR] LogOutputStream:75 - [STDERR_REDIRECT] 
2025-09-19 19:29:24,583 [ERROR] LogOutputStream:75 - [STDERR_REDIRECT] [Fatal Error] :1:1: Premature end of file.
2025-09-19 19:29:24,583 [ERROR] LogOutputStream:75 - [STDERR_REDIRECT] 
2025-09-19 19:29:25,575 [ERROR] LogOutputStream:75 - [STDERR_REDIRECT] [Fatal Error] :1:1: Premature end of file.
2025-09-19 19:29:25,575 [ERROR] LogOutputStream:75 - [STDERR_REDIRECT] 
2025-09-19 19:29:26,581 [ERROR] LogOutputStream:75 - [STDERR_REDIRECT] [Fatal Error] :1:1: Premature end of file.
2025-09-19 19:29:26,581 [ERROR] LogOutputStream:75 - [STDERR_REDIRECT] 
2025-09-19 19:29:27,584 [ERROR] LogOutputStream:75 - [STDERR_REDIRECT] [Fatal Error] :1:1: Premature end of file.
2025-09-19 19:29:27,584 [ERROR] LogOutputStream:75 - [STDERR_REDIRECT] 
2025-09-19 19:29:28,567 [ERROR] LogOutputStream:75 - [STDERR_REDIRECT] [Fatal Error] :1:1: Premature end of file.
2025-09-19 19:29:28,567 [ERROR] LogOutputStream:75 - [STDERR_REDIRECT] 
2025-09-19 19:29:29,583 [ERROR] LogOutputStream:75 - [STDERR_REDIRECT] [Fatal Error] :1:1: Premature end of file.
2025-09-19 19:29:29,583 [ERROR] LogOutputStream:75 - [STDERR_REDIRECT] 
2025-09-19 19:29:30,568 [ERROR] LogOutputStream:75 - [STDERR_REDIRECT] [Fatal Error] :1:1: Premature end of file.
2025-09-19 19:29:30,568 [ERROR] LogOutputStream:75 - [STDERR_REDIRECT] 
2025-09-19 19:29:31,571 [ERROR] LogOutputStream:75 - [STDERR_REDIRECT] [Fatal Error] :1:1: Premature end of file.
2025-09-19 19:29:31,571 [ERROR] LogOutputStream:75 - [STDERR_REDIRECT] 
2025-09-19 19:29:32,570 [ERROR] LogOutputStream:75 - [STDERR_REDIRECT] [Fatal Error] :1:1: Premature end of file.
2025-09-19 19:29:32,570 [ERROR] LogOutputStream:75 - [STDERR_REDIRECT] 
2025-09-19 19:29:33,586 [ERROR] LogOutputStream:75 - [STDERR_REDIRECT] [Fatal Error] :1:1: Premature end of file.
2025-09-19 19:29:33,586 [ERROR] LogOutputStream:75 - [STDERR_REDIRECT] 
2025-09-19 19:29:34,583 [ERROR] LogOutputStream:75 - [STDERR_REDIRECT] [Fatal Error] :1:1: Premature end of file.
2025-09-19 19:29:34,583 [ERROR] LogOutputStream:75 - [STDERR_REDIRECT] 
2025-09-19 19:29:35,583 [ERROR] LogOutputStream:75 - [STDERR_REDIRECT] [Fatal Error] :1:1: Premature end of file.
2025-09-19 19:29:35,583 [ERROR] LogOutputStream:75 - [STDERR_REDIRECT] 
2025-09-19 19:29:36,586 [ERROR] LogOutputStream:75 - [STDERR_REDIRECT] [Fatal Error] :1:1: Premature end of file.
2025-09-19 19:29:36,587 [ERROR] LogOutputStream:75 - [STDERR_REDIRECT] 
2025-09-19 19:29:37,581 [ERROR] LogOutputStream:75 - [STDERR_REDIRECT] [Fatal Error] :1:1: Premature end of file.
2025-09-19 19:29:37,581 [ERROR] LogOutputStream:75 - [STDERR_REDIRECT] 
2025-09-19 19:29:38,569 [ERROR] LogOutputStream:75 - [STDERR_REDIRECT] [Fatal Error] :1:1: Premature end of file.
2025-09-19 19:29:38,569 [ERROR] LogOutputStream:75 - [STDERR_REDIRECT] 
2025-09-19 19:29:39,575 [ERROR] LogOutputStream:75 - [STDERR_REDIRECT] [Fatal Error] :1:1: Premature end of file.
2025-09-19 19:29:39,575 [ERROR] LogOutputStream:75 - [STDERR_REDIRECT] 
2025-09-19 19:29:40,577 [ERROR] LogOutputStream:75 - [STDERR_REDIRECT] [Fatal Error] :1:1: Premature end of file.
2025-09-19 19:29:40,577 [ERROR] LogOutputStream:75 - [STDERR_REDIRECT] 
2025-09-19 19:29:41,581 [ERROR] LogOutputStream:75 - [STDERR_REDIRECT] [Fatal Error] :1:1: Premature end of file.
2025-09-19 19:29:41,581 [ERROR] LogOutputStream:75 - [STDERR_REDIRECT] 
2025-09-19 19:29:42,621 [ERROR] LogOutputStream:75 - [STDERR_REDIRECT] [Fatal Error] :1:1: Premature end of file.
2025-09-19 19:29:42,623 [ERROR] LogOutputStream:75 - [STDERR_REDIRECT] 
2025-09-19 19:29:43,573 [ERROR] LogOutputStream:75 - [STDERR_REDIRECT] [Fatal Error] :1:1: Premature end of file.
2025-09-19 19:29:43,573 [ERROR] LogOutputStream:75 - [STDERR_REDIRECT] 
2025-09-19 19:29:44,576 [ERROR] LogOutputStream:75 - [STDERR_REDIRECT] [Fatal Error] :1:1: Premature end of file.
2025-09-19 19:29:44,576 [ERROR] LogOutputStream:75 - [STDERR_REDIRECT] 
2025-09-19 19:29:45,576 [ERROR] LogOutputStream:75 - [STDERR_REDIRECT] [Fatal Error] :1:1: Premature end of file.
2025-09-19 19:29:45,576 [ERROR] LogOutputStream:75 - [STDERR_REDIRECT] 
2025-09-19 19:29:46,585 [ERROR] LogOutputStream:75 - [STDERR_REDIRECT] [Fatal Error] :1:1: Premature end of file.
2025-09-19 19:29:46,585 [ERROR] LogOutputStream:75 - [STDERR_REDIRECT] 
2025-09-19 19:29:47,575 [ERROR] LogOutputStream:75 - [STDERR_REDIRECT] [Fatal Error] :1:1: Premature end of file.
2025-09-19 19:29:47,575 [ERROR] LogOutputStream:75 - [STDERR_REDIRECT] 
2025-09-19 19:29:48,589 [ERROR] LogOutputStream:75 - [STDERR_REDIRECT] [Fatal Error] :1:1: Premature end of file.
2025-09-19 19:29:48,589 [ERROR] LogOutputStream:75 - [STDERR_REDIRECT] 
2025-09-19 19:29:49,577 [ERROR] LogOutputStream:75 - [STDERR_REDIRECT] [Fatal Error] :1:1: Premature end of file.
2025-09-19 19:29:49,577 [ERROR] LogOutputStream:75 - [STDERR_REDIRECT] 
2025-09-19 19:29:50,576 [ERROR] LogOutputStream:75 - [STDERR_REDIRECT] [Fatal Error] :1:1: Premature end of file.
2025-09-19 19:29:50,576 [ERROR] LogOutputStream:75 - [STDERR_REDIRECT] 
2025-09-19 19:29:51,586 [ERROR] LogOutputStream:75 - [STDERR_REDIRECT] [Fatal Error] :1:1: Premature end of file.
2025-09-19 19:29:51,586 [ERROR] LogOutputStream:75 - [STDERR_REDIRECT] 
2025-09-19 19:29:52,598 [ERROR] LogOutputStream:75 - [STDERR_REDIRECT] [Fatal Error] :1:1: Premature end of file.
2025-09-19 19:29:52,598 [ERROR] LogOutputStream:75 - [STDERR_REDIRECT] 
2025-09-19 19:29:53,576 [ERROR] LogOutputStream:75 - [STDERR_REDIRECT] [Fatal Error] :1:1: Premature end of file.
2025-09-19 19:29:53,576 [ERROR] LogOutputStream:75 - [STDERR_REDIRECT] 
2025-09-19 19:29:54,571 [ERROR] LogOutputStream:75 - [STDERR_REDIRECT] [Fatal Error] :1:1: Premature end of file.
2025-09-19 19:29:54,571 [ERROR] LogOutputStream:75 - [STDERR_REDIRECT] 
2025-09-19 19:29:55,574 [ERROR] LogOutputStream:75 - [STDERR_REDIRECT] [Fatal Error] :1:1: Premature end of file.
2025-09-19 19:29:55,575 [ERROR] LogOutputStream:75 - [STDERR_REDIRECT] 
2025-09-19 19:29:56,576 [ERROR] LogOutputStream:75 - [STDERR_REDIRECT] [Fatal Error] :1:1: Premature end of file.
2025-09-19 19:29:56,576 [ERROR] LogOutputStream:75 - [STDERR_REDIRECT] 
2025-09-19 19:29:57,591 [ERROR] LogOutputStream:75 - [STDERR_REDIRECT] [Fatal Error] :1:1: Premature end of file.
2025-09-19 19:29:57,591 [ERROR] LogOutputStream:75 - [STDERR_REDIRECT] 
2025-09-19 19:29:58,580 [ERROR] LogOutputStream:75 - [STDERR_REDIRECT] [Fatal Error] :1:1: Premature end of file.
2025-09-19 19:29:58,580 [ERROR] LogOutputStream:75 - [STDERR_REDIRECT] 
2025-09-19 19:29:59,580 [ERROR] LogOutputStream:75 - [STDERR_REDIRECT] [Fatal Error] :1:1: Premature end of file.
2025-09-19 19:29:59,580 [ERROR] LogOutputStream:75 - [STDERR_REDIRECT] 
2025-09-19 19:30:00,594 [ERROR] LogOutputStream:75 - [STDERR_REDIRECT] [Fatal Error] :1:1: Premature end of file.
2025-09-19 19:30:00,594 [ERROR] LogOutputStream:75 - [STDERR_REDIRECT] 
2025-09-19 19:30:01,584 [ERROR] LogOutputStream:75 - [STDERR_REDIRECT] [Fatal Error] :1:1: Premature end of file.
2025-09-19 19:30:01,584 [ERROR] LogOutputStream:75 - [STDERR_REDIRECT] 
2025-09-19 19:30:02,567 [ERROR] LogOutputStream:75 - [STDERR_REDIRECT] [Fatal Error] :1:1: Premature end of file.
2025-09-19 19:30:02,569 [ERROR] LogOutputStream:75 - [STDERR_REDIRECT] 
2025-09-19 19:30:03,578 [ERROR] LogOutputStream:75 - [STDERR_REDIRECT] [Fatal Error] :1:1: Premature end of file.
2025-09-19 19:30:03,578 [ERROR] LogOutputStream:75 - [STDERR_REDIRECT] 
2025-09-19 19:30:04,571 [ERROR] LogOutputStream:75 - [STDERR_REDIRECT] [Fatal Error] :1:1: Premature end of file.
2025-09-19 19:30:04,571 [ERROR] LogOutputStream:75 - [STDERR_REDIRECT] 
2025-09-19 19:30:05,572 [ERROR] LogOutputStream:75 - [STDERR_REDIRECT] [Fatal Error] :1:1: Premature end of file.
2025-09-19 19:30:05,572 [ERROR] LogOutputStream:75 - [STDERR_REDIRECT] 
2025-09-19 19:30:06,577 [ERROR] LogOutputStream:75 - [STDERR_REDIRECT] [Fatal Error] :1:1: Premature end of file.
2025-09-19 19:30:06,577 [ERROR] LogOutputStream:75 - [STDERR_REDIRECT] 
2025-09-19 19:30:07,573 [ERROR] LogOutputStream:75 - [STDERR_REDIRECT] [Fatal Error] :1:1: Premature end of file.
2025-09-19 19:30:07,573 [ERROR] LogOutputStream:75 - [STDERR_REDIRECT] 
2025-09-19 19:30:08,576 [ERROR] LogOutputStream:75 - [STDERR_REDIRECT] [Fatal Error] :1:1: Premature end of file.
2025-09-19 19:30:08,576 [ERROR] LogOutputStream:75 - [STDERR_REDIRECT] 
2025-09-19 19:30:09,573 [ERROR] LogOutputStream:75 - [STDERR_REDIRECT] [Fatal Error] :1:1: Premature end of file.
2025-09-19 19:30:09,573 [ERROR] LogOutputStream:75 - [STDERR_REDIRECT] 
2025-09-19 19:30:10,581 [ERROR] LogOutputStream:75 - [STDERR_REDIRECT] [Fatal Error] :1:1: Premature end of file.
2025-09-19 19:30:10,581 [ERROR] LogOutputStream:75 - [STDERR_REDIRECT] 
2025-09-19 19:30:11,579 [ERROR] LogOutputStream:75 - [STDERR_REDIRECT] [Fatal Error] :1:1: Premature end of file.
2025-09-19 19:30:11,579 [ERROR] LogOutputStream:75 - [STDERR_REDIRECT] 
2025-09-19 19:30:12,590 [ERROR] LogOutputStream:75 - [STDERR_REDIRECT] [Fatal Error] :1:1: Premature end of file.
2025-09-19 19:30:12,590 [ERROR] LogOutputStream:75 - [STDERR_REDIRECT] 
2025-09-19 19:30:13,580 [ERROR] LogOutputStream:75 - [STDERR_REDIRECT] [Fatal Error] :1:1: Premature end of file.
2025-09-19 19:30:13,581 [ERROR] LogOutputStream:75 - [STDERR_REDIRECT] 
2025-09-19 19:30:14,578 [ERROR] LogOutputStream:75 - [STDERR_REDIRECT] [Fatal Error] :1:1: Premature end of file.
2025-09-19 19:30:14,578 [ERROR] LogOutputStream:75 - [STDERR_REDIRECT] 
2025-09-19 19:30:15,569 [ERROR] LogOutputStream:75 - [STDERR_REDIRECT] [Fatal Error] :1:1: Premature end of file.
2025-09-19 19:30:15,570 [ERROR] LogOutputStream:75 - [STDERR_REDIRECT] 
2025-09-19 19:30:16,579 [ERROR] LogOutputStream:75 - [STDERR_REDIRECT] [Fatal Error] :1:1: Premature end of file.
2025-09-19 19:30:16,579 [ERROR] LogOutputStream:75 - [STDERR_REDIRECT] 
2025-09-19 19:30:17,574 [ERROR] LogOutputStream:75 - [STDERR_REDIRECT] [Fatal Error] :1:1: Premature end of file.
2025-09-19 19:30:17,574 [ERROR] LogOutputStream:75 - [STDERR_REDIRECT] 
2025-09-19 19:30:18,581 [ERROR] LogOutputStream:75 - [STDERR_REDIRECT] [Fatal Error] :1:1: Premature end of file.
2025-09-19 19:30:18,581 [ERROR] LogOutputStream:75 - [STDERR_REDIRECT] 
2025-09-19 19:30:19,585 [ERROR] LogOutputStream:75 - [STDERR_REDIRECT] [Fatal Error] :1:1: Premature end of file.
2025-09-19 19:30:19,585 [ERROR] LogOutputStream:75 - [STDERR_REDIRECT] 
2025-09-19 19:30:20,567 [ERROR] LogOutputStream:75 - [STDERR_REDIRECT] [Fatal Error] :1:1: Premature end of file.
2025-09-19 19:30:20,567 [ERROR] LogOutputStream:75 - [STDERR_REDIRECT] 
2025-09-19 19:30:21,568 [ERROR] LogOutputStream:75 - [STDERR_REDIRECT] [Fatal Error] :1:1: Premature end of file.
2025-09-19 19:30:21,568 [ERROR] LogOutputStream:75 - [STDERR_REDIRECT] 
2025-09-19 19:30:22,569 [ERROR] LogOutputStream:75 - [STDERR_REDIRECT] [Fatal Error] :1:1: Premature end of file.
2025-09-19 19:30:22,569 [ERROR] LogOutputStream:75 - [STDERR_REDIRECT] 
2025-09-19 19:30:23,569 [ERROR] LogOutputStream:75 - [STDERR_REDIRECT] [Fatal Error] :1:1: Premature end of file.
2025-09-19 19:30:23,569 [ERROR] LogOutputStream:75 - [STDERR_REDIRECT] 
2025-09-19 19:30:24,624 [ERROR] LogOutputStream:75 - [STDERR_REDIRECT] [Fatal Error] :1:1: Premature end of file.
2025-09-19 19:30:24,624 [ERROR] LogOutputStream:75 - [STDERR_REDIRECT] 
2025-09-19 19:30:25,586 [ERROR] LogOutputStream:75 - [STDERR_REDIRECT] [Fatal Error] :1:1: Premature end of file.
2025-09-19 19:30:25,586 [ERROR] LogOutputStream:75 - [STDERR_REDIRECT] 
2025-09-19 19:30:26,586 [ERROR] LogOutputStream:75 - [STDERR_REDIRECT] [Fatal Error] :1:1: Premature end of file.
2025-09-19 19:30:26,587 [ERROR] LogOutputStream:75 - [STDERR_REDIRECT] 
2025-09-19 19:30:27,577 [ERROR] LogOutputStream:75 - [STDERR_REDIRECT] [Fatal Error] :1:1: Premature end of file.
2025-09-19 19:30:27,577 [ERROR] LogOutputStream:75 - [STDERR_REDIRECT] 
2025-09-19 19:30:28,568 [ERROR] LogOutputStream:75 - [STDERR_REDIRECT] [Fatal Error] :1:1: Premature end of file.
2025-09-19 19:30:28,568 [ERROR] LogOutputStream:75 - [STDERR_REDIRECT] 
2025-09-19 19:30:29,574 [ERROR] LogOutputStream:75 - [STDERR_REDIRECT] [Fatal Error] :1:1: Premature end of file.
2025-09-19 19:30:29,574 [ERROR] LogOutputStream:75 - [STDERR_REDIRECT] 
2025-09-19 19:30:30,574 [ERROR] LogOutputStream:75 - [STDERR_REDIRECT] [Fatal Error] :1:1: Premature end of file.
2025-09-19 19:30:30,574 [ERROR] LogOutputStream:75 - [STDERR_REDIRECT] 
2025-09-19 19:30:31,571 [ERROR] LogOutputStream:75 - [STDERR_REDIRECT] [Fatal Error] :1:1: Premature end of file.
2025-09-19 19:30:31,571 [ERROR] LogOutputStream:75 - [STDERR_REDIRECT] 
2025-09-19 19:30:32,573 [ERROR] LogOutputStream:75 - [STDERR_REDIRECT] [Fatal Error] :1:1: Premature end of file.
2025-09-19 19:30:32,573 [ERROR] LogOutputStream:75 - [STDERR_REDIRECT] 
2025-09-19 19:30:33,574 [ERROR] LogOutputStream:75 - [STDERR_REDIRECT] [Fatal Error] :1:1: Premature end of file.
2025-09-19 19:30:33,574 [ERROR] LogOutputStream:75 - [STDERR_REDIRECT] 
2025-09-19 19:30:34,571 [ERROR] LogOutputStream:75 - [STDERR_REDIRECT] [Fatal Error] :1:1: Premature end of file.
2025-09-19 19:30:34,571 [ERROR] LogOutputStream:75 - [STDERR_REDIRECT] 
2025-09-19 19:30:35,574 [ERROR] LogOutputStream:75 - [STDERR_REDIRECT] [Fatal Error] :1:1: Premature end of file.
2025-09-19 19:30:35,574 [ERROR] LogOutputStream:75 - [STDERR_REDIRECT] 
2025-09-19 19:30:36,578 [ERROR] LogOutputStream:75 - [STDERR_REDIRECT] [Fatal Error] :1:1: Premature end of file.
2025-09-19 19:30:36,578 [ERROR] LogOutputStream:75 - [STDERR_REDIRECT] 
2025-09-19 19:30:37,566 [ERROR] LogOutputStream:75 - [STDERR_REDIRECT] [Fatal Error] :1:1: Premature end of file.
2025-09-19 19:30:37,567 [ERROR] LogOutputStream:75 - [STDERR_REDIRECT] 
2025-09-19 19:30:38,580 [ERROR] LogOutputStream:75 - [STDERR_REDIRECT] [Fatal Error] :1:1: Premature end of file.
2025-09-19 19:30:38,580 [ERROR] LogOutputStream:75 - [STDERR_REDIRECT] 
2025-09-19 19:30:39,582 [ERROR] LogOutputStream:75 - [STDERR_REDIRECT] [Fatal Error] :1:1: Premature end of file.
2025-09-19 19:30:39,582 [ERROR] LogOutputStream:75 - [STDERR_REDIRECT] 
2025-09-19 19:30:40,567 [ERROR] LogOutputStream:75 - [STDERR_REDIRECT] [Fatal Error] :1:1: Premature end of file.
2025-09-19 19:30:40,567 [ERROR] LogOutputStream:75 - [STDERR_REDIRECT] 
2025-09-19 19:30:41,571 [ERROR] LogOutputStream:75 - [STDERR_REDIRECT] [Fatal Error] :1:1: Premature end of file.
2025-09-19 19:30:41,571 [ERROR] LogOutputStream:75 - [STDERR_REDIRECT] 
2025-09-19 19:30:42,676 [ERROR] LogOutputStream:75 - [STDERR_REDIRECT] [Fatal Error] :1:1: Premature end of file.
2025-09-19 19:30:42,676 [ERROR] LogOutputStream:75 - [STDERR_REDIRECT] 
2025-09-19 19:30:43,573 [ERROR] LogOutputStream:75 - [STDERR_REDIRECT] [Fatal Error] :1:1: Premature end of file.
2025-09-19 19:30:43,573 [ERROR] LogOutputStream:75 - [STDERR_REDIRECT] 
2025-09-19 19:30:44,575 [ERROR] LogOutputStream:75 - [STDERR_REDIRECT] [Fatal Error] :1:1: Premature end of file.
2025-09-19 19:30:44,575 [ERROR] LogOutputStream:75 - [STDERR_REDIRECT] 
2025-09-19 19:30:45,571 [ERROR] LogOutputStream:75 - [STDERR_REDIRECT] [Fatal Error] :1:1: Premature end of file.
2025-09-19 19:30:45,571 [ERROR] LogOutputStream:75 - [STDERR_REDIRECT] 
2025-09-19 19:30:46,585 [ERROR] LogOutputStream:75 - [STDERR_REDIRECT] [Fatal Error] :1:1: Premature end of file.
2025-09-19 19:30:46,585 [ERROR] LogOutputStream:75 - [STDERR_REDIRECT] 
2025-09-19 19:30:47,583 [ERROR] LogOutputStream:75 - [STDERR_REDIRECT] [Fatal Error] :1:1: Premature end of file.
2025-09-19 19:30:47,583 [ERROR] LogOutputStream:75 - [STDERR_REDIRECT] 
2025-09-19 19:30:48,573 [ERROR] LogOutputStream:75 - [STDERR_REDIRECT] [Fatal Error] :1:1: Premature end of file.
2025-09-19 19:30:48,573 [ERROR] LogOutputStream:75 - [STDERR_REDIRECT] 
2025-09-19 19:30:49,578 [ERROR] LogOutputStream:75 - [STDERR_REDIRECT] [Fatal Error] :1:1: Premature end of file.
2025-09-19 19:30:49,578 [ERROR] LogOutputStream:75 - [STDERR_REDIRECT] 
2025-09-19 19:30:50,580 [ERROR] LogOutputStream:75 - [STDERR_REDIRECT] [Fatal Error] :1:1: Premature end of file.
2025-09-19 19:30:50,580 [ERROR] LogOutputStream:75 - [STDERR_REDIRECT] 
2025-09-19 19:30:51,586 [ERROR] LogOutputStream:75 - [STDERR_REDIRECT] [Fatal Error] :1:1: Premature end of file.
2025-09-19 19:30:51,586 [ERROR] LogOutputStream:75 - [STDERR_REDIRECT] 
2025-09-19 19:30:52,569 [ERROR] LogOutputStream:75 - [STDERR_REDIRECT] [Fatal Error] :1:1: Premature end of file.
2025-09-19 19:30:52,569 [ERROR] LogOutputStream:75 - [STDERR_REDIRECT] 
2025-09-19 19:30:53,568 [ERROR] LogOutputStream:75 - [STDERR_REDIRECT] [Fatal Error] :1:1: Premature end of file.
2025-09-19 19:30:53,568 [ERROR] LogOutputStream:75 - [STDERR_REDIRECT] 
2025-09-19 19:30:54,572 [ERROR] LogOutputStream:75 - [STDERR_REDIRECT] [Fatal Error] :1:1: Premature end of file.
2025-09-19 19:30:54,572 [ERROR] LogOutputStream:75 - [STDERR_REDIRECT] 
2025-09-19 19:30:55,567 [ERROR] LogOutputStream:75 - [STDERR_REDIRECT] [Fatal Error] :1:1: Premature end of file.
2025-09-19 19:30:55,567 [ERROR] LogOutputStream:75 - [STDERR_REDIRECT] 
2025-09-19 19:30:56,574 [ERROR] LogOutputStream:75 - [STDERR_REDIRECT] [Fatal Error] :1:1: Premature end of file.
2025-09-19 19:30:56,575 [ERROR] LogOutputStream:75 - [STDERR_REDIRECT] 
2025-09-19 19:30:57,578 [ERROR] LogOutputStream:75 - [STDERR_REDIRECT] [Fatal Error] :1:1: Premature end of file.
2025-09-19 19:30:57,579 [ERROR] LogOutputStream:75 - [STDERR_REDIRECT] 
2025-09-19 19:30:58,575 [ERROR] LogOutputStream:75 - [STDERR_REDIRECT] [Fatal Error] :1:1: Premature end of file.
2025-09-19 19:30:58,576 [ERROR] LogOutputStream:75 - [STDERR_REDIRECT] 
2025-09-19 19:30:59,575 [ERROR] LogOutputStream:75 - [STDERR_REDIRECT] [Fatal Error] :1:1: Premature end of file.
2025-09-19 19:30:59,575 [ERROR] LogOutputStream:75 - [STDERR_REDIRECT] 
2025-09-19 19:31:00,571 [ERROR] LogOutputStream:75 - [STDERR_REDIRECT] [Fatal Error] :1:1: Premature end of file.
2025-09-19 19:31:00,571 [ERROR] LogOutputStream:75 - [STDERR_REDIRECT] 
2025-09-19 19:31:01,576 [ERROR] LogOutputStream:75 - [STDERR_REDIRECT] [Fatal Error] :1:1: Premature end of file.
2025-09-19 19:31:01,576 [ERROR] LogOutputStream:75 - [STDERR_REDIRECT] 
2025-09-19 19:31:02,579 [ERROR] LogOutputStream:75 - [STDERR_REDIRECT] [Fatal Error] :1:1: Premature end of file.
2025-09-19 19:31:02,579 [ERROR] LogOutputStream:75 - [STDERR_REDIRECT] 
2025-09-19 19:31:03,585 [ERROR] LogOutputStream:75 - [STDERR_REDIRECT] [Fatal Error] :1:1: Premature end of file.
2025-09-19 19:31:03,585 [ERROR] LogOutputStream:75 - [STDERR_REDIRECT] 
2025-09-19 19:31:04,585 [ERROR] LogOutputStream:75 - [STDERR_REDIRECT] [Fatal Error] :1:1: Premature end of file.
2025-09-19 19:31:04,585 [ERROR] LogOutputStream:75 - [STDERR_REDIRECT] 
2025-09-19 19:31:05,576 [ERROR] LogOutputStream:75 - [STDERR_REDIRECT] [Fatal Error] :1:1: Premature end of file.
2025-09-19 19:31:05,576 [ERROR] LogOutputStream:75 - [STDERR_REDIRECT] 
2025-09-19 19:31:06,568 [ERROR] LogOutputStream:75 - [STDERR_REDIRECT] [Fatal Error] :1:1: Premature end of file.
2025-09-19 19:31:06,568 [ERROR] LogOutputStream:75 - [STDERR_REDIRECT] 
2025-09-19 19:31:07,587 [ERROR] LogOutputStream:75 - [STDERR_REDIRECT] [Fatal Error] :1:1: Premature end of file.
2025-09-19 19:31:07,588 [ERROR] LogOutputStream:75 - [STDERR_REDIRECT] 
2025-09-19 19:31:08,587 [ERROR] LogOutputStream:75 - [STDERR_REDIRECT] [Fatal Error] :1:1: Premature end of file.
2025-09-19 19:31:08,587 [ERROR] LogOutputStream:75 - [STDERR_REDIRECT] 
2025-09-19 19:31:09,576 [ERROR] LogOutputStream:75 - [STDERR_REDIRECT] [Fatal Error] :1:1: Premature end of file.
2025-09-19 19:31:09,576 [ERROR] LogOutputStream:75 - [STDERR_REDIRECT] 
2025-09-19 19:31:10,572 [ERROR] LogOutputStream:75 - [STDERR_REDIRECT] [Fatal Error] :1:1: Premature end of file.
2025-09-19 19:31:10,572 [ERROR] LogOutputStream:75 - [STDERR_REDIRECT] 
2025-09-19 19:31:11,583 [ERROR] LogOutputStream:75 - [STDERR_REDIRECT] [Fatal Error] :1:1: Premature end of file.
2025-09-19 19:31:11,583 [ERROR] LogOutputStream:75 - [STDERR_REDIRECT] 
2025-09-19 19:31:12,577 [ERROR] LogOutputStream:75 - [STDERR_REDIRECT] [Fatal Error] :1:1: Premature end of file.
2025-09-19 19:31:12,577 [ERROR] LogOutputStream:75 - [STDERR_REDIRECT] 
2025-09-19 19:31:13,571 [ERROR] LogOutputStream:75 - [STDERR_REDIRECT] [Fatal Error] :1:1: Premature end of file.
2025-09-19 19:31:13,571 [ERROR] LogOutputStream:75 - [STDERR_REDIRECT] 
2025-09-19 19:31:14,574 [ERROR] LogOutputStream:75 - [STDERR_REDIRECT] [Fatal Error] :1:1: Premature end of file.
2025-09-19 19:31:14,575 [ERROR] LogOutputStream:75 - [STDERR_REDIRECT] 
2025-09-19 19:31:15,571 [ERROR] LogOutputStream:75 - [STDERR_REDIRECT] [Fatal Error] :1:1: Premature end of file.
2025-09-19 19:31:15,571 [ERROR] LogOutputStream:75 - [STDERR_REDIRECT] 
2025-09-19 19:31:16,583 [ERROR] LogOutputStream:75 - [STDERR_REDIRECT] [Fatal Error] :1:1: Premature end of file.
2025-09-19 19:31:16,583 [ERROR] LogOutputStream:75 - [STDERR_REDIRECT] 
2025-09-19 19:31:17,571 [ERROR] LogOutputStream:75 - [STDERR_REDIRECT] [Fatal Error] :1:1: Premature end of file.
2025-09-19 19:31:17,571 [ERROR] LogOutputStream:75 - [STDERR_REDIRECT] 
2025-09-19 19:31:18,584 [ERROR] LogOutputStream:75 - [STDERR_REDIRECT] [Fatal Error] :1:1: Premature end of file.
2025-09-19 19:31:18,584 [ERROR] LogOutputStream:75 - [STDERR_REDIRECT] 
2025-09-19 19:31:19,568 [ERROR] LogOutputStream:75 - [STDERR_REDIRECT] [Fatal Error] :1:1: Premature end of file.
2025-09-19 19:31:19,568 [ERROR] LogOutputStream:75 - [STDERR_REDIRECT] 
2025-09-19 19:31:20,576 [ERROR] LogOutputStream:75 - [STDERR_REDIRECT] [Fatal Error] :1:1: Premature end of file.
2025-09-19 19:31:20,576 [ERROR] LogOutputStream:75 - [STDERR_REDIRECT] 
2025-09-19 19:31:21,578 [ERROR] LogOutputStream:75 - [STDERR_REDIRECT] [Fatal Error] :1:1: Premature end of file.
2025-09-19 19:31:21,578 [ERROR] LogOutputStream:75 - [STDERR_REDIRECT] 
2025-09-19 19:31:22,574 [ERROR] LogOutputStream:75 - [STDERR_REDIRECT] [Fatal Error] :1:1: Premature end of file.
2025-09-19 19:31:22,574 [ERROR] LogOutputStream:75 - [STDERR_REDIRECT] 
2025-09-19 19:31:23,574 [ERROR] LogOutputStream:75 - [STDERR_REDIRECT] [Fatal Error] :1:1: Premature end of file.
2025-09-19 19:31:23,574 [ERROR] LogOutputStream:75 - [STDERR_REDIRECT] 
2025-09-19 19:31:24,580 [ERROR] LogOutputStream:75 - [STDERR_REDIRECT] [Fatal Error] :1:1: Premature end of file.
2025-09-19 19:31:24,580 [ERROR] LogOutputStream:75 - [STDERR_REDIRECT] 
2025-09-19 19:31:25,578 [ERROR] LogOutputStream:75 - [STDERR_REDIRECT] [Fatal Error] :1:1: Premature end of file.
2025-09-19 19:31:25,578 [ERROR] LogOutputStream:75 - [STDERR_REDIRECT] 
2025-09-19 19:31:26,579 [ERROR] LogOutputStream:75 - [STDERR_REDIRECT] [Fatal Error] :1:1: Premature end of file.
2025-09-19 19:31:26,579 [ERROR] LogOutputStream:75 - [STDERR_REDIRECT] 
2025-09-19 19:31:27,581 [ERROR] LogOutputStream:75 - [STDERR_REDIRECT] [Fatal Error] :1:1: Premature end of file.
2025-09-19 19:31:27,581 [ERROR] LogOutputStream:75 - [STDERR_REDIRECT] 
2025-09-19 19:31:28,581 [ERROR] LogOutputStream:75 - [STDERR_REDIRECT] [Fatal Error] :1:1: Premature end of file.
2025-09-19 19:31:28,583 [ERROR] LogOutputStream:75 - [STDERR_REDIRECT] 
2025-09-19 19:31:29,571 [ERROR] LogOutputStream:75 - [STDERR_REDIRECT] [Fatal Error] :1:1: Premature end of file.
2025-09-19 19:31:29,571 [ERROR] LogOutputStream:75 - [STDERR_REDIRECT] 
2025-09-19 19:31:30,595 [ERROR] LogOutputStream:75 - [STDERR_REDIRECT] [Fatal Error] :1:1: Premature end of file.
2025-09-19 19:31:30,595 [ERROR] LogOutputStream:75 - [STDERR_REDIRECT] 
2025-09-19 19:31:31,575 [ERROR] LogOutputStream:75 - [STDERR_REDIRECT] [Fatal Error] :1:1: Premature end of file.
2025-09-19 19:31:31,575 [ERROR] LogOutputStream:75 - [STDERR_REDIRECT] 
2025-09-19 19:31:32,568 [ERROR] LogOutputStream:75 - [STDERR_REDIRECT] [Fatal Error] :1:1: Premature end of file.
2025-09-19 19:31:32,568 [ERROR] LogOutputStream:75 - [STDERR_REDIRECT] 
2025-09-19 19:31:33,570 [ERROR] LogOutputStream:75 - [STDERR_REDIRECT] [Fatal Error] :1:1: Premature end of file.
2025-09-19 19:31:33,570 [ERROR] LogOutputStream:75 - [STDERR_REDIRECT] 
2025-09-19 19:31:34,583 [ERROR] LogOutputStream:75 - [STDERR_REDIRECT] [Fatal Error] :1:1: Premature end of file.
2025-09-19 19:31:34,583 [ERROR] LogOutputStream:75 - [STDERR_REDIRECT] 
2025-09-19 19:31:35,581 [ERROR] LogOutputStream:75 - [STDERR_REDIRECT] [Fatal Error] :1:1: Premature end of file.
2025-09-19 19:31:35,581 [ERROR] LogOutputStream:75 - [STDERR_REDIRECT] 
2025-09-19 19:31:36,577 [ERROR] LogOutputStream:75 - [STDERR_REDIRECT] [Fatal Error] :1:1: Premature end of file.
2025-09-19 19:31:36,577 [ERROR] LogOutputStream:75 - [STDERR_REDIRECT] 
2025-09-19 19:31:37,577 [ERROR] LogOutputStream:75 - [STDERR_REDIRECT] [Fatal Error] :1:1: Premature end of file.
2025-09-19 19:31:37,577 [ERROR] LogOutputStream:75 - [STDERR_REDIRECT] 
2025-09-19 19:31:38,574 [ERROR] LogOutputStream:75 - [STDERR_REDIRECT] [Fatal Error] :1:1: Premature end of file.
2025-09-19 19:31:38,574 [ERROR] LogOutputStream:75 - [STDERR_REDIRECT] 
2025-09-19 19:31:39,576 [ERROR] LogOutputStream:75 - [STDERR_REDIRECT] [Fatal Error] :1:1: Premature end of file.
2025-09-19 19:31:39,576 [ERROR] LogOutputStream:75 - [STDERR_REDIRECT] 
2025-09-19 19:31:40,582 [ERROR] LogOutputStream:75 - [STDERR_REDIRECT] [Fatal Error] :1:1: Premature end of file.
2025-09-19 19:31:40,582 [ERROR] LogOutputStream:75 - [STDERR_REDIRECT] 
2025-09-19 19:31:41,581 [ERROR] LogOutputStream:75 - [STDERR_REDIRECT] [Fatal Error] :1:1: Premature end of file.
2025-09-19 19:31:41,581 [ERROR] LogOutputStream:75 - [STDERR_REDIRECT] 
2025-09-19 19:31:42,588 [ERROR] LogOutputStream:75 - [STDERR_REDIRECT] [Fatal Error] :1:1: Premature end of file.
2025-09-19 19:31:42,588 [ERROR] LogOutputStream:75 - [STDERR_REDIRECT] 
2025-09-19 19:31:43,579 [ERROR] LogOutputStream:75 - [STDERR_REDIRECT] [Fatal Error] :1:1: Premature end of file.
2025-09-19 19:31:43,579 [ERROR] LogOutputStream:75 - [STDERR_REDIRECT] 
2025-09-19 19:31:44,577 [ERROR] LogOutputStream:75 - [STDERR_REDIRECT] [Fatal Error] :1:1: Premature end of file.
2025-09-19 19:31:44,577 [ERROR] LogOutputStream:75 - [STDERR_REDIRECT] 
2025-09-19 19:31:45,584 [ERROR] LogOutputStream:75 - [STDERR_REDIRECT] [Fatal Error] :1:1: Premature end of file.
2025-09-19 19:31:45,584 [ERROR] LogOutputStream:75 - [STDERR_REDIRECT] 
2025-09-19 19:31:46,577 [ERROR] LogOutputStream:75 - [STDERR_REDIRECT] [Fatal Error] :1:1: Premature end of file.
2025-09-19 19:31:46,577 [ERROR] LogOutputStream:75 - [STDERR_REDIRECT] 
2025-09-19 19:31:47,579 [ERROR] LogOutputStream:75 - [STDERR_REDIRECT] [Fatal Error] :1:1: Premature end of file.
2025-09-19 19:31:47,579 [ERROR] LogOutputStream:75 - [STDERR_REDIRECT] 
2025-09-19 19:31:48,579 [ERROR] LogOutputStream:75 - [STDERR_REDIRECT] [Fatal Error] :1:1: Premature end of file.
2025-09-19 19:31:48,579 [ERROR] LogOutputStream:75 - [STDERR_REDIRECT] 
2025-09-19 19:31:49,581 [ERROR] LogOutputStream:75 - [STDERR_REDIRECT] [Fatal Error] :1:1: Premature end of file.
2025-09-19 19:31:49,581 [ERROR] LogOutputStream:75 - [STDERR_REDIRECT] 
2025-09-19 19:31:50,569 [ERROR] LogOutputStream:75 - [STDERR_REDIRECT] [Fatal Error] :1:1: Premature end of file.
2025-09-19 19:31:50,569 [ERROR] LogOutputStream:75 - [STDERR_REDIRECT] 
2025-09-19 19:31:51,569 [ERROR] LogOutputStream:75 - [STDERR_REDIRECT] [Fatal Error] :1:1: Premature end of file.
2025-09-19 19:31:51,569 [ERROR] LogOutputStream:75 - [STDERR_REDIRECT] 
2025-09-19 19:31:52,577 [ERROR] LogOutputStream:75 - [STDERR_REDIRECT] [Fatal Error] :1:1: Premature end of file.
2025-09-19 19:31:52,577 [ERROR] LogOutputStream:75 - [STDERR_REDIRECT] 
2025-09-19 19:31:53,572 [ERROR] LogOutputStream:75 - [STDERR_REDIRECT] [Fatal Error] :1:1: Premature end of file.
2025-09-19 19:31:53,572 [ERROR] LogOutputStream:75 - [STDERR_REDIRECT] 
2025-09-19 19:31:54,582 [ERROR] LogOutputStream:75 - [STDERR_REDIRECT] [Fatal Error] :1:1: Premature end of file.
2025-09-19 19:31:54,582 [ERROR] LogOutputStream:75 - [STDERR_REDIRECT] 
2025-09-19 19:31:55,571 [ERROR] LogOutputStream:75 - [STDERR_REDIRECT] [Fatal Error] :1:1: Premature end of file.
2025-09-19 19:31:55,571 [ERROR] LogOutputStream:75 - [STDERR_REDIRECT] 
2025-09-19 19:31:56,569 [ERROR] LogOutputStream:75 - [STDERR_REDIRECT] [Fatal Error] :1:1: Premature end of file.
2025-09-19 19:31:56,570 [ERROR] LogOutputStream:75 - [STDERR_REDIRECT] 
2025-09-19 19:31:57,567 [ERROR] LogOutputStream:75 - [STDERR_REDIRECT] [Fatal Error] :1:1: Premature end of file.
2025-09-19 19:31:57,567 [ERROR] LogOutputStream:75 - [STDERR_REDIRECT] 
2025-09-19 19:31:58,569 [ERROR] LogOutputStream:75 - [STDERR_REDIRECT] [Fatal Error] :1:1: Premature end of file.
2025-09-19 19:31:58,569 [ERROR] LogOutputStream:75 - [STDERR_REDIRECT] 
2025-09-19 19:31:59,569 [ERROR] LogOutputStream:75 - [STDERR_REDIRECT] [Fatal Error] :1:1: Premature end of file.
2025-09-19 19:31:59,569 [ERROR] LogOutputStream:75 - [STDERR_REDIRECT] 
2025-09-19 19:32:00,568 [ERROR] LogOutputStream:75 - [STDERR_REDIRECT] [Fatal Error] :1:1: Premature end of file.
2025-09-19 19:32:00,569 [ERROR] LogOutputStream:75 - [STDERR_REDIRECT] 
2025-09-19 19:32:01,569 [ERROR] LogOutputStream:75 - [STDERR_REDIRECT] [Fatal Error] :1:1: Premature end of file.
2025-09-19 19:32:01,569 [ERROR] LogOutputStream:75 - [STDERR_REDIRECT] 
2025-09-19 19:32:02,568 [ERROR] LogOutputStream:75 - [STDERR_REDIRECT] [Fatal Error] :1:1: Premature end of file.
2025-09-19 19:32:02,568 [ERROR] LogOutputStream:75 - [STDERR_REDIRECT] 
2025-09-19 19:32:03,576 [ERROR] LogOutputStream:75 - [STDERR_REDIRECT] [Fatal Error] :1:1: Premature end of file.
2025-09-19 19:32:03,576 [ERROR] LogOutputStream:75 - [STDERR_REDIRECT] 
2025-09-19 19:32:04,580 [ERROR] LogOutputStream:75 - [STDERR_REDIRECT] [Fatal Error] :1:1: Premature end of file.
2025-09-19 19:32:04,580 [ERROR] LogOutputStream:75 - [STDERR_REDIRECT] 
2025-09-19 19:32:05,583 [ERROR] LogOutputStream:75 - [STDERR_REDIRECT] [Fatal Error] :1:1: Premature end of file.
2025-09-19 19:32:05,583 [ERROR] LogOutputStream:75 - [STDERR_REDIRECT] 
2025-09-19 19:32:06,576 [ERROR] LogOutputStream:75 - [STDERR_REDIRECT] [Fatal Error] :1:1: Premature end of file.
2025-09-19 19:32:06,576 [ERROR] LogOutputStream:75 - [STDERR_REDIRECT] 
2025-09-19 19:32:07,585 [ERROR] LogOutputStream:75 - [STDERR_REDIRECT] [Fatal Error] :1:1: Premature end of file.
2025-09-19 19:32:07,586 [ERROR] LogOutputStream:75 - [STDERR_REDIRECT] 
2025-09-19 19:32:08,570 [ERROR] LogOutputStream:75 - [STDERR_REDIRECT] [Fatal Error] :1:1: Premature end of file.
2025-09-19 19:32:08,570 [ERROR] LogOutputStream:75 - [STDERR_REDIRECT] 
2025-09-19 19:32:09,581 [ERROR] LogOutputStream:75 - [STDERR_REDIRECT] [Fatal Error] :1:1: Premature end of file.
2025-09-19 19:32:09,581 [ERROR] LogOutputStream:75 - [STDERR_REDIRECT] 
2025-09-19 19:32:10,579 [ERROR] LogOutputStream:75 - [STDERR_REDIRECT] [Fatal Error] :1:1: Premature end of file.
2025-09-19 19:32:10,579 [ERROR] LogOutputStream:75 - [STDERR_REDIRECT] 
2025-09-19 19:32:11,579 [ERROR] LogOutputStream:75 - [STDERR_REDIRECT] [Fatal Error] :1:1: Premature end of file.
2025-09-19 19:32:11,579 [ERROR] LogOutputStream:75 - [STDERR_REDIRECT] 
2025-09-19 19:32:12,580 [ERROR] LogOutputStream:75 - [STDERR_REDIRECT] [Fatal Error] :1:1: Premature end of file.
2025-09-19 19:32:12,581 [ERROR] LogOutputStream:75 - [STDERR_REDIRECT] 
2025-09-19 19:32:13,584 [ERROR] LogOutputStream:75 - [STDERR_REDIRECT] [Fatal Error] :1:1: Premature end of file.
2025-09-19 19:32:13,584 [ERROR] LogOutputStream:75 - [STDERR_REDIRECT] 
2025-09-19 19:32:14,580 [ERROR] LogOutputStream:75 - [STDERR_REDIRECT] [Fatal Error] :1:1: Premature end of file.
2025-09-19 19:32:14,580 [ERROR] LogOutputStream:75 - [STDERR_REDIRECT] 
2025-09-19 19:32:15,589 [ERROR] LogOutputStream:75 - [STDERR_REDIRECT] [Fatal Error] :1:1: Premature end of file.
2025-09-19 19:32:15,589 [ERROR] LogOutputStream:75 - [STDERR_REDIRECT] 
2025-09-19 19:32:16,580 [ERROR] LogOutputStream:75 - [STDERR_REDIRECT] [Fatal Error] :1:1: Premature end of file.
2025-09-19 19:32:16,580 [ERROR] LogOutputStream:75 - [STDERR_REDIRECT] 
2025-09-19 19:32:17,607 [ERROR] LogOutputStream:75 - [STDERR_REDIRECT] [Fatal Error] :1:1: Premature end of file.
2025-09-19 19:32:17,607 [ERROR] LogOutputStream:75 - [STDERR_REDIRECT] 
2025-09-19 19:32:18,722 [ERROR] LogOutputStream:75 - [STDERR_REDIRECT] [Fatal Error] :1:1: Premature end of file.
2025-09-19 19:32:18,722 [ERROR] LogOutputStream:75 - [STDERR_REDIRECT] 
2025-09-19 19:32:19,588 [ERROR] LogOutputStream:75 - [STDERR_REDIRECT] [Fatal Error] :1:1: Premature end of file.
2025-09-19 19:32:19,588 [ERROR] LogOutputStream:75 - [STDERR_REDIRECT] 
2025-09-19 19:32:20,586 [ERROR] LogOutputStream:75 - [STDERR_REDIRECT] [Fatal Error] :1:1: Premature end of file.
2025-09-19 19:32:20,586 [ERROR] LogOutputStream:75 - [STDERR_REDIRECT] 
2025-09-19 19:32:21,589 [ERROR] LogOutputStream:75 - [STDERR_REDIRECT] [Fatal Error] :1:1: Premature end of file.
2025-09-19 19:32:21,589 [ERROR] LogOutputStream:75 - [STDERR_REDIRECT] 
2025-09-19 19:32:22,590 [ERROR] LogOutputStream:75 - [STDERR_REDIRECT] [Fatal Error] :1:1: Premature end of file.
2025-09-19 19:32:22,591 [ERROR] LogOutputStream:75 - [STDERR_REDIRECT] 
2025-09-19 19:32:23,579 [ERROR] LogOutputStream:75 - [STDERR_REDIRECT] [Fatal Error] :1:1: Premature end of file.
2025-09-19 19:32:23,579 [ERROR] LogOutputStream:75 - [STDERR_REDIRECT] 
2025-09-19 19:32:24,581 [ERROR] LogOutputStream:75 - [STDERR_REDIRECT] [Fatal Error] :1:1: Premature end of file.
2025-09-19 19:32:24,581 [ERROR] LogOutputStream:75 - [STDERR_REDIRECT] 
2025-09-19 19:32:25,579 [ERROR] LogOutputStream:75 - [STDERR_REDIRECT] [Fatal Error] :1:1: Premature end of file.
2025-09-19 19:32:25,580 [ERROR] LogOutputStream:75 - [STDERR_REDIRECT] 
2025-09-19 19:32:26,597 [ERROR] LogOutputStream:75 - [STDERR_REDIRECT] [Fatal Error] :1:1: Premature end of file.
2025-09-19 19:32:26,597 [ERROR] LogOutputStream:75 - [STDERR_REDIRECT] 
2025-09-19 19:32:27,584 [ERROR] LogOutputStream:75 - [STDERR_REDIRECT] [Fatal Error] :1:1: Premature end of file.
2025-09-19 19:32:27,584 [ERROR] LogOutputStream:75 - [STDERR_REDIRECT] 
2025-09-19 19:32:28,572 [ERROR] LogOutputStream:75 - [STDERR_REDIRECT] [Fatal Error] :1:1: Premature end of file.
2025-09-19 19:32:28,572 [ERROR] LogOutputStream:75 - [STDERR_REDIRECT] 
2025-09-19 19:32:29,579 [ERROR] LogOutputStream:75 - [STDERR_REDIRECT] [Fatal Error] :1:1: Premature end of file.
2025-09-19 19:32:29,579 [ERROR] LogOutputStream:75 - [STDERR_REDIRECT] 
2025-09-19 19:32:30,571 [ERROR] LogOutputStream:75 - [STDERR_REDIRECT] [Fatal Error] :1:1: Premature end of file.
2025-09-19 19:32:30,571 [ERROR] LogOutputStream:75 - [STDERR_REDIRECT] 
2025-09-19 19:32:31,580 [ERROR] LogOutputStream:75 - [STDERR_REDIRECT] [Fatal Error] :1:1: Premature end of file.
2025-09-19 19:32:31,580 [ERROR] LogOutputStream:75 - [STDERR_REDIRECT] 
2025-09-19 19:32:32,576 [ERROR] LogOutputStream:75 - [STDERR_REDIRECT] [Fatal Error] :1:1: Premature end of file.
2025-09-19 19:32:32,577 [ERROR] LogOutputStream:75 - [STDERR_REDIRECT] 
2025-09-19 19:32:33,574 [ERROR] LogOutputStream:75 - [STDERR_REDIRECT] [Fatal Error] :1:1: Premature end of file.
2025-09-19 19:32:33,574 [ERROR] LogOutputStream:75 - [STDERR_REDIRECT] 
2025-09-19 19:32:34,570 [ERROR] LogOutputStream:75 - [STDERR_REDIRECT] [Fatal Error] :1:1: Premature end of file.
2025-09-19 19:32:34,570 [ERROR] LogOutputStream:75 - [STDERR_REDIRECT] 
2025-09-19 19:32:35,579 [ERROR] LogOutputStream:75 - [STDERR_REDIRECT] [Fatal Error] :1:1: Premature end of file.
2025-09-19 19:32:35,579 [ERROR] LogOutputStream:75 - [STDERR_REDIRECT] 
2025-09-19 19:32:36,573 [ERROR] LogOutputStream:75 - [STDERR_REDIRECT] [Fatal Error] :1:1: Premature end of file.
2025-09-19 19:32:36,573 [ERROR] LogOutputStream:75 - [STDERR_REDIRECT] 
2025-09-19 19:32:37,583 [ERROR] LogOutputStream:75 - [STDERR_REDIRECT] [Fatal Error] :1:1: Premature end of file.
2025-09-19 19:32:37,583 [ERROR] LogOutputStream:75 - [STDERR_REDIRECT] 
2025-09-19 19:32:38,568 [ERROR] LogOutputStream:75 - [STDERR_REDIRECT] [Fatal Error] :1:1: Premature end of file.
2025-09-19 19:32:38,568 [ERROR] LogOutputStream:75 - [STDERR_REDIRECT] 
2025-09-19 19:32:39,579 [ERROR] LogOutputStream:75 - [STDERR_REDIRECT] [Fatal Error] :1:1: Premature end of file.
2025-09-19 19:32:39,580 [ERROR] LogOutputStream:75 - [STDERR_REDIRECT] 
2025-09-19 19:32:40,573 [ERROR] LogOutputStream:75 - [STDERR_REDIRECT] [Fatal Error] :1:1: Premature end of file.
2025-09-19 19:32:40,574 [ERROR] LogOutputStream:75 - [STDERR_REDIRECT] 
2025-09-19 19:32:41,569 [ERROR] LogOutputStream:75 - [STDERR_REDIRECT] [Fatal Error] :1:1: Premature end of file.
2025-09-19 19:32:41,569 [ERROR] LogOutputStream:75 - [STDERR_REDIRECT] 
2025-09-19 19:32:42,584 [ERROR] LogOutputStream:75 - [STDERR_REDIRECT] [Fatal Error] :1:1: Premature end of file.
2025-09-19 19:32:42,585 [ERROR] LogOutputStream:75 - [STDERR_REDIRECT] 
2025-09-19 19:32:43,581 [ERROR] LogOutputStream:75 - [STDERR_REDIRECT] [Fatal Error] :1:1: Premature end of file.
2025-09-19 19:32:43,581 [ERROR] LogOutputStream:75 - [STDERR_REDIRECT] 
2025-09-19 19:32:44,575 [ERROR] LogOutputStream:75 - [STDERR_REDIRECT] [Fatal Error] :1:1: Premature end of file.
2025-09-19 19:32:44,576 [ERROR] LogOutputStream:75 - [STDERR_REDIRECT] 
2025-09-19 19:32:45,573 [ERROR] LogOutputStream:75 - [STDERR_REDIRECT] [Fatal Error] :1:1: Premature end of file.
2025-09-19 19:32:45,574 [ERROR] LogOutputStream:75 - [STDERR_REDIRECT] 
2025-09-19 19:32:46,583 [ERROR] LogOutputStream:75 - [STDERR_REDIRECT] [Fatal Error] :1:1: Premature end of file.
2025-09-19 19:32:46,583 [ERROR] LogOutputStream:75 - [STDERR_REDIRECT] 
2025-09-19 19:32:47,585 [ERROR] LogOutputStream:75 - [STDERR_REDIRECT] [Fatal Error] :1:1: Premature end of file.
2025-09-19 19:32:47,585 [ERROR] LogOutputStream:75 - [STDERR_REDIRECT] 
2025-09-19 19:32:48,579 [ERROR] LogOutputStream:75 - [STDERR_REDIRECT] [Fatal Error] :1:1: Premature end of file.
2025-09-19 19:32:48,579 [ERROR] LogOutputStream:75 - [STDERR_REDIRECT] 
2025-09-19 19:32:49,582 [ERROR] LogOutputStream:75 - [STDERR_REDIRECT] [Fatal Error] :1:1: Premature end of file.
2025-09-19 19:32:49,582 [ERROR] LogOutputStream:75 - [STDERR_REDIRECT] 
2025-09-19 19:32:50,578 [ERROR] LogOutputStream:75 - [STDERR_REDIRECT] [Fatal Error] :1:1: Premature end of file.
2025-09-19 19:32:50,578 [ERROR] LogOutputStream:75 - [STDERR_REDIRECT] 
2025-09-19 19:32:51,574 [ERROR] LogOutputStream:75 - [STDERR_REDIRECT] [Fatal Error] :1:1: Premature end of file.
2025-09-19 19:32:51,574 [ERROR] LogOutputStream:75 - [STDERR_REDIRECT] 
2025-09-19 19:32:52,576 [ERROR] LogOutputStream:75 - [STDERR_REDIRECT] [Fatal Error] :1:1: Premature end of file.
2025-09-19 19:32:52,576 [ERROR] LogOutputStream:75 - [STDERR_REDIRECT] 
2025-09-19 19:32:53,582 [ERROR] LogOutputStream:75 - [STDERR_REDIRECT] [Fatal Error] :1:1: Premature end of file.
2025-09-19 19:32:53,583 [ERROR] LogOutputStream:75 - [STDERR_REDIRECT] 
2025-09-19 19:32:54,580 [ERROR] LogOutputStream:75 - [STDERR_REDIRECT] [Fatal Error] :1:1: Premature end of file.
2025-09-19 19:32:54,581 [ERROR] LogOutputStream:75 - [STDERR_REDIRECT] 
2025-09-19 19:32:55,570 [ERROR] LogOutputStream:75 - [STDERR_REDIRECT] [Fatal Error] :1:1: Premature end of file.
2025-09-19 19:32:55,570 [ERROR] LogOutputStream:75 - [STDERR_REDIRECT] 
2025-09-19 19:32:56,579 [ERROR] LogOutputStream:75 - [STDERR_REDIRECT] [Fatal Error] :1:1: Premature end of file.
2025-09-19 19:32:56,579 [ERROR] LogOutputStream:75 - [STDERR_REDIRECT] 
2025-09-19 19:32:57,580 [ERROR] LogOutputStream:75 - [STDERR_REDIRECT] [Fatal Error] :1:1: Premature end of file.
2025-09-19 19:32:57,580 [ERROR] LogOutputStream:75 - [STDERR_REDIRECT] 
2025-09-19 19:32:58,573 [ERROR] LogOutputStream:75 - [STDERR_REDIRECT] [Fatal Error] :1:1: Premature end of file.
2025-09-19 19:32:58,574 [ERROR] LogOutputStream:75 - [STDERR_REDIRECT] 
2025-09-19 19:32:59,572 [ERROR] LogOutputStream:75 - [STDERR_REDIRECT] [Fatal Error] :1:1: Premature end of file.
2025-09-19 19:32:59,572 [ERROR] LogOutputStream:75 - [STDERR_REDIRECT] 
2025-09-19 19:33:00,584 [ERROR] LogOutputStream:75 - [STDERR_REDIRECT] [Fatal Error] :1:1: Premature end of file.
2025-09-19 19:33:00,584 [ERROR] LogOutputStream:75 - [STDERR_REDIRECT] 
2025-09-19 19:33:01,569 [ERROR] LogOutputStream:75 - [STDERR_REDIRECT] [Fatal Error] :1:1: Premature end of file.
2025-09-19 19:33:01,569 [ERROR] LogOutputStream:75 - [STDERR_REDIRECT] 
2025-09-19 19:33:02,571 [ERROR] LogOutputStream:75 - [STDERR_REDIRECT] [Fatal Error] :1:1: Premature end of file.
2025-09-19 19:33:02,571 [ERROR] LogOutputStream:75 - [STDERR_REDIRECT] 
2025-09-19 19:33:03,584 [ERROR] LogOutputStream:75 - [STDERR_REDIRECT] [Fatal Error] :1:1: Premature end of file.
2025-09-19 19:33:03,584 [ERROR] LogOutputStream:75 - [STDERR_REDIRECT] 
2025-09-19 19:33:04,584 [ERROR] LogOutputStream:75 - [STDERR_REDIRECT] [Fatal Error] :1:1: Premature end of file.
2025-09-19 19:33:04,584 [ERROR] LogOutputStream:75 - [STDERR_REDIRECT] 
2025-09-19 19:33:05,583 [ERROR] LogOutputStream:75 - [STDERR_REDIRECT] [Fatal Error] :1:1: Premature end of file.
2025-09-19 19:33:05,583 [ERROR] LogOutputStream:75 - [STDERR_REDIRECT] 
2025-09-19 19:33:06,582 [ERROR] LogOutputStream:75 - [STDERR_REDIRECT] [Fatal Error] :1:1: Premature end of file.
2025-09-19 19:33:06,582 [ERROR] LogOutputStream:75 - [STDERR_REDIRECT] 
2025-09-19 19:33:07,583 [ERROR] LogOutputStream:75 - [STDERR_REDIRECT] [Fatal Error] :1:1: Premature end of file.
2025-09-19 19:33:07,583 [ERROR] LogOutputStream:75 - [STDERR_REDIRECT] 
2025-09-19 19:33:08,581 [ERROR] LogOutputStream:75 - [STDERR_REDIRECT] [Fatal Error] :1:1: Premature end of file.
2025-09-19 19:33:08,581 [ERROR] LogOutputStream:75 - [STDERR_REDIRECT] 
2025-09-19 19:33:09,575 [ERROR] LogOutputStream:75 - [STDERR_REDIRECT] [Fatal Error] :1:1: Premature end of file.
2025-09-19 19:33:09,575 [ERROR] LogOutputStream:75 - [STDERR_REDIRECT] 
2025-09-19 19:33:10,577 [ERROR] LogOutputStream:75 - [STDERR_REDIRECT] [Fatal Error] :1:1: Premature end of file.
2025-09-19 19:33:10,578 [ERROR] LogOutputStream:75 - [STDERR_REDIRECT] 
2025-09-19 19:33:11,570 [ERROR] LogOutputStream:75 - [STDERR_REDIRECT] [Fatal Error] :1:1: Premature end of file.
2025-09-19 19:33:11,570 [ERROR] LogOutputStream:75 - [STDERR_REDIRECT] 
2025-09-19 19:33:12,584 [ERROR] LogOutputStream:75 - [STDERR_REDIRECT] [Fatal Error] :1:1: Premature end of file.
2025-09-19 19:33:12,584 [ERROR] LogOutputStream:75 - [STDERR_REDIRECT] 
2025-09-19 19:33:13,580 [ERROR] LogOutputStream:75 - [STDERR_REDIRECT] [Fatal Error] :1:1: Premature end of file.
2025-09-19 19:33:13,580 [ERROR] LogOutputStream:75 - [STDERR_REDIRECT] 
2025-09-19 19:33:14,567 [ERROR] LogOutputStream:75 - [STDERR_REDIRECT] [Fatal Error] :1:1: Premature end of file.
2025-09-19 19:33:14,567 [ERROR] LogOutputStream:75 - [STDERR_REDIRECT] 
2025-09-19 19:33:15,584 [ERROR] LogOutputStream:75 - [STDERR_REDIRECT] [Fatal Error] :1:1: Premature end of file.
2025-09-19 19:33:15,584 [ERROR] LogOutputStream:75 - [STDERR_REDIRECT] 
2025-09-19 19:33:16,582 [ERROR] LogOutputStream:75 - [STDERR_REDIRECT] [Fatal Error] :1:1: Premature end of file.
2025-09-19 19:33:16,582 [ERROR] LogOutputStream:75 - [STDERR_REDIRECT] 
2025-09-19 19:33:17,577 [ERROR] LogOutputStream:75 - [STDERR_REDIRECT] [Fatal Error] :1:1: Premature end of file.
2025-09-19 19:33:17,577 [ERROR] LogOutputStream:75 - [STDERR_REDIRECT] 
2025-09-19 19:33:18,583 [ERROR] LogOutputStream:75 - [STDERR_REDIRECT] [Fatal Error] :1:1: Premature end of file.
2025-09-19 19:33:18,583 [ERROR] LogOutputStream:75 - [STDERR_REDIRECT] 
2025-09-19 19:33:19,574 [ERROR] LogOutputStream:75 - [STDERR_REDIRECT] [Fatal Error] :1:1: Premature end of file.
2025-09-19 19:33:19,574 [ERROR] LogOutputStream:75 - [STDERR_REDIRECT] 
2025-09-19 19:33:20,573 [ERROR] LogOutputStream:75 - [STDERR_REDIRECT] [Fatal Error] :1:1: Premature end of file.
2025-09-19 19:33:20,573 [ERROR] LogOutputStream:75 - [STDERR_REDIRECT] 
2025-09-19 19:33:21,570 [ERROR] LogOutputStream:75 - [STDERR_REDIRECT] [Fatal Error] :1:1: Premature end of file.
2025-09-19 19:33:21,570 [ERROR] LogOutputStream:75 - [STDERR_REDIRECT] 
2025-09-19 19:33:22,572 [ERROR] LogOutputStream:75 - [STDERR_REDIRECT] [Fatal Error] :1:1: Premature end of file.
2025-09-19 19:33:22,572 [ERROR] LogOutputStream:75 - [STDERR_REDIRECT] 
2025-09-19 19:33:23,578 [ERROR] LogOutputStream:75 - [STDERR_REDIRECT] [Fatal Error] :1:1: Premature end of file.
2025-09-19 19:33:23,579 [ERROR] LogOutputStream:75 - [STDERR_REDIRECT] 
2025-09-19 19:33:24,571 [ERROR] LogOutputStream:75 - [STDERR_REDIRECT] [Fatal Error] :1:1: Premature end of file.
2025-09-19 19:33:24,571 [ERROR] LogOutputStream:75 - [STDERR_REDIRECT] 
2025-09-19 19:33:25,574 [ERROR] LogOutputStream:75 - [STDERR_REDIRECT] [Fatal Error] :1:1: Premature end of file.
2025-09-19 19:33:25,574 [ERROR] LogOutputStream:75 - [STDERR_REDIRECT] 
2025-09-19 19:33:26,577 [ERROR] LogOutputStream:75 - [STDERR_REDIRECT] [Fatal Error] :1:1: Premature end of file.
2025-09-19 19:33:26,577 [ERROR] LogOutputStream:75 - [STDERR_REDIRECT] 
2025-09-19 19:33:27,580 [ERROR] LogOutputStream:75 - [STDERR_REDIRECT] [Fatal Error] :1:1: Premature end of file.
2025-09-19 19:33:27,581 [ERROR] LogOutputStream:75 - [STDERR_REDIRECT] 
2025-09-19 19:33:28,611 [ERROR] LogOutputStream:75 - [STDERR_REDIRECT] [Fatal Error] :1:1: Premature end of file.
2025-09-19 19:33:28,611 [ERROR] LogOutputStream:75 - [STDERR_REDIRECT] 
2025-09-19 19:33:29,590 [ERROR] LogOutputStream:75 - [STDERR_REDIRECT] [Fatal Error] :1:1: Premature end of file.
2025-09-19 19:33:29,590 [ERROR] LogOutputStream:75 - [STDERR_REDIRECT] 
2025-09-19 19:33:30,578 [ERROR] LogOutputStream:75 - [STDERR_REDIRECT] [Fatal Error] :1:1: Premature end of file.
2025-09-19 19:33:30,578 [ERROR] LogOutputStream:75 - [STDERR_REDIRECT] 
2025-09-19 19:33:31,580 [ERROR] LogOutputStream:75 - [STDERR_REDIRECT] [Fatal Error] :1:1: Premature end of file.
2025-09-19 19:33:31,580 [ERROR] LogOutputStream:75 - [STDERR_REDIRECT] 
2025-09-19 19:33:32,611 [ERROR] LogOutputStream:75 - [STDERR_REDIRECT] [Fatal Error] :1:1: Premature end of file.
2025-09-19 19:33:32,611 [ERROR] LogOutputStream:75 - [STDERR_REDIRECT] 
2025-09-19 19:33:33,599 [ERROR] LogOutputStream:75 - [STDERR_REDIRECT] [Fatal Error] :1:1: Premature end of file.
2025-09-19 19:33:33,599 [ERROR] LogOutputStream:75 - [STDERR_REDIRECT] 
2025-09-19 19:33:34,573 [ERROR] LogOutputStream:75 - [STDERR_REDIRECT] [Fatal Error] :1:1: Premature end of file.
2025-09-19 19:33:34,573 [ERROR] LogOutputStream:75 - [STDERR_REDIRECT] 
2025-09-19 19:33:35,579 [ERROR] LogOutputStream:75 - [STDERR_REDIRECT] [Fatal Error] :1:1: Premature end of file.
2025-09-19 19:33:35,579 [ERROR] LogOutputStream:75 - [STDERR_REDIRECT] 
2025-09-19 19:33:36,581 [ERROR] LogOutputStream:75 - [STDERR_REDIRECT] [Fatal Error] :1:1: Premature end of file.
2025-09-19 19:33:36,581 [ERROR] LogOutputStream:75 - [STDERR_REDIRECT] 
2025-09-19 19:33:37,589 [ERROR] LogOutputStream:75 - [STDERR_REDIRECT] [Fatal Error] :1:1: Premature end of file.
2025-09-19 19:33:37,589 [ERROR] LogOutputStream:75 - [STDERR_REDIRECT] 
2025-09-19 19:33:38,576 [ERROR] LogOutputStream:75 - [STDERR_REDIRECT] [Fatal Error] :1:1: Premature end of file.
2025-09-19 19:33:38,577 [ERROR] LogOutputStream:75 - [STDERR_REDIRECT] 
2025-09-19 19:33:39,587 [ERROR] LogOutputStream:75 - [STDERR_REDIRECT] [Fatal Error] :1:1: Premature end of file.
2025-09-19 19:33:39,587 [ERROR] LogOutputStream:75 - [STDERR_REDIRECT] 
2025-09-19 19:33:40,585 [ERROR] LogOutputStream:75 - [STDERR_REDIRECT] [Fatal Error] :1:1: Premature end of file.
2025-09-19 19:33:40,585 [ERROR] LogOutputStream:75 - [STDERR_REDIRECT] 
2025-09-19 19:33:41,582 [ERROR] LogOutputStream:75 - [STDERR_REDIRECT] [Fatal Error] :1:1: Premature end of file.
2025-09-19 19:33:41,582 [ERROR] LogOutputStream:75 - [STDERR_REDIRECT] 
2025-09-19 19:33:42,582 [ERROR] LogOutputStream:75 - [STDERR_REDIRECT] [Fatal Error] :1:1: Premature end of file.
2025-09-19 19:33:42,582 [ERROR] LogOutputStream:75 - [STDERR_REDIRECT] 
2025-09-19 19:33:43,583 [ERROR] LogOutputStream:75 - [STDERR_REDIRECT] [Fatal Error] :1:1: Premature end of file.
2025-09-19 19:33:43,583 [ERROR] LogOutputStream:75 - [STDERR_REDIRECT] 
2025-09-19 19:33:44,582 [ERROR] LogOutputStream:75 - [STDERR_REDIRECT] [Fatal Error] :1:1: Premature end of file.
2025-09-19 19:33:44,582 [ERROR] LogOutputStream:75 - [STDERR_REDIRECT] 
2025-09-19 19:33:45,580 [ERROR] LogOutputStream:75 - [STDERR_REDIRECT] [Fatal Error] :1:1: Premature end of file.
2025-09-19 19:33:45,581 [ERROR] LogOutputStream:75 - [STDERR_REDIRECT] 
2025-09-19 19:33:46,580 [ERROR] LogOutputStream:75 - [STDERR_REDIRECT] [Fatal Error] :1:1: Premature end of file.
2025-09-19 19:33:46,580 [ERROR] LogOutputStream:75 - [STDERR_REDIRECT] 
2025-09-19 19:33:47,578 [ERROR] LogOutputStream:75 - [STDERR_REDIRECT] [Fatal Error] :1:1: Premature end of file.
2025-09-19 19:33:47,578 [ERROR] LogOutputStream:75 - [STDERR_REDIRECT] 
2025-09-19 19:33:48,574 [ERROR] LogOutputStream:75 - [STDERR_REDIRECT] [Fatal Error] :1:1: Premature end of file.
2025-09-19 19:33:48,574 [ERROR] LogOutputStream:75 - [STDERR_REDIRECT] 
2025-09-19 19:33:49,572 [ERROR] LogOutputStream:75 - [STDERR_REDIRECT] [Fatal Error] :1:1: Premature end of file.
2025-09-19 19:33:49,572 [ERROR] LogOutputStream:75 - [STDERR_REDIRECT] 
2025-09-19 19:33:50,575 [ERROR] LogOutputStream:75 - [STDERR_REDIRECT] [Fatal Error] :1:1: Premature end of file.
2025-09-19 19:33:50,575 [ERROR] LogOutputStream:75 - [STDERR_REDIRECT] 
2025-09-19 19:33:51,573 [ERROR] LogOutputStream:75 - [STDERR_REDIRECT] [Fatal Error] :1:1: Premature end of file.
2025-09-19 19:33:51,573 [ERROR] LogOutputStream:75 - [STDERR_REDIRECT] 
2025-09-19 19:33:52,570 [ERROR] LogOutputStream:75 - [STDERR_REDIRECT] [Fatal Error] :1:1: Premature end of file.
2025-09-19 19:33:52,570 [ERROR] LogOutputStream:75 - [STDERR_REDIRECT] 
2025-09-19 19:33:53,577 [ERROR] LogOutputStream:75 - [STDERR_REDIRECT] [Fatal Error] :1:1: Premature end of file.
2025-09-19 19:33:53,577 [ERROR] LogOutputStream:75 - [STDERR_REDIRECT] 
2025-09-19 19:33:54,575 [ERROR] LogOutputStream:75 - [STDERR_REDIRECT] [Fatal Error] :1:1: Premature end of file.
2025-09-19 19:33:54,575 [ERROR] LogOutputStream:75 - [STDERR_REDIRECT] 
2025-09-19 19:33:55,575 [ERROR] LogOutputStream:75 - [STDERR_REDIRECT] [Fatal Error] :1:1: Premature end of file.
2025-09-19 19:33:55,575 [ERROR] LogOutputStream:75 - [STDERR_REDIRECT] 
2025-09-19 19:33:56,574 [ERROR] LogOutputStream:75 - [STDERR_REDIRECT] [Fatal Error] :1:1: Premature end of file.
2025-09-19 19:33:56,574 [ERROR] LogOutputStream:75 - [STDERR_REDIRECT] 
2025-09-19 19:33:57,572 [ERROR] LogOutputStream:75 - [STDERR_REDIRECT] [Fatal Error] :1:1: Premature end of file.
2025-09-19 19:33:57,572 [ERROR] LogOutputStream:75 - [STDERR_REDIRECT] 
2025-09-19 19:33:58,571 [ERROR] LogOutputStream:75 - [STDERR_REDIRECT] [Fatal Error] :1:1: Premature end of file.
2025-09-19 19:33:58,571 [ERROR] LogOutputStream:75 - [STDERR_REDIRECT] 
2025-09-19 19:33:59,570 [ERROR] LogOutputStream:75 - [STDERR_REDIRECT] [Fatal Error] :1:1: Premature end of file.
2025-09-19 19:33:59,570 [ERROR] LogOutputStream:75 - [STDERR_REDIRECT] 
2025-09-19 19:34:00,582 [ERROR] LogOutputStream:75 - [STDERR_REDIRECT] [Fatal Error] :1:1: Premature end of file.
2025-09-19 19:34:00,582 [ERROR] LogOutputStream:75 - [STDERR_REDIRECT] 
2025-09-19 19:34:01,585 [ERROR] LogOutputStream:75 - [STDERR_REDIRECT] [Fatal Error] :1:1: Premature end of file.
2025-09-19 19:34:01,585 [ERROR] LogOutputStream:75 - [STDERR_REDIRECT] 
2025-09-19 19:34:02,579 [ERROR] LogOutputStream:75 - [STDERR_REDIRECT] [Fatal Error] :1:1: Premature end of file.
2025-09-19 19:34:02,579 [ERROR] LogOutputStream:75 - [STDERR_REDIRECT] 
2025-09-19 19:34:03,575 [ERROR] LogOutputStream:75 - [STDERR_REDIRECT] [Fatal Error] :1:1: Premature end of file.
2025-09-19 19:34:03,575 [ERROR] LogOutputStream:75 - [STDERR_REDIRECT] 
2025-09-19 19:34:04,573 [ERROR] LogOutputStream:75 - [STDERR_REDIRECT] [Fatal Error] :1:1: Premature end of file.
2025-09-19 19:34:04,573 [ERROR] LogOutputStream:75 - [STDERR_REDIRECT] 
2025-09-19 19:34:05,575 [ERROR] LogOutputStream:75 - [STDERR_REDIRECT] [Fatal Error] :1:1: Premature end of file.
2025-09-19 19:34:05,575 [ERROR] LogOutputStream:75 - [STDERR_REDIRECT] 
2025-09-19 19:34:06,583 [ERROR] LogOutputStream:75 - [STDERR_REDIRECT] [Fatal Error] :1:1: Premature end of file.
2025-09-19 19:34:06,583 [ERROR] LogOutputStream:75 - [STDERR_REDIRECT] 
2025-09-19 19:34:07,577 [ERROR] LogOutputStream:75 - [STDERR_REDIRECT] [Fatal Error] :1:1: Premature end of file.
2025-09-19 19:34:07,578 [ERROR] LogOutputStream:75 - [STDERR_REDIRECT] 
2025-09-19 19:34:08,572 [ERROR] LogOutputStream:75 - [STDERR_REDIRECT] [Fatal Error] :1:1: Premature end of file.
2025-09-19 19:34:08,572 [ERROR] LogOutputStream:75 - [STDERR_REDIRECT] 
2025-09-19 19:34:09,575 [ERROR] LogOutputStream:75 - [STDERR_REDIRECT] [Fatal Error] :1:1: Premature end of file.
2025-09-19 19:34:09,575 [ERROR] LogOutputStream:75 - [STDERR_REDIRECT] 
2025-09-19 19:34:10,573 [ERROR] LogOutputStream:75 - [STDERR_REDIRECT] [Fatal Error] :1:1: Premature end of file.
2025-09-19 19:34:10,573 [ERROR] LogOutputStream:75 - [STDERR_REDIRECT] 
2025-09-19 19:34:11,583 [ERROR] LogOutputStream:75 - [STDERR_REDIRECT] [Fatal Error] :1:1: Premature end of file.
2025-09-19 19:34:11,583 [ERROR] LogOutputStream:75 - [STDERR_REDIRECT] 
2025-09-19 19:34:12,578 [ERROR] LogOutputStream:75 - [STDERR_REDIRECT] [Fatal Error] :1:1: Premature end of file.
2025-09-19 19:34:12,578 [ERROR] LogOutputStream:75 - [STDERR_REDIRECT] 
2025-09-19 19:34:13,578 [ERROR] LogOutputStream:75 - [STDERR_REDIRECT] [Fatal Error] :1:1: Premature end of file.
2025-09-19 19:34:13,578 [ERROR] LogOutputStream:75 - [STDERR_REDIRECT] 
2025-09-19 19:34:14,582 [ERROR] LogOutputStream:75 - [STDERR_REDIRECT] [Fatal Error] :1:1: Premature end of file.
2025-09-19 19:34:14,582 [ERROR] LogOutputStream:75 - [STDERR_REDIRECT] 
2025-09-19 19:34:15,579 [ERROR] LogOutputStream:75 - [STDERR_REDIRECT] [Fatal Error] :1:1: Premature end of file.
2025-09-19 19:34:15,579 [ERROR] LogOutputStream:75 - [STDERR_REDIRECT] 
2025-09-19 19:34:16,583 [ERROR] LogOutputStream:75 - [STDERR_REDIRECT] [Fatal Error] :1:1: Premature end of file.
2025-09-19 19:34:16,583 [ERROR] LogOutputStream:75 - [STDERR_REDIRECT] 
2025-09-19 19:34:17,578 [ERROR] LogOutputStream:75 - [STDERR_REDIRECT] [Fatal Error] :1:1: Premature end of file.
2025-09-19 19:34:17,578 [ERROR] LogOutputStream:75 - [STDERR_REDIRECT] 
2025-09-19 19:34:18,572 [ERROR] LogOutputStream:75 - [STDERR_REDIRECT] [Fatal Error] :1:1: Premature end of file.
2025-09-19 19:34:18,572 [ERROR] LogOutputStream:75 - [STDERR_REDIRECT] 
2025-09-19 19:34:19,569 [ERROR] LogOutputStream:75 - [STDERR_REDIRECT] [Fatal Error] :1:1: Premature end of file.
2025-09-19 19:34:19,570 [ERROR] LogOutputStream:75 - [STDERR_REDIRECT] 
2025-09-19 19:34:20,567 [ERROR] LogOutputStream:75 - [STDERR_REDIRECT] [Fatal Error] :1:1: Premature end of file.
2025-09-19 19:34:20,567 [ERROR] LogOutputStream:75 - [STDERR_REDIRECT] 
2025-09-19 19:34:21,582 [ERROR] LogOutputStream:75 - [STDERR_REDIRECT] [Fatal Error] :1:1: Premature end of file.
2025-09-19 19:34:21,582 [ERROR] LogOutputStream:75 - [STDERR_REDIRECT] 
2025-09-19 19:34:22,579 [ERROR] LogOutputStream:75 - [STDERR_REDIRECT] [Fatal Error] :1:1: Premature end of file.
2025-09-19 19:34:22,579 [ERROR] LogOutputStream:75 - [STDERR_REDIRECT] 
2025-09-19 19:34:23,578 [ERROR] LogOutputStream:75 - [STDERR_REDIRECT] [Fatal Error] :1:1: Premature end of file.
2025-09-19 19:34:23,578 [ERROR] LogOutputStream:75 - [STDERR_REDIRECT] 
2025-09-19 19:34:24,574 [ERROR] LogOutputStream:75 - [STDERR_REDIRECT] [Fatal Error] :1:1: Premature end of file.
2025-09-19 19:34:24,574 [ERROR] LogOutputStream:75 - [STDERR_REDIRECT] 
2025-09-19 19:34:25,578 [ERROR] LogOutputStream:75 - [STDERR_REDIRECT] [Fatal Error] :1:1: Premature end of file.
2025-09-19 19:34:25,578 [ERROR] LogOutputStream:75 - [STDERR_REDIRECT] 
2025-09-19 19:34:26,581 [ERROR] LogOutputStream:75 - [STDERR_REDIRECT] [Fatal Error] :1:1: Premature end of file.
2025-09-19 19:34:26,581 [ERROR] LogOutputStream:75 - [STDERR_REDIRECT] 
2025-09-19 19:34:27,573 [ERROR] LogOutputStream:75 - [STDERR_REDIRECT] [Fatal Error] :1:1: Premature end of file.
2025-09-19 19:34:27,573 [ERROR] LogOutputStream:75 - [STDERR_REDIRECT] 
2025-09-19 19:34:28,583 [ERROR] LogOutputStream:75 - [STDERR_REDIRECT] [Fatal Error] :1:1: Premature end of file.
2025-09-19 19:34:28,583 [ERROR] LogOutputStream:75 - [STDERR_REDIRECT] 
2025-09-19 19:34:29,581 [ERROR] LogOutputStream:75 - [STDERR_REDIRECT] [Fatal Error] :1:1: Premature end of file.
2025-09-19 19:34:29,582 [ERROR] LogOutputStream:75 - [STDERR_REDIRECT] 
2025-09-19 19:34:30,568 [ERROR] LogOutputStream:75 - [STDERR_REDIRECT] [Fatal Error] :1:1: Premature end of file.
2025-09-19 19:34:30,568 [ERROR] LogOutputStream:75 - [STDERR_REDIRECT] 
2025-09-19 19:34:31,578 [ERROR] LogOutputStream:75 - [STDERR_REDIRECT] [Fatal Error] :1:1: Premature end of file.
2025-09-19 19:34:31,578 [ERROR] LogOutputStream:75 - [STDERR_REDIRECT] 
2025-09-19 19:34:32,580 [ERROR] LogOutputStream:75 - [STDERR_REDIRECT] [Fatal Error] :1:1: Premature end of file.
2025-09-19 19:34:32,580 [ERROR] LogOutputStream:75 - [STDERR_REDIRECT] 
2025-09-19 19:34:33,574 [ERROR] LogOutputStream:75 - [STDERR_REDIRECT] [Fatal Error] :1:1: Premature end of file.
2025-09-19 19:34:33,574 [ERROR] LogOutputStream:75 - [STDERR_REDIRECT] 
2025-09-19 19:34:34,576 [ERROR] LogOutputStream:75 - [STDERR_REDIRECT] [Fatal Error] :1:1: Premature end of file.
2025-09-19 19:34:34,577 [ERROR] LogOutputStream:75 - [STDERR_REDIRECT] 
2025-09-19 19:34:35,570 [ERROR] LogOutputStream:75 - [STDERR_REDIRECT] [Fatal Error] :1:1: Premature end of file.
2025-09-19 19:34:35,570 [ERROR] LogOutputStream:75 - [STDERR_REDIRECT] 
2025-09-19 19:34:36,582 [ERROR] LogOutputStream:75 - [STDERR_REDIRECT] [Fatal Error] :1:1: Premature end of file.
2025-09-19 19:34:36,582 [ERROR] LogOutputStream:75 - [STDERR_REDIRECT] 
2025-09-19 19:34:37,577 [ERROR] LogOutputStream:75 - [STDERR_REDIRECT] [Fatal Error] :1:1: Premature end of file.
2025-09-19 19:34:37,577 [ERROR] LogOutputStream:75 - [STDERR_REDIRECT] 
2025-09-19 19:34:38,578 [ERROR] LogOutputStream:75 - [STDERR_REDIRECT] [Fatal Error] :1:1: Premature end of file.
2025-09-19 19:34:38,578 [ERROR] LogOutputStream:75 - [STDERR_REDIRECT] 
2025-09-19 19:34:39,572 [ERROR] LogOutputStream:75 - [STDERR_REDIRECT] [Fatal Error] :1:1: Premature end of file.
2025-09-19 19:34:39,572 [ERROR] LogOutputStream:75 - [STDERR_REDIRECT] 
2025-09-19 19:34:40,578 [ERROR] LogOutputStream:75 - [STDERR_REDIRECT] [Fatal Error] :1:1: Premature end of file.
2025-09-19 19:34:40,578 [ERROR] LogOutputStream:75 - [STDERR_REDIRECT] 
2025-09-19 19:34:41,585 [ERROR] LogOutputStream:75 - [STDERR_REDIRECT] [Fatal Error] :1:1: Premature end of file.
2025-09-19 19:34:41,585 [ERROR] LogOutputStream:75 - [STDERR_REDIRECT] 
2025-09-19 19:34:42,581 [ERROR] LogOutputStream:75 - [STDERR_REDIRECT] [Fatal Error] :1:1: Premature end of file.
2025-09-19 19:34:42,581 [ERROR] LogOutputStream:75 - [STDERR_REDIRECT] 
2025-09-19 19:34:43,579 [ERROR] LogOutputStream:75 - [STDERR_REDIRECT] [Fatal Error] :1:1: Premature end of file.
2025-09-19 19:34:43,579 [ERROR] LogOutputStream:75 - [STDERR_REDIRECT] 
2025-09-19 19:34:44,579 [ERROR] LogOutputStream:75 - [STDERR_REDIRECT] [Fatal Error] :1:1: Premature end of file.
2025-09-19 19:34:44,579 [ERROR] LogOutputStream:75 - [STDERR_REDIRECT] 
2025-09-19 19:34:45,578 [ERROR] LogOutputStream:75 - [STDERR_REDIRECT] [Fatal Error] :1:1: Premature end of file.
2025-09-19 19:34:45,578 [ERROR] LogOutputStream:75 - [STDERR_REDIRECT] 
2025-09-19 19:34:46,574 [ERROR] LogOutputStream:75 - [STDERR_REDIRECT] [Fatal Error] :1:1: Premature end of file.
2025-09-19 19:34:46,574 [ERROR] LogOutputStream:75 - [STDERR_REDIRECT] 
2025-09-19 19:34:47,580 [ERROR] LogOutputStream:75 - [STDERR_REDIRECT] [Fatal Error] :1:1: Premature end of file.
2025-09-19 19:34:47,580 [ERROR] LogOutputStream:75 - [STDERR_REDIRECT] 
2025-09-19 19:34:48,580 [ERROR] LogOutputStream:75 - [STDERR_REDIRECT] [Fatal Error] :1:1: Premature end of file.
2025-09-19 19:34:48,580 [ERROR] LogOutputStream:75 - [STDERR_REDIRECT] 
2025-09-19 19:34:49,580 [ERROR] LogOutputStream:75 - [STDERR_REDIRECT] [Fatal Error] :1:1: Premature end of file.
2025-09-19 19:34:49,580 [ERROR] LogOutputStream:75 - [STDERR_REDIRECT] 
2025-09-19 19:34:50,580 [ERROR] LogOutputStream:75 - [STDERR_REDIRECT] [Fatal Error] :1:1: Premature end of file.
2025-09-19 19:34:50,580 [ERROR] LogOutputStream:75 - [STDERR_REDIRECT] 
2025-09-19 19:34:51,582 [ERROR] LogOutputStream:75 - [STDERR_REDIRECT] [Fatal Error] :1:1: Premature end of file.
2025-09-19 19:34:51,582 [ERROR] LogOutputStream:75 - [STDERR_REDIRECT] 
2025-09-19 19:34:52,580 [ERROR] LogOutputStream:75 - [STDERR_REDIRECT] [Fatal Error] :1:1: Premature end of file.
2025-09-19 19:34:52,582 [ERROR] LogOutputStream:75 - [STDERR_REDIRECT] 
2025-09-19 19:34:53,585 [ERROR] LogOutputStream:75 - [STDERR_REDIRECT] [Fatal Error] :1:1: Premature end of file.
2025-09-19 19:34:53,585 [ERROR] LogOutputStream:75 - [STDERR_REDIRECT] 
2025-09-19 19:34:54,570 [ERROR] LogOutputStream:75 - [STDERR_REDIRECT] [Fatal Error] :1:1: Premature end of file.
2025-09-19 19:34:54,570 [ERROR] LogOutputStream:75 - [STDERR_REDIRECT] 
2025-09-19 19:34:55,581 [ERROR] LogOutputStream:75 - [STDERR_REDIRECT] [Fatal Error] :1:1: Premature end of file.
2025-09-19 19:34:55,581 [ERROR] LogOutputStream:75 - [STDERR_REDIRECT] 
2025-09-19 19:34:56,581 [ERROR] LogOutputStream:75 - [STDERR_REDIRECT] [Fatal Error] :1:1: Premature end of file.
2025-09-19 19:34:56,581 [ERROR] LogOutputStream:75 - [STDERR_REDIRECT] 
2025-09-19 19:34:57,584 [ERROR] LogOutputStream:75 - [STDERR_REDIRECT] [Fatal Error] :1:1: Premature end of file.
2025-09-19 19:34:57,584 [ERROR] LogOutputStream:75 - [STDERR_REDIRECT] 
2025-09-19 19:34:58,582 [ERROR] LogOutputStream:75 - [STDERR_REDIRECT] [Fatal Error] :1:1: Premature end of file.
2025-09-19 19:34:58,582 [ERROR] LogOutputStream:75 - [STDERR_REDIRECT] 
2025-09-19 19:34:59,580 [ERROR] LogOutputStream:75 - [STDERR_REDIRECT] [Fatal Error] :1:1: Premature end of file.
2025-09-19 19:34:59,580 [ERROR] LogOutputStream:75 - [STDERR_REDIRECT] 
2025-09-19 19:35:00,586 [ERROR] LogOutputStream:75 - [STDERR_REDIRECT] [Fatal Error] :1:1: Premature end of file.
2025-09-19 19:35:00,586 [ERROR] LogOutputStream:75 - [STDERR_REDIRECT] 
2025-09-19 19:35:01,570 [ERROR] LogOutputStream:75 - [STDERR_REDIRECT] [Fatal Error] :1:1: Premature end of file.
2025-09-19 19:35:01,570 [ERROR] LogOutputStream:75 - [STDERR_REDIRECT] 
2025-09-19 19:35:02,570 [ERROR] LogOutputStream:75 - [STDERR_REDIRECT] [Fatal Error] :1:1: Premature end of file.
2025-09-19 19:35:02,570 [ERROR] LogOutputStream:75 - [STDERR_REDIRECT] 
2025-09-19 19:35:03,575 [ERROR] LogOutputStream:75 - [STDERR_REDIRECT] [Fatal Error] :1:1: Premature end of file.
2025-09-19 19:35:03,575 [ERROR] LogOutputStream:75 - [STDERR_REDIRECT] 
2025-09-19 19:35:04,576 [ERROR] LogOutputStream:75 - [STDERR_REDIRECT] [Fatal Error] :1:1: Premature end of file.
2025-09-19 19:35:04,577 [ERROR] LogOutputStream:75 - [STDERR_REDIRECT] 
2025-09-19 19:35:05,577 [ERROR] LogOutputStream:75 - [STDERR_REDIRECT] [Fatal Error] :1:1: Premature end of file.
2025-09-19 19:35:05,577 [ERROR] LogOutputStream:75 - [STDERR_REDIRECT] 
2025-09-19 19:35:06,579 [ERROR] LogOutputStream:75 - [STDERR_REDIRECT] [Fatal Error] :1:1: Premature end of file.
2025-09-19 19:35:06,579 [ERROR] LogOutputStream:75 - [STDERR_REDIRECT] 
2025-09-19 19:35:07,573 [ERROR] LogOutputStream:75 - [STDERR_REDIRECT] [Fatal Error] :1:1: Premature end of file.
2025-09-19 19:35:07,573 [ERROR] LogOutputStream:75 - [STDERR_REDIRECT] 
2025-09-19 19:35:08,571 [ERROR] LogOutputStream:75 - [STDERR_REDIRECT] [Fatal Error] :1:1: Premature end of file.
2025-09-19 19:35:08,571 [ERROR] LogOutputStream:75 - [STDERR_REDIRECT] 
2025-09-19 19:35:09,567 [ERROR] LogOutputStream:75 - [STDERR_REDIRECT] [Fatal Error] :1:1: Premature end of file.
2025-09-19 19:35:09,567 [ERROR] LogOutputStream:75 - [STDERR_REDIRECT] 
2025-09-19 19:35:10,583 [ERROR] LogOutputStream:75 - [STDERR_REDIRECT] [Fatal Error] :1:1: Premature end of file.
2025-09-19 19:35:10,583 [ERROR] LogOutputStream:75 - [STDERR_REDIRECT] 
2025-09-19 19:35:11,570 [ERROR] LogOutputStream:75 - [STDERR_REDIRECT] [Fatal Error] :1:1: Premature end of file.
2025-09-19 19:35:11,570 [ERROR] LogOutputStream:75 - [STDERR_REDIRECT] 
2025-09-19 19:35:12,570 [ERROR] LogOutputStream:75 - [STDERR_REDIRECT] [Fatal Error] :1:1: Premature end of file.
2025-09-19 19:35:12,570 [ERROR] LogOutputStream:75 - [STDERR_REDIRECT] 
2025-09-19 19:35:13,575 [ERROR] LogOutputStream:75 - [STDERR_REDIRECT] [Fatal Error] :1:1: Premature end of file.
2025-09-19 19:35:13,575 [ERROR] LogOutputStream:75 - [STDERR_REDIRECT] 
2025-09-19 19:35:14,574 [ERROR] LogOutputStream:75 - [STDERR_REDIRECT] [Fatal Error] :1:1: Premature end of file.
2025-09-19 19:35:14,574 [ERROR] LogOutputStream:75 - [STDERR_REDIRECT] 
2025-09-19 19:35:15,572 [ERROR] LogOutputStream:75 - [STDERR_REDIRECT] [Fatal Error] :1:1: Premature end of file.
2025-09-19 19:35:15,572 [ERROR] LogOutputStream:75 - [STDERR_REDIRECT] 
2025-09-19 19:35:16,572 [ERROR] LogOutputStream:75 - [STDERR_REDIRECT] [Fatal Error] :1:1: Premature end of file.
2025-09-19 19:35:16,572 [ERROR] LogOutputStream:75 - [STDERR_REDIRECT] 
2025-09-19 19:35:17,573 [ERROR] LogOutputStream:75 - [STDERR_REDIRECT] [Fatal Error] :1:1: Premature end of file.
2025-09-19 19:35:17,573 [ERROR] LogOutputStream:75 - [STDERR_REDIRECT] 
2025-09-19 19:35:18,572 [ERROR] LogOutputStream:75 - [STDERR_REDIRECT] [Fatal Error] :1:1: Premature end of file.
2025-09-19 19:35:18,572 [ERROR] LogOutputStream:75 - [STDERR_REDIRECT] 
2025-09-19 19:35:19,570 [ERROR] LogOutputStream:75 - [STDERR_REDIRECT] [Fatal Error] :1:1: Premature end of file.
2025-09-19 19:35:19,570 [ERROR] LogOutputStream:75 - [STDERR_REDIRECT] 
2025-09-19 19:35:20,570 [ERROR] LogOutputStream:75 - [STDERR_REDIRECT] [Fatal Error] :1:1: Premature end of file.
2025-09-19 19:35:20,570 [ERROR] LogOutputStream:75 - [STDERR_REDIRECT] 
2025-09-19 19:35:21,567 [ERROR] LogOutputStream:75 - [STDERR_REDIRECT] [Fatal Error] :1:1: Premature end of file.
2025-09-19 19:35:21,567 [ERROR] LogOutputStream:75 - [STDERR_REDIRECT] 
2025-09-19 19:35:22,568 [ERROR] LogOutputStream:75 - [STDERR_REDIRECT] [Fatal Error] :1:1: Premature end of file.
2025-09-19 19:35:22,568 [ERROR] LogOutputStream:75 - [STDERR_REDIRECT] 
2025-09-19 19:35:23,579 [ERROR] LogOutputStream:75 - [STDERR_REDIRECT] [Fatal Error] :1:1: Premature end of file.
2025-09-19 19:35:23,579 [ERROR] LogOutputStream:75 - [STDERR_REDIRECT] 
2025-09-19 19:35:24,570 [ERROR] LogOutputStream:75 - [STDERR_REDIRECT] [Fatal Error] :1:1: Premature end of file.
2025-09-19 19:35:24,570 [ERROR] LogOutputStream:75 - [STDERR_REDIRECT] 
2025-09-19 19:35:25,582 [ERROR] LogOutputStream:75 - [STDERR_REDIRECT] [Fatal Error] :1:1: Premature end of file.
2025-09-19 19:35:25,582 [ERROR] LogOutputStream:75 - [STDERR_REDIRECT] 
2025-09-19 19:35:26,580 [ERROR] LogOutputStream:75 - [STDERR_REDIRECT] [Fatal Error] :1:1: Premature end of file.
2025-09-19 19:35:26,580 [ERROR] LogOutputStream:75 - [STDERR_REDIRECT] 
2025-09-19 19:35:27,580 [ERROR] LogOutputStream:75 - [STDERR_REDIRECT] [Fatal Error] :1:1: Premature end of file.
2025-09-19 19:35:27,580 [ERROR] LogOutputStream:75 - [STDERR_REDIRECT] 
2025-09-19 19:35:28,569 [ERROR] LogOutputStream:75 - [STDERR_REDIRECT] [Fatal Error] :1:1: Premature end of file.
2025-09-19 19:35:28,569 [ERROR] LogOutputStream:75 - [STDERR_REDIRECT] 
2025-09-19 19:35:29,574 [ERROR] LogOutputStream:75 - [STDERR_REDIRECT] [Fatal Error] :1:1: Premature end of file.
2025-09-19 19:35:29,574 [ERROR] LogOutputStream:75 - [STDERR_REDIRECT] 
2025-09-19 19:35:30,575 [ERROR] LogOutputStream:75 - [STDERR_REDIRECT] [Fatal Error] :1:1: Premature end of file.
2025-09-19 19:35:30,575 [ERROR] LogOutputStream:75 - [STDERR_REDIRECT] 
2025-09-19 19:35:31,585 [ERROR] LogOutputStream:75 - [STDERR_REDIRECT] [Fatal Error] :1:1: Premature end of file.
2025-09-19 19:35:31,585 [ERROR] LogOutputStream:75 - [STDERR_REDIRECT] 
2025-09-19 19:35:32,590 [ERROR] LogOutputStream:75 - [STDERR_REDIRECT] [Fatal Error] :1:1: Premature end of file.
2025-09-19 19:35:32,594 [ERROR] LogOutputStream:75 - [STDERR_REDIRECT] 
2025-09-19 19:35:33,760 [ERROR] LogOutputStream:75 - [STDERR_REDIRECT] [Fatal Error] :1:1: Premature end of file.
2025-09-19 19:35:33,760 [ERROR] LogOutputStream:75 - [STDERR_REDIRECT] 
2025-09-19 19:35:34,571 [ERROR] LogOutputStream:75 - [STDERR_REDIRECT] [Fatal Error] :1:1: Premature end of file.
2025-09-19 19:35:34,572 [ERROR] LogOutputStream:75 - [STDERR_REDIRECT] 
2025-09-19 19:35:35,595 [ERROR] LogOutputStream:75 - [STDERR_REDIRECT] [Fatal Error] :1:1: Premature end of file.
2025-09-19 19:35:35,596 [ERROR] LogOutputStream:75 - [STDERR_REDIRECT] 
2025-09-19 19:35:36,573 [ERROR] LogOutputStream:75 - [STDERR_REDIRECT] [Fatal Error] :1:1: Premature end of file.
2025-09-19 19:35:36,574 [ERROR] LogOutputStream:75 - [STDERR_REDIRECT] 
2025-09-19 19:35:37,585 [ERROR] LogOutputStream:75 - [STDERR_REDIRECT] [Fatal Error] :1:1: Premature end of file.
2025-09-19 19:35:37,585 [ERROR] LogOutputStream:75 - [STDERR_REDIRECT] 
2025-09-19 19:35:38,571 [ERROR] LogOutputStream:75 - [STDERR_REDIRECT] [Fatal Error] :1:1: Premature end of file.
2025-09-19 19:35:38,571 [ERROR] LogOutputStream:75 - [STDERR_REDIRECT] 
2025-09-19 19:35:39,572 [ERROR] LogOutputStream:75 - [STDERR_REDIRECT] [Fatal Error] :1:1: Premature end of file.
2025-09-19 19:35:39,572 [ERROR] LogOutputStream:75 - [STDERR_REDIRECT] 
2025-09-19 19:35:40,573 [ERROR] LogOutputStream:75 - [STDERR_REDIRECT] [Fatal Error] :1:1: Premature end of file.
2025-09-19 19:35:40,574 [ERROR] LogOutputStream:75 - [STDERR_REDIRECT] 
2025-09-19 19:35:41,571 [ERROR] LogOutputStream:75 - [STDERR_REDIRECT] [Fatal Error] :1:1: Premature end of file.
2025-09-19 19:35:41,571 [ERROR] LogOutputStream:75 - [STDERR_REDIRECT] 
2025-09-19 19:35:42,569 [ERROR] LogOutputStream:75 - [STDERR_REDIRECT] [Fatal Error] :1:1: Premature end of file.
2025-09-19 19:35:42,570 [ERROR] LogOutputStream:75 - [STDERR_REDIRECT] 
2025-09-19 19:35:43,582 [ERROR] LogOutputStream:75 - [STDERR_REDIRECT] [Fatal Error] :1:1: Premature end of file.
2025-09-19 19:35:43,582 [ERROR] LogOutputStream:75 - [STDERR_REDIRECT] 
2025-09-19 19:35:44,578 [ERROR] LogOutputStream:75 - [STDERR_REDIRECT] [Fatal Error] :1:1: Premature end of file.
2025-09-19 19:35:44,579 [ERROR] LogOutputStream:75 - [STDERR_REDIRECT] 
2025-09-19 19:35:45,578 [ERROR] LogOutputStream:75 - [STDERR_REDIRECT] [Fatal Error] :1:1: Premature end of file.
2025-09-19 19:35:45,578 [ERROR] LogOutputStream:75 - [STDERR_REDIRECT] 
2025-09-19 19:35:46,579 [ERROR] LogOutputStream:75 - [STDERR_REDIRECT] [Fatal Error] :1:1: Premature end of file.
2025-09-19 19:35:46,579 [ERROR] LogOutputStream:75 - [STDERR_REDIRECT] 
2025-09-19 19:35:47,578 [ERROR] LogOutputStream:75 - [STDERR_REDIRECT] [Fatal Error] :1:1: Premature end of file.
2025-09-19 19:35:47,578 [ERROR] LogOutputStream:75 - [STDERR_REDIRECT] 
2025-09-19 19:35:48,578 [ERROR] LogOutputStream:75 - [STDERR_REDIRECT] [Fatal Error] :1:1: Premature end of file.
2025-09-19 19:35:48,579 [ERROR] LogOutputStream:75 - [STDERR_REDIRECT] 
2025-09-19 19:35:49,583 [ERROR] LogOutputStream:75 - [STDERR_REDIRECT] [Fatal Error] :1:1: Premature end of file.
2025-09-19 19:35:49,583 [ERROR] LogOutputStream:75 - [STDERR_REDIRECT] 
2025-09-19 19:35:50,568 [ERROR] LogOutputStream:75 - [STDERR_REDIRECT] [Fatal Error] :1:1: Premature end of file.
2025-09-19 19:35:50,568 [ERROR] LogOutputStream:75 - [STDERR_REDIRECT] 
2025-09-19 19:35:51,582 [ERROR] LogOutputStream:75 - [STDERR_REDIRECT] [Fatal Error] :1:1: Premature end of file.
2025-09-19 19:35:51,582 [ERROR] LogOutputStream:75 - [STDERR_REDIRECT] 
2025-09-19 19:35:52,585 [ERROR] LogOutputStream:75 - [STDERR_REDIRECT] [Fatal Error] :1:1: Premature end of file.
2025-09-19 19:35:52,587 [ERROR] LogOutputStream:75 - [STDERR_REDIRECT] 
2025-09-19 19:35:53,601 [ERROR] LogOutputStream:75 - [STDERR_REDIRECT] [Fatal Error] :1:1: Premature end of file.
2025-09-19 19:35:53,601 [ERROR] LogOutputStream:75 - [STDERR_REDIRECT] 
2025-09-19 19:35:54,583 [ERROR] LogOutputStream:75 - [STDERR_REDIRECT] [Fatal Error] :1:1: Premature end of file.
2025-09-19 19:35:54,583 [ERROR] LogOutputStream:75 - [STDERR_REDIRECT] 
2025-09-19 19:35:55,582 [ERROR] LogOutputStream:75 - [STDERR_REDIRECT] [Fatal Error] :1:1: Premature end of file.
2025-09-19 19:35:55,583 [ERROR] LogOutputStream:75 - [STDERR_REDIRECT] 
2025-09-19 19:35:56,582 [ERROR] LogOutputStream:75 - [STDERR_REDIRECT] [Fatal Error] :1:1: Premature end of file.
2025-09-19 19:35:56,583 [ERROR] LogOutputStream:75 - [STDERR_REDIRECT] 
2025-09-19 19:35:57,575 [ERROR] LogOutputStream:75 - [STDERR_REDIRECT] [Fatal Error] :1:1: Premature end of file.
2025-09-19 19:35:57,575 [ERROR] LogOutputStream:75 - [STDERR_REDIRECT] 
2025-09-19 19:35:58,577 [ERROR] LogOutputStream:75 - [STDERR_REDIRECT] [Fatal Error] :1:1: Premature end of file.
2025-09-19 19:35:58,577 [ERROR] LogOutputStream:75 - [STDERR_REDIRECT] 
2025-09-19 19:35:59,581 [ERROR] LogOutputStream:75 - [STDERR_REDIRECT] [Fatal Error] :1:1: Premature end of file.
2025-09-19 19:35:59,581 [ERROR] LogOutputStream:75 - [STDERR_REDIRECT] 
2025-09-19 19:36:00,580 [ERROR] LogOutputStream:75 - [STDERR_REDIRECT] [Fatal Error] :1:1: Premature end of file.
2025-09-19 19:36:00,581 [ERROR] LogOutputStream:75 - [STDERR_REDIRECT] 
2025-09-19 19:36:01,574 [ERROR] LogOutputStream:75 - [STDERR_REDIRECT] [Fatal Error] :1:1: Premature end of file.
2025-09-19 19:36:01,574 [ERROR] LogOutputStream:75 - [STDERR_REDIRECT] 
2025-09-19 19:36:02,579 [ERROR] LogOutputStream:75 - [STDERR_REDIRECT] [Fatal Error] :1:1: Premature end of file.
2025-09-19 19:36:02,579 [ERROR] LogOutputStream:75 - [STDERR_REDIRECT] 
2025-09-19 19:36:03,571 [ERROR] LogOutputStream:75 - [STDERR_REDIRECT] [Fatal Error] :1:1: Premature end of file.
2025-09-19 19:36:03,571 [ERROR] LogOutputStream:75 - [STDERR_REDIRECT] 
2025-09-19 19:36:04,571 [ERROR] LogOutputStream:75 - [STDERR_REDIRECT] [Fatal Error] :1:1: Premature end of file.
2025-09-19 19:36:04,571 [ERROR] LogOutputStream:75 - [STDERR_REDIRECT] 
2025-09-19 19:36:05,582 [ERROR] LogOutputStream:75 - [STDERR_REDIRECT] [Fatal Error] :1:1: Premature end of file.
2025-09-19 19:36:05,582 [ERROR] LogOutputStream:75 - [STDERR_REDIRECT] 
2025-09-19 19:36:06,581 [ERROR] LogOutputStream:75 - [STDERR_REDIRECT] [Fatal Error] :1:1: Premature end of file.
2025-09-19 19:36:06,581 [ERROR] LogOutputStream:75 - [STDERR_REDIRECT] 
2025-09-19 19:36:07,582 [ERROR] LogOutputStream:75 - [STDERR_REDIRECT] [Fatal Error] :1:1: Premature end of file.
2025-09-19 19:36:07,582 [ERROR] LogOutputStream:75 - [STDERR_REDIRECT] 
2025-09-19 19:36:08,583 [ERROR] LogOutputStream:75 - [STDERR_REDIRECT] [Fatal Error] :1:1: Premature end of file.
2025-09-19 19:36:08,583 [ERROR] LogOutputStream:75 - [STDERR_REDIRECT] 
2025-09-19 19:36:09,577 [ERROR] LogOutputStream:75 - [STDERR_REDIRECT] [Fatal Error] :1:1: Premature end of file.
2025-09-19 19:36:09,577 [ERROR] LogOutputStream:75 - [STDERR_REDIRECT] 
2025-09-19 19:36:10,580 [ERROR] LogOutputStream:75 - [STDERR_REDIRECT] [Fatal Error] :1:1: Premature end of file.
2025-09-19 19:36:10,580 [ERROR] LogOutputStream:75 - [STDERR_REDIRECT] 
2025-09-19 19:36:11,575 [ERROR] LogOutputStream:75 - [STDERR_REDIRECT] [Fatal Error] :1:1: Premature end of file.
2025-09-19 19:36:11,575 [ERROR] LogOutputStream:75 - [STDERR_REDIRECT] 
2025-09-19 19:36:12,577 [ERROR] LogOutputStream:75 - [STDERR_REDIRECT] [Fatal Error] :1:1: Premature end of file.
2025-09-19 19:36:12,577 [ERROR] LogOutputStream:75 - [STDERR_REDIRECT] 
2025-09-19 19:36:13,579 [ERROR] LogOutputStream:75 - [STDERR_REDIRECT] [Fatal Error] :1:1: Premature end of file.
2025-09-19 19:36:13,579 [ERROR] LogOutputStream:75 - [STDERR_REDIRECT] 
2025-09-19 19:36:14,572 [ERROR] LogOutputStream:75 - [STDERR_REDIRECT] [Fatal Error] :1:1: Premature end of file.
2025-09-19 19:36:14,573 [ERROR] LogOutputStream:75 - [STDERR_REDIRECT] 
2025-09-19 19:36:15,574 [ERROR] LogOutputStream:75 - [STDERR_REDIRECT] [Fatal Error] :1:1: Premature end of file.
2025-09-19 19:36:15,574 [ERROR] LogOutputStream:75 - [STDERR_REDIRECT] 
2025-09-19 19:36:16,570 [ERROR] LogOutputStream:75 - [STDERR_REDIRECT] [Fatal Error] :1:1: Premature end of file.
2025-09-19 19:36:16,570 [ERROR] LogOutputStream:75 - [STDERR_REDIRECT] 
2025-09-19 19:36:17,574 [ERROR] LogOutputStream:75 - [STDERR_REDIRECT] [Fatal Error] :1:1: Premature end of file.
2025-09-19 19:36:17,576 [ERROR] LogOutputStream:75 - [STDERR_REDIRECT] 
2025-09-19 19:36:18,573 [ERROR] LogOutputStream:75 - [STDERR_REDIRECT] [Fatal Error] :1:1: Premature end of file.
2025-09-19 19:36:18,574 [ERROR] LogOutputStream:75 - [STDERR_REDIRECT] 
2025-09-19 19:36:19,579 [ERROR] LogOutputStream:75 - [STDERR_REDIRECT] [Fatal Error] :1:1: Premature end of file.
2025-09-19 19:36:19,580 [ERROR] LogOutputStream:75 - [STDERR_REDIRECT] 
2025-09-19 19:36:20,573 [ERROR] LogOutputStream:75 - [STDERR_REDIRECT] [Fatal Error] :1:1: Premature end of file.
2025-09-19 19:36:20,573 [ERROR] LogOutputStream:75 - [STDERR_REDIRECT] 
2025-09-19 19:36:21,570 [ERROR] LogOutputStream:75 - [STDERR_REDIRECT] [Fatal Error] :1:1: Premature end of file.
2025-09-19 19:36:21,570 [ERROR] LogOutputStream:75 - [STDERR_REDIRECT] 
2025-09-19 19:36:22,569 [ERROR] LogOutputStream:75 - [STDERR_REDIRECT] [Fatal Error] :1:1: Premature end of file.
2025-09-19 19:36:22,569 [ERROR] LogOutputStream:75 - [STDERR_REDIRECT] 
2025-09-19 19:36:23,580 [ERROR] LogOutputStream:75 - [STDERR_REDIRECT] [Fatal Error] :1:1: Premature end of file.
2025-09-19 19:36:23,580 [ERROR] LogOutputStream:75 - [STDERR_REDIRECT] 
2025-09-19 19:36:24,581 [ERROR] LogOutputStream:75 - [STDERR_REDIRECT] [Fatal Error] :1:1: Premature end of file.
2025-09-19 19:36:24,581 [ERROR] LogOutputStream:75 - [STDERR_REDIRECT] 
2025-09-19 19:36:25,570 [ERROR] LogOutputStream:75 - [STDERR_REDIRECT] [Fatal Error] :1:1: Premature end of file.
2025-09-19 19:36:25,570 [ERROR] LogOutputStream:75 - [STDERR_REDIRECT] 
2025-09-19 19:36:26,571 [ERROR] LogOutputStream:75 - [STDERR_REDIRECT] [Fatal Error] :1:1: Premature end of file.
2025-09-19 19:36:26,571 [ERROR] LogOutputStream:75 - [STDERR_REDIRECT] 
2025-09-19 19:36:27,570 [ERROR] LogOutputStream:75 - [STDERR_REDIRECT] [Fatal Error] :1:1: Premature end of file.
2025-09-19 19:36:27,570 [ERROR] LogOutputStream:75 - [STDERR_REDIRECT] 
2025-09-19 19:36:28,591 [ERROR] LogOutputStream:75 - [STDERR_REDIRECT] [Fatal Error] :1:1: Premature end of file.
2025-09-19 19:36:28,591 [ERROR] LogOutputStream:75 - [STDERR_REDIRECT] 
2025-09-19 19:36:29,570 [ERROR] LogOutputStream:75 - [STDERR_REDIRECT] [Fatal Error] :1:1: Premature end of file.
2025-09-19 19:36:29,570 [ERROR] LogOutputStream:75 - [STDERR_REDIRECT] 
2025-09-19 19:36:30,580 [ERROR] LogOutputStream:75 - [STDERR_REDIRECT] [Fatal Error] :1:1: Premature end of file.
2025-09-19 19:36:30,580 [ERROR] LogOutputStream:75 - [STDERR_REDIRECT] 
2025-09-19 19:36:31,580 [ERROR] LogOutputStream:75 - [STDERR_REDIRECT] [Fatal Error] :1:1: Premature end of file.
2025-09-19 19:36:31,580 [ERROR] LogOutputStream:75 - [STDERR_REDIRECT] 
2025-09-19 19:36:32,568 [ERROR] LogOutputStream:75 - [STDERR_REDIRECT] [Fatal Error] :1:1: Premature end of file.
2025-09-19 19:36:32,568 [ERROR] LogOutputStream:75 - [STDERR_REDIRECT] 
2025-09-19 19:36:33,595 [ERROR] LogOutputStream:75 - [STDERR_REDIRECT] [Fatal Error] :1:1: Premature end of file.
2025-09-19 19:36:33,596 [ERROR] LogOutputStream:75 - [STDERR_REDIRECT] 
2025-09-19 19:36:34,580 [ERROR] LogOutputStream:75 - [STDERR_REDIRECT] [Fatal Error] :1:1: Premature end of file.
2025-09-19 19:36:34,580 [ERROR] LogOutputStream:75 - [STDERR_REDIRECT] 
2025-09-19 19:36:35,576 [ERROR] LogOutputStream:75 - [STDERR_REDIRECT] [Fatal Error] :1:1: Premature end of file.
2025-09-19 19:36:35,576 [ERROR] LogOutputStream:75 - [STDERR_REDIRECT] 
2025-09-19 19:36:36,580 [ERROR] LogOutputStream:75 - [STDERR_REDIRECT] [Fatal Error] :1:1: Premature end of file.
2025-09-19 19:36:36,580 [ERROR] LogOutputStream:75 - [STDERR_REDIRECT] 
2025-09-19 19:36:37,578 [ERROR] LogOutputStream:75 - [STDERR_REDIRECT] [Fatal Error] :1:1: Premature end of file.
2025-09-19 19:36:37,578 [ERROR] LogOutputStream:75 - [STDERR_REDIRECT] 
2025-09-19 19:36:38,577 [ERROR] LogOutputStream:75 - [STDERR_REDIRECT] [Fatal Error] :1:1: Premature end of file.
2025-09-19 19:36:38,577 [ERROR] LogOutputStream:75 - [STDERR_REDIRECT] 
2025-09-19 19:36:39,570 [ERROR] LogOutputStream:75 - [STDERR_REDIRECT] [Fatal Error] :1:1: Premature end of file.
2025-09-19 19:36:39,570 [ERROR] LogOutputStream:75 - [STDERR_REDIRECT] 
2025-09-19 19:36:40,568 [ERROR] LogOutputStream:75 - [STDERR_REDIRECT] [Fatal Error] :1:1: Premature end of file.
2025-09-19 19:36:40,568 [ERROR] LogOutputStream:75 - [STDERR_REDIRECT] 
2025-09-19 19:36:41,580 [ERROR] LogOutputStream:75 - [STDERR_REDIRECT] [Fatal Error] :1:1: Premature end of file.
2025-09-19 19:36:41,580 [ERROR] LogOutputStream:75 - [STDERR_REDIRECT] 
2025-09-19 19:36:42,580 [ERROR] LogOutputStream:75 - [STDERR_REDIRECT] [Fatal Error] :1:1: Premature end of file.
2025-09-19 19:36:42,580 [ERROR] LogOutputStream:75 - [STDERR_REDIRECT] 
2025-09-19 19:36:43,573 [ERROR] LogOutputStream:75 - [STDERR_REDIRECT] [Fatal Error] :1:1: Premature end of file.
2025-09-19 19:36:43,574 [ERROR] LogOutputStream:75 - [STDERR_REDIRECT] 
2025-09-19 19:36:44,587 [ERROR] LogOutputStream:75 - [STDERR_REDIRECT] [Fatal Error] :1:1: Premature end of file.
2025-09-19 19:36:44,588 [ERROR] LogOutputStream:75 - [STDERR_REDIRECT] 
2025-09-19 19:36:45,581 [ERROR] LogOutputStream:75 - [STDERR_REDIRECT] [Fatal Error] :1:1: Premature end of file.
2025-09-19 19:36:45,581 [ERROR] LogOutputStream:75 - [STDERR_REDIRECT] 
2025-09-19 19:36:46,570 [ERROR] LogOutputStream:75 - [STDERR_REDIRECT] [Fatal Error] :1:1: Premature end of file.
2025-09-19 19:36:46,570 [ERROR] LogOutputStream:75 - [STDERR_REDIRECT] 
2025-09-19 19:36:47,580 [ERROR] LogOutputStream:75 - [STDERR_REDIRECT] [Fatal Error] :1:1: Premature end of file.
2025-09-19 19:36:47,580 [ERROR] LogOutputStream:75 - [STDERR_REDIRECT] 
2025-09-19 19:36:48,573 [ERROR] LogOutputStream:75 - [STDERR_REDIRECT] [Fatal Error] :1:1: Premature end of file.
2025-09-19 19:36:48,573 [ERROR] LogOutputStream:75 - [STDERR_REDIRECT] 
2025-09-19 19:36:49,575 [ERROR] LogOutputStream:75 - [STDERR_REDIRECT] [Fatal Error] :1:1: Premature end of file.
2025-09-19 19:36:49,576 [ERROR] LogOutputStream:75 - [STDERR_REDIRECT] 
2025-09-19 19:36:50,578 [ERROR] LogOutputStream:75 - [STDERR_REDIRECT] [Fatal Error] :1:1: Premature end of file.
2025-09-19 19:36:50,578 [ERROR] LogOutputStream:75 - [STDERR_REDIRECT] 
2025-09-19 19:36:51,598 [ERROR] LogOutputStream:75 - [STDERR_REDIRECT] [Fatal Error] :1:1: Premature end of file.
2025-09-19 19:36:51,598 [ERROR] LogOutputStream:75 - [STDERR_REDIRECT] 
2025-09-19 19:36:52,571 [ERROR] LogOutputStream:75 - [STDERR_REDIRECT] [Fatal Error] :1:1: Premature end of file.
2025-09-19 19:36:52,571 [ERROR] LogOutputStream:75 - [STDERR_REDIRECT] 
2025-09-19 19:36:53,583 [ERROR] LogOutputStream:75 - [STDERR_REDIRECT] [Fatal Error] :1:1: Premature end of file.
2025-09-19 19:36:53,583 [ERROR] LogOutputStream:75 - [STDERR_REDIRECT] 
2025-09-19 19:36:54,577 [ERROR] LogOutputStream:75 - [STDERR_REDIRECT] [Fatal Error] :1:1: Premature end of file.
2025-09-19 19:36:54,577 [ERROR] LogOutputStream:75 - [STDERR_REDIRECT] 
2025-09-19 19:36:55,573 [ERROR] LogOutputStream:75 - [STDERR_REDIRECT] [Fatal Error] :1:1: Premature end of file.
2025-09-19 19:36:55,574 [ERROR] LogOutputStream:75 - [STDERR_REDIRECT] 
2025-09-19 19:36:56,568 [ERROR] LogOutputStream:75 - [STDERR_REDIRECT] [Fatal Error] :1:1: Premature end of file.
2025-09-19 19:36:56,568 [ERROR] LogOutputStream:75 - [STDERR_REDIRECT] 
2025-09-19 19:36:57,578 [ERROR] LogOutputStream:75 - [STDERR_REDIRECT] [Fatal Error] :1:1: Premature end of file.
2025-09-19 19:36:57,578 [ERROR] LogOutputStream:75 - [STDERR_REDIRECT] 
2025-09-19 19:36:58,580 [ERROR] LogOutputStream:75 - [STDERR_REDIRECT] [Fatal Error] :1:1: Premature end of file.
2025-09-19 19:36:58,580 [ERROR] LogOutputStream:75 - [STDERR_REDIRECT] 
2025-09-19 19:36:59,575 [ERROR] LogOutputStream:75 - [STDERR_REDIRECT] [Fatal Error] :1:1: Premature end of file.
2025-09-19 19:36:59,575 [ERROR] LogOutputStream:75 - [STDERR_REDIRECT] 
2025-09-19 19:37:00,570 [ERROR] LogOutputStream:75 - [STDERR_REDIRECT] [Fatal Error] :1:1: Premature end of file.
2025-09-19 19:37:00,571 [ERROR] LogOutputStream:75 - [STDERR_REDIRECT] 
2025-09-19 19:37:01,582 [ERROR] LogOutputStream:75 - [STDERR_REDIRECT] [Fatal Error] :1:1: Premature end of file.
2025-09-19 19:37:01,582 [ERROR] LogOutputStream:75 - [STDERR_REDIRECT] 
2025-09-19 19:37:02,583 [ERROR] LogOutputStream:75 - [STDERR_REDIRECT] [Fatal Error] :1:1: Premature end of file.
2025-09-19 19:37:02,583 [ERROR] LogOutputStream:75 - [STDERR_REDIRECT] 
2025-09-19 19:37:03,579 [ERROR] LogOutputStream:75 - [STDERR_REDIRECT] [Fatal Error] :1:1: Premature end of file.
2025-09-19 19:37:03,579 [ERROR] LogOutputStream:75 - [STDERR_REDIRECT] 
2025-09-19 19:37:04,581 [ERROR] LogOutputStream:75 - [STDERR_REDIRECT] [Fatal Error] :1:1: Premature end of file.
2025-09-19 19:37:04,581 [ERROR] LogOutputStream:75 - [STDERR_REDIRECT] 
2025-09-19 19:37:05,575 [ERROR] LogOutputStream:75 - [STDERR_REDIRECT] [Fatal Error] :1:1: Premature end of file.
2025-09-19 19:37:05,575 [ERROR] LogOutputStream:75 - [STDERR_REDIRECT] 
2025-09-19 19:37:06,571 [ERROR] LogOutputStream:75 - [STDERR_REDIRECT] [Fatal Error] :1:1: Premature end of file.
2025-09-19 19:37:06,571 [ERROR] LogOutputStream:75 - [STDERR_REDIRECT] 
2025-09-19 19:37:07,581 [ERROR] LogOutputStream:75 - [STDERR_REDIRECT] [Fatal Error] :1:1: Premature end of file.
2025-09-19 19:37:07,581 [ERROR] LogOutputStream:75 - [STDERR_REDIRECT] 
2025-09-19 19:37:08,569 [ERROR] LogOutputStream:75 - [STDERR_REDIRECT] [Fatal Error] :1:1: Premature end of file.
2025-09-19 19:37:08,569 [ERROR] LogOutputStream:75 - [STDERR_REDIRECT] 
2025-09-19 19:37:09,585 [ERROR] LogOutputStream:75 - [STDERR_REDIRECT] [Fatal Error] :1:1: Premature end of file.
2025-09-19 19:37:09,585 [ERROR] LogOutputStream:75 - [STDERR_REDIRECT] 
2025-09-19 19:37:10,573 [ERROR] LogOutputStream:75 - [STDERR_REDIRECT] [Fatal Error] :1:1: Premature end of file.
2025-09-19 19:37:10,573 [ERROR] LogOutputStream:75 - [STDERR_REDIRECT] 
2025-09-19 19:37:11,580 [ERROR] LogOutputStream:75 - [STDERR_REDIRECT] [Fatal Error] :1:1: Premature end of file.
2025-09-19 19:37:11,580 [ERROR] LogOutputStream:75 - [STDERR_REDIRECT] 
2025-09-19 19:37:12,627 [ERROR] LogOutputStream:75 - [STDERR_REDIRECT] [Fatal Error] :1:1: Premature end of file.
2025-09-19 19:37:12,627 [ERROR] LogOutputStream:75 - [STDERR_REDIRECT] 
2025-09-19 19:37:13,570 [ERROR] LogOutputStream:75 - [STDERR_REDIRECT] [Fatal Error] :1:1: Premature end of file.
2025-09-19 19:37:13,570 [ERROR] LogOutputStream:75 - [STDERR_REDIRECT] 
2025-09-19 19:37:14,581 [ERROR] LogOutputStream:75 - [STDERR_REDIRECT] [Fatal Error] :1:1: Premature end of file.
2025-09-19 19:37:14,581 [ERROR] LogOutputStream:75 - [STDERR_REDIRECT] 
2025-09-19 19:37:15,580 [ERROR] LogOutputStream:75 - [STDERR_REDIRECT] [Fatal Error] :1:1: Premature end of file.
2025-09-19 19:37:15,580 [ERROR] LogOutputStream:75 - [STDERR_REDIRECT] 
2025-09-19 19:37:16,581 [ERROR] LogOutputStream:75 - [STDERR_REDIRECT] [Fatal Error] :1:1: Premature end of file.
2025-09-19 19:37:16,581 [ERROR] LogOutputStream:75 - [STDERR_REDIRECT] 
2025-09-19 19:37:17,584 [ERROR] LogOutputStream:75 - [STDERR_REDIRECT] [Fatal Error] :1:1: Premature end of file.
2025-09-19 19:37:17,584 [ERROR] LogOutputStream:75 - [STDERR_REDIRECT] 
2025-09-19 19:37:18,575 [ERROR] LogOutputStream:75 - [STDERR_REDIRECT] [Fatal Error] :1:1: Premature end of file.
2025-09-19 19:37:18,576 [ERROR] LogOutputStream:75 - [STDERR_REDIRECT] 
2025-09-19 19:37:19,581 [ERROR] LogOutputStream:75 - [STDERR_REDIRECT] [Fatal Error] :1:1: Premature end of file.
2025-09-19 19:37:19,581 [ERROR] LogOutputStream:75 - [STDERR_REDIRECT] 
2025-09-19 19:37:20,578 [ERROR] LogOutputStream:75 - [STDERR_REDIRECT] [Fatal Error] :1:1: Premature end of file.
2025-09-19 19:37:20,578 [ERROR] LogOutputStream:75 - [STDERR_REDIRECT] 
2025-09-19 19:37:21,574 [ERROR] LogOutputStream:75 - [STDERR_REDIRECT] [Fatal Error] :1:1: Premature end of file.
2025-09-19 19:37:21,575 [ERROR] LogOutputStream:75 - [STDERR_REDIRECT] 
2025-09-19 19:37:22,572 [ERROR] LogOutputStream:75 - [STDERR_REDIRECT] [Fatal Error] :1:1: Premature end of file.
2025-09-19 19:37:22,572 [ERROR] LogOutputStream:75 - [STDERR_REDIRECT] 
2025-09-19 19:37:23,582 [ERROR] LogOutputStream:75 - [STDERR_REDIRECT] [Fatal Error] :1:1: Premature end of file.
2025-09-19 19:37:23,582 [ERROR] LogOutputStream:75 - [STDERR_REDIRECT] 
2025-09-19 19:37:24,577 [ERROR] LogOutputStream:75 - [STDERR_REDIRECT] [Fatal Error] :1:1: Premature end of file.
2025-09-19 19:37:24,577 [ERROR] LogOutputStream:75 - [STDERR_REDIRECT] 
2025-09-19 19:37:25,584 [ERROR] LogOutputStream:75 - [STDERR_REDIRECT] [Fatal Error] :1:1: Premature end of file.
2025-09-19 19:37:25,584 [ERROR] LogOutputStream:75 - [STDERR_REDIRECT] 
2025-09-19 19:37:26,576 [ERROR] LogOutputStream:75 - [STDERR_REDIRECT] [Fatal Error] :1:1: Premature end of file.
2025-09-19 19:37:26,576 [ERROR] LogOutputStream:75 - [STDERR_REDIRECT] 
2025-09-19 19:37:27,568 [ERROR] LogOutputStream:75 - [STDERR_REDIRECT] [Fatal Error] :1:1: Premature end of file.
2025-09-19 19:37:27,568 [ERROR] LogOutputStream:75 - [STDERR_REDIRECT] 
2025-09-19 19:37:28,586 [ERROR] LogOutputStream:75 - [STDERR_REDIRECT] [Fatal Error] :1:1: Premature end of file.
2025-09-19 19:37:28,586 [ERROR] LogOutputStream:75 - [STDERR_REDIRECT] 
2025-09-19 19:37:29,578 [ERROR] LogOutputStream:75 - [STDERR_REDIRECT] [Fatal Error] :1:1: Premature end of file.
2025-09-19 19:37:29,578 [ERROR] LogOutputStream:75 - [STDERR_REDIRECT] 
2025-09-19 19:37:30,578 [ERROR] LogOutputStream:75 - [STDERR_REDIRECT] [Fatal Error] :1:1: Premature end of file.
2025-09-19 19:37:30,578 [ERROR] LogOutputStream:75 - [STDERR_REDIRECT] 
2025-09-19 19:37:31,582 [ERROR] LogOutputStream:75 - [STDERR_REDIRECT] [Fatal Error] :1:1: Premature end of file.
2025-09-19 19:37:31,582 [ERROR] LogOutputStream:75 - [STDERR_REDIRECT] 
2025-09-19 19:37:32,618 [ERROR] LogOutputStream:75 - [STDERR_REDIRECT] [Fatal Error] :1:1: Premature end of file.
2025-09-19 19:37:32,618 [ERROR] LogOutputStream:75 - [STDERR_REDIRECT] 
2025-09-19 19:37:33,585 [ERROR] LogOutputStream:75 - [STDERR_REDIRECT] [Fatal Error] :1:1: Premature end of file.
2025-09-19 19:37:33,585 [ERROR] LogOutputStream:75 - [STDERR_REDIRECT] 
2025-09-19 19:37:34,600 [ERROR] LogOutputStream:75 - [STDERR_REDIRECT] [Fatal Error] :1:1: Premature end of file.
2025-09-19 19:37:34,600 [ERROR] LogOutputStream:75 - [STDERR_REDIRECT] 
2025-09-19 19:37:35,584 [ERROR] LogOutputStream:75 - [STDERR_REDIRECT] [Fatal Error] :1:1: Premature end of file.
2025-09-19 19:37:35,584 [ERROR] LogOutputStream:75 - [STDERR_REDIRECT] 
2025-09-19 19:37:36,583 [ERROR] LogOutputStream:75 - [STDERR_REDIRECT] [Fatal Error] :1:1: Premature end of file.
2025-09-19 19:37:36,583 [ERROR] LogOutputStream:75 - [STDERR_REDIRECT] 
2025-09-19 19:37:37,578 [ERROR] LogOutputStream:75 - [STDERR_REDIRECT] [Fatal Error] :1:1: Premature end of file.
2025-09-19 19:37:37,578 [ERROR] LogOutputStream:75 - [STDERR_REDIRECT] 
2025-09-19 19:37:38,583 [ERROR] LogOutputStream:75 - [STDERR_REDIRECT] [Fatal Error] :1:1: Premature end of file.
2025-09-19 19:37:38,583 [ERROR] LogOutputStream:75 - [STDERR_REDIRECT] 
2025-09-19 19:37:39,582 [ERROR] LogOutputStream:75 - [STDERR_REDIRECT] [Fatal Error] :1:1: Premature end of file.
2025-09-19 19:37:39,582 [ERROR] LogOutputStream:75 - [STDERR_REDIRECT] 
2025-09-19 19:37:40,583 [ERROR] LogOutputStream:75 - [STDERR_REDIRECT] [Fatal Error] :1:1: Premature end of file.
2025-09-19 19:37:40,583 [ERROR] LogOutputStream:75 - [STDERR_REDIRECT] 
2025-09-19 19:37:41,568 [ERROR] LogOutputStream:75 - [STDERR_REDIRECT] [Fatal Error] :1:1: Premature end of file.
2025-09-19 19:37:41,568 [ERROR] LogOutputStream:75 - [STDERR_REDIRECT] 
2025-09-19 19:37:42,574 [ERROR] LogOutputStream:75 - [STDERR_REDIRECT] [Fatal Error] :1:1: Premature end of file.
2025-09-19 19:37:42,574 [ERROR] LogOutputStream:75 - [STDERR_REDIRECT] 
2025-09-19 19:37:43,583 [ERROR] LogOutputStream:75 - [STDERR_REDIRECT] [Fatal Error] :1:1: Premature end of file.
2025-09-19 19:37:43,583 [ERROR] LogOutputStream:75 - [STDERR_REDIRECT] 
2025-09-19 19:37:44,580 [ERROR] LogOutputStream:75 - [STDERR_REDIRECT] [Fatal Error] :1:1: Premature end of file.
2025-09-19 19:37:44,581 [ERROR] LogOutputStream:75 - [STDERR_REDIRECT] 
2025-09-19 19:37:45,583 [ERROR] LogOutputStream:75 - [STDERR_REDIRECT] [Fatal Error] :1:1: Premature end of file.
2025-09-19 19:37:45,583 [ERROR] LogOutputStream:75 - [STDERR_REDIRECT] 
2025-09-19 19:37:46,572 [ERROR] LogOutputStream:75 - [STDERR_REDIRECT] [Fatal Error] :1:1: Premature end of file.
2025-09-19 19:37:46,572 [ERROR] LogOutputStream:75 - [STDERR_REDIRECT] 
2025-09-19 19:37:47,651 [ERROR] LogOutputStream:75 - [STDERR_REDIRECT] [Fatal Error] :1:1: Premature end of file.
2025-09-19 19:37:47,651 [ERROR] LogOutputStream:75 - [STDERR_REDIRECT] 
2025-09-19 19:37:48,634 [ERROR] LogOutputStream:75 - [STDERR_REDIRECT] [Fatal Error] :1:1: Premature end of file.
2025-09-19 19:37:48,634 [ERROR] LogOutputStream:75 - [STDERR_REDIRECT] 
2025-09-19 19:37:49,575 [ERROR] LogOutputStream:75 - [STDERR_REDIRECT] [Fatal Error] :1:1: Premature end of file.
2025-09-19 19:37:49,575 [ERROR] LogOutputStream:75 - [STDERR_REDIRECT] 
2025-09-19 19:37:50,602 [ERROR] LogOutputStream:75 - [STDERR_REDIRECT] [Fatal Error] :1:1: Premature end of file.
2025-09-19 19:37:50,602 [ERROR] LogOutputStream:75 - [STDERR_REDIRECT] 
2025-09-19 19:37:51,599 [ERROR] LogOutputStream:75 - [STDERR_REDIRECT] [Fatal Error] :1:1: Premature end of file.
2025-09-19 19:37:51,599 [ERROR] LogOutputStream:75 - [STDERR_REDIRECT] 
2025-09-19 19:37:52,571 [ERROR] LogOutputStream:75 - [STDERR_REDIRECT] [Fatal Error] :1:1: Premature end of file.
2025-09-19 19:37:52,572 [ERROR] LogOutputStream:75 - [STDERR_REDIRECT] 
2025-09-19 19:37:53,577 [ERROR] LogOutputStream:75 - [STDERR_REDIRECT] [Fatal Error] :1:1: Premature end of file.
2025-09-19 19:37:53,577 [ERROR] LogOutputStream:75 - [STDERR_REDIRECT] 
2025-09-19 19:37:54,575 [ERROR] LogOutputStream:75 - [STDERR_REDIRECT] [Fatal Error] :1:1: Premature end of file.
2025-09-19 19:37:54,575 [ERROR] LogOutputStream:75 - [STDERR_REDIRECT] 
2025-09-19 19:37:55,579 [ERROR] LogOutputStream:75 - [STDERR_REDIRECT] [Fatal Error] :1:1: Premature end of file.
2025-09-19 19:37:55,579 [ERROR] LogOutputStream:75 - [STDERR_REDIRECT] 
2025-09-19 19:37:56,586 [ERROR] LogOutputStream:75 - [STDERR_REDIRECT] [Fatal Error] :1:1: Premature end of file.
2025-09-19 19:37:56,586 [ERROR] LogOutputStream:75 - [STDERR_REDIRECT] 
2025-09-19 19:37:57,578 [ERROR] LogOutputStream:75 - [STDERR_REDIRECT] [Fatal Error] :1:1: Premature end of file.
2025-09-19 19:37:57,579 [ERROR] LogOutputStream:75 - [STDERR_REDIRECT] 
2025-09-19 19:37:58,579 [ERROR] LogOutputStream:75 - [STDERR_REDIRECT] [Fatal Error] :1:1: Premature end of file.
2025-09-19 19:37:58,579 [ERROR] LogOutputStream:75 - [STDERR_REDIRECT] 
2025-09-19 19:37:59,582 [ERROR] LogOutputStream:75 - [STDERR_REDIRECT] [Fatal Error] :1:1: Premature end of file.
2025-09-19 19:37:59,582 [ERROR] LogOutputStream:75 - [STDERR_REDIRECT] 
2025-09-19 19:38:00,581 [ERROR] LogOutputStream:75 - [STDERR_REDIRECT] [Fatal Error] :1:1: Premature end of file.
2025-09-19 19:38:00,581 [ERROR] LogOutputStream:75 - [STDERR_REDIRECT] 
2025-09-19 19:38:01,568 [ERROR] LogOutputStream:75 - [STDERR_REDIRECT] [Fatal Error] :1:1: Premature end of file.
2025-09-19 19:38:01,568 [ERROR] LogOutputStream:75 - [STDERR_REDIRECT] 
2025-09-19 19:38:02,584 [ERROR] LogOutputStream:75 - [STDERR_REDIRECT] [Fatal Error] :1:1: Premature end of file.
2025-09-19 19:38:02,584 [ERROR] LogOutputStream:75 - [STDERR_REDIRECT] 
2025-09-19 19:38:03,572 [ERROR] LogOutputStream:75 - [STDERR_REDIRECT] [Fatal Error] :1:1: Premature end of file.
2025-09-19 19:38:03,572 [ERROR] LogOutputStream:75 - [STDERR_REDIRECT] 
2025-09-19 19:38:04,571 [ERROR] LogOutputStream:75 - [STDERR_REDIRECT] [Fatal Error] :1:1: Premature end of file.
2025-09-19 19:38:04,571 [ERROR] LogOutputStream:75 - [STDERR_REDIRECT] 
2025-09-19 19:38:05,579 [ERROR] LogOutputStream:75 - [STDERR_REDIRECT] [Fatal Error] :1:1: Premature end of file.
2025-09-19 19:38:05,579 [ERROR] LogOutputStream:75 - [STDERR_REDIRECT] 
2025-09-19 19:38:06,577 [ERROR] LogOutputStream:75 - [STDERR_REDIRECT] [Fatal Error] :1:1: Premature end of file.
2025-09-19 19:38:06,577 [ERROR] LogOutputStream:75 - [STDERR_REDIRECT] 
2025-09-19 19:38:07,580 [ERROR] LogOutputStream:75 - [STDERR_REDIRECT] [Fatal Error] :1:1: Premature end of file.
2025-09-19 19:38:07,580 [ERROR] LogOutputStream:75 - [STDERR_REDIRECT] 
2025-09-19 19:38:08,580 [ERROR] LogOutputStream:75 - [STDERR_REDIRECT] [Fatal Error] :1:1: Premature end of file.
2025-09-19 19:38:08,580 [ERROR] LogOutputStream:75 - [STDERR_REDIRECT] 
2025-09-19 19:38:09,579 [ERROR] LogOutputStream:75 - [STDERR_REDIRECT] [Fatal Error] :1:1: Premature end of file.
2025-09-19 19:38:09,579 [ERROR] LogOutputStream:75 - [STDERR_REDIRECT] 
2025-09-19 19:38:10,582 [ERROR] LogOutputStream:75 - [STDERR_REDIRECT] [Fatal Error] :1:1: Premature end of file.
2025-09-19 19:38:10,582 [ERROR] LogOutputStream:75 - [STDERR_REDIRECT] 
2025-09-19 19:38:11,585 [ERROR] LogOutputStream:75 - [STDERR_REDIRECT] [Fatal Error] :1:1: Premature end of file.
2025-09-19 19:38:11,585 [ERROR] LogOutputStream:75 - [STDERR_REDIRECT] 
2025-09-19 19:38:12,575 [ERROR] LogOutputStream:75 - [STDERR_REDIRECT] [Fatal Error] :1:1: Premature end of file.
2025-09-19 19:38:12,575 [ERROR] LogOutputStream:75 - [STDERR_REDIRECT] 
2025-09-19 19:38:13,575 [ERROR] LogOutputStream:75 - [STDERR_REDIRECT] [Fatal Error] :1:1: Premature end of file.
2025-09-19 19:38:13,575 [ERROR] LogOutputStream:75 - [STDERR_REDIRECT] 
2025-09-19 19:38:14,576 [ERROR] LogOutputStream:75 - [STDERR_REDIRECT] [Fatal Error] :1:1: Premature end of file.
2025-09-19 19:38:14,576 [ERROR] LogOutputStream:75 - [STDERR_REDIRECT] 
2025-09-19 19:38:15,580 [ERROR] LogOutputStream:75 - [STDERR_REDIRECT] [Fatal Error] :1:1: Premature end of file.
2025-09-19 19:38:15,580 [ERROR] LogOutputStream:75 - [STDERR_REDIRECT] 
2025-09-19 19:38:16,588 [ERROR] LogOutputStream:75 - [STDERR_REDIRECT] [Fatal Error] :1:1: Premature end of file.
2025-09-19 19:38:16,588 [ERROR] LogOutputStream:75 - [STDERR_REDIRECT] 
2025-09-19 19:38:17,593 [ERROR] LogOutputStream:75 - [STDERR_REDIRECT] [Fatal Error] :1:1: Premature end of file.
2025-09-19 19:38:17,593 [ERROR] LogOutputStream:75 - [STDERR_REDIRECT] 
2025-09-19 19:38:18,571 [ERROR] LogOutputStream:75 - [STDERR_REDIRECT] [Fatal Error] :1:1: Premature end of file.
2025-09-19 19:38:18,571 [ERROR] LogOutputStream:75 - [STDERR_REDIRECT] 
2025-09-19 19:38:19,569 [ERROR] LogOutputStream:75 - [STDERR_REDIRECT] [Fatal Error] :1:1: Premature end of file.
2025-09-19 19:38:19,569 [ERROR] LogOutputStream:75 - [STDERR_REDIRECT] 
2025-09-19 19:38:20,582 [ERROR] LogOutputStream:75 - [STDERR_REDIRECT] [Fatal Error] :1:1: Premature end of file.
2025-09-19 19:38:20,582 [ERROR] LogOutputStream:75 - [STDERR_REDIRECT] 
2025-09-19 19:38:21,580 [ERROR] LogOutputStream:75 - [STDERR_REDIRECT] [Fatal Error] :1:1: Premature end of file.
2025-09-19 19:38:21,580 [ERROR] LogOutputStream:75 - [STDERR_REDIRECT] 
2025-09-19 19:38:22,574 [ERROR] LogOutputStream:75 - [STDERR_REDIRECT] [Fatal Error] :1:1: Premature end of file.
2025-09-19 19:38:22,574 [ERROR] LogOutputStream:75 - [STDERR_REDIRECT] 
2025-09-19 19:38:23,580 [ERROR] LogOutputStream:75 - [STDERR_REDIRECT] [Fatal Error] :1:1: Premature end of file.
2025-09-19 19:38:23,580 [ERROR] LogOutputStream:75 - [STDERR_REDIRECT] 
2025-09-19 19:38:24,578 [ERROR] LogOutputStream:75 - [STDERR_REDIRECT] [Fatal Error] :1:1: Premature end of file.
2025-09-19 19:38:24,578 [ERROR] LogOutputStream:75 - [STDERR_REDIRECT] 
2025-09-19 19:38:25,587 [ERROR] LogOutputStream:75 - [STDERR_REDIRECT] [Fatal Error] :1:1: Premature end of file.
2025-09-19 19:38:25,587 [ERROR] LogOutputStream:75 - [STDERR_REDIRECT] 
2025-09-19 19:38:26,569 [ERROR] LogOutputStream:75 - [STDERR_REDIRECT] [Fatal Error] :1:1: Premature end of file.
2025-09-19 19:38:26,569 [ERROR] LogOutputStream:75 - [STDERR_REDIRECT] 
2025-09-19 19:38:27,571 [ERROR] LogOutputStream:75 - [STDERR_REDIRECT] [Fatal Error] :1:1: Premature end of file.
2025-09-19 19:38:27,571 [ERROR] LogOutputStream:75 - [STDERR_REDIRECT] 
2025-09-19 19:38:28,568 [ERROR] LogOutputStream:75 - [STDERR_REDIRECT] [Fatal Error] :1:1: Premature end of file.
2025-09-19 19:38:28,568 [ERROR] LogOutputStream:75 - [STDERR_REDIRECT] 
2025-09-19 19:38:29,583 [ERROR] LogOutputStream:75 - [STDERR_REDIRECT] [Fatal Error] :1:1: Premature end of file.
2025-09-19 19:38:29,583 [ERROR] LogOutputStream:75 - [STDERR_REDIRECT] 
2025-09-19 19:38:30,570 [ERROR] LogOutputStream:75 - [STDERR_REDIRECT] [Fatal Error] :1:1: Premature end of file.
2025-09-19 19:38:30,570 [ERROR] LogOutputStream:75 - [STDERR_REDIRECT] 
2025-09-19 19:38:31,584 [ERROR] LogOutputStream:75 - [STDERR_REDIRECT] [Fatal Error] :1:1: Premature end of file.
2025-09-19 19:38:31,584 [ERROR] LogOutputStream:75 - [STDERR_REDIRECT] 
2025-09-19 19:38:32,581 [ERROR] LogOutputStream:75 - [STDERR_REDIRECT] [Fatal Error] :1:1: Premature end of file.
2025-09-19 19:38:32,581 [ERROR] LogOutputStream:75 - [STDERR_REDIRECT] 
2025-09-19 19:38:33,593 [ERROR] LogOutputStream:75 - [STDERR_REDIRECT] [Fatal Error] :1:1: Premature end of file.
2025-09-19 19:38:33,593 [ERROR] LogOutputStream:75 - [STDERR_REDIRECT] 
2025-09-19 19:38:34,583 [ERROR] LogOutputStream:75 - [STDERR_REDIRECT] [Fatal Error] :1:1: Premature end of file.
2025-09-19 19:38:34,583 [ERROR] LogOutputStream:75 - [STDERR_REDIRECT] 
2025-09-19 19:38:35,577 [ERROR] LogOutputStream:75 - [STDERR_REDIRECT] [Fatal Error] :1:1: Premature end of file.
2025-09-19 19:38:35,577 [ERROR] LogOutputStream:75 - [STDERR_REDIRECT] 
2025-09-19 19:38:36,577 [ERROR] LogOutputStream:75 - [STDERR_REDIRECT] [Fatal Error] :1:1: Premature end of file.
2025-09-19 19:38:36,577 [ERROR] LogOutputStream:75 - [STDERR_REDIRECT] 
2025-09-19 19:38:37,581 [ERROR] LogOutputStream:75 - [STDERR_REDIRECT] [Fatal Error] :1:1: Premature end of file.
2025-09-19 19:38:37,581 [ERROR] LogOutputStream:75 - [STDERR_REDIRECT] 
2025-09-19 19:38:38,585 [ERROR] LogOutputStream:75 - [STDERR_REDIRECT] [Fatal Error] :1:1: Premature end of file.
2025-09-19 19:38:38,585 [ERROR] LogOutputStream:75 - [STDERR_REDIRECT] 
2025-09-19 19:38:39,567 [ERROR] LogOutputStream:75 - [STDERR_REDIRECT] [Fatal Error] :1:1: Premature end of file.
2025-09-19 19:38:39,568 [ERROR] LogOutputStream:75 - [STDERR_REDIRECT] 
2025-09-19 19:38:40,570 [ERROR] LogOutputStream:75 - [STDERR_REDIRECT] [Fatal Error] :1:1: Premature end of file.
2025-09-19 19:38:40,570 [ERROR] LogOutputStream:75 - [STDERR_REDIRECT] 
2025-09-19 19:38:41,582 [ERROR] LogOutputStream:75 - [STDERR_REDIRECT] [Fatal Error] :1:1: Premature end of file.
2025-09-19 19:38:41,582 [ERROR] LogOutputStream:75 - [STDERR_REDIRECT] 
2025-09-19 19:38:42,577 [ERROR] LogOutputStream:75 - [STDERR_REDIRECT] [Fatal Error] :1:1: Premature end of file.
2025-09-19 19:38:42,578 [ERROR] LogOutputStream:75 - [STDERR_REDIRECT] 
2025-09-19 19:38:43,584 [ERROR] LogOutputStream:75 - [STDERR_REDIRECT] [Fatal Error] :1:1: Premature end of file.
2025-09-19 19:38:43,585 [ERROR] LogOutputStream:75 - [STDERR_REDIRECT] 
2025-09-19 19:38:44,579 [ERROR] LogOutputStream:75 - [STDERR_REDIRECT] [Fatal Error] :1:1: Premature end of file.
2025-09-19 19:38:44,579 [ERROR] LogOutputStream:75 - [STDERR_REDIRECT] 
2025-09-19 19:38:45,575 [ERROR] LogOutputStream:75 - [STDERR_REDIRECT] [Fatal Error] :1:1: Premature end of file.
2025-09-19 19:38:45,575 [ERROR] LogOutputStream:75 - [STDERR_REDIRECT] 
2025-09-19 19:38:46,586 [ERROR] LogOutputStream:75 - [STDERR_REDIRECT] [Fatal Error] :1:1: Premature end of file.
2025-09-19 19:38:46,586 [ERROR] LogOutputStream:75 - [STDERR_REDIRECT] 
2025-09-19 19:38:47,574 [ERROR] LogOutputStream:75 - [STDERR_REDIRECT] [Fatal Error] :1:1: Premature end of file.
2025-09-19 19:38:47,574 [ERROR] LogOutputStream:75 - [STDERR_REDIRECT] 
2025-09-19 19:38:48,576 [ERROR] LogOutputStream:75 - [STDERR_REDIRECT] [Fatal Error] :1:1: Premature end of file.
2025-09-19 19:38:48,576 [ERROR] LogOutputStream:75 - [STDERR_REDIRECT] 
2025-09-19 19:38:49,579 [ERROR] LogOutputStream:75 - [STDERR_REDIRECT] [Fatal Error] :1:1: Premature end of file.
2025-09-19 19:38:49,579 [ERROR] LogOutputStream:75 - [STDERR_REDIRECT] 
2025-09-19 19:38:50,577 [ERROR] LogOutputStream:75 - [STDERR_REDIRECT] [Fatal Error] :1:1: Premature end of file.
2025-09-19 19:38:50,577 [ERROR] LogOutputStream:75 - [STDERR_REDIRECT] 
2025-09-19 19:38:51,570 [ERROR] LogOutputStream:75 - [STDERR_REDIRECT] [Fatal Error] :1:1: Premature end of file.
2025-09-19 19:38:51,570 [ERROR] LogOutputStream:75 - [STDERR_REDIRECT] 
2025-09-19 19:38:52,573 [ERROR] LogOutputStream:75 - [STDERR_REDIRECT] [Fatal Error] :1:1: Premature end of file.
2025-09-19 19:38:52,573 [ERROR] LogOutputStream:75 - [STDERR_REDIRECT] 
2025-09-19 19:38:53,582 [ERROR] LogOutputStream:75 - [STDERR_REDIRECT] [Fatal Error] :1:1: Premature end of file.
2025-09-19 19:38:53,582 [ERROR] LogOutputStream:75 - [STDERR_REDIRECT] 
2025-09-19 19:38:54,584 [ERROR] LogOutputStream:75 - [STDERR_REDIRECT] [Fatal Error] :1:1: Premature end of file.
2025-09-19 19:38:54,584 [ERROR] LogOutputStream:75 - [STDERR_REDIRECT] 
2025-09-19 19:38:55,579 [ERROR] LogOutputStream:75 - [STDERR_REDIRECT] [Fatal Error] :1:1: Premature end of file.
2025-09-19 19:38:55,579 [ERROR] LogOutputStream:75 - [STDERR_REDIRECT] 
2025-09-19 19:38:56,582 [ERROR] LogOutputStream:75 - [STDERR_REDIRECT] [Fatal Error] :1:1: Premature end of file.
2025-09-19 19:38:56,582 [ERROR] LogOutputStream:75 - [STDERR_REDIRECT] 
2025-09-19 19:38:57,570 [ERROR] LogOutputStream:75 - [STDERR_REDIRECT] [Fatal Error] :1:1: Premature end of file.
2025-09-19 19:38:57,570 [ERROR] LogOutputStream:75 - [STDERR_REDIRECT] 
2025-09-19 19:38:58,570 [ERROR] LogOutputStream:75 - [STDERR_REDIRECT] [Fatal Error] :1:1: Premature end of file.
2025-09-19 19:38:58,572 [ERROR] LogOutputStream:75 - [STDERR_REDIRECT] 
2025-09-19 19:38:59,572 [ERROR] LogOutputStream:75 - [STDERR_REDIRECT] [Fatal Error] :1:1: Premature end of file.
2025-09-19 19:38:59,572 [ERROR] LogOutputStream:75 - [STDERR_REDIRECT] 
2025-09-19 19:39:00,575 [ERROR] LogOutputStream:75 - [STDERR_REDIRECT] [Fatal Error] :1:1: Premature end of file.
2025-09-19 19:39:00,575 [ERROR] LogOutputStream:75 - [STDERR_REDIRECT] 
2025-09-19 19:39:01,576 [ERROR] LogOutputStream:75 - [STDERR_REDIRECT] [Fatal Error] :1:1: Premature end of file.
2025-09-19 19:39:01,576 [ERROR] LogOutputStream:75 - [STDERR_REDIRECT] 
2025-09-19 19:39:02,585 [ERROR] LogOutputStream:75 - [STDERR_REDIRECT] [Fatal Error] :1:1: Premature end of file.
2025-09-19 19:39:02,585 [ERROR] LogOutputStream:75 - [STDERR_REDIRECT] 
2025-09-19 19:39:03,585 [ERROR] LogOutputStream:75 - [STDERR_REDIRECT] [Fatal Error] :1:1: Premature end of file.
2025-09-19 19:39:03,585 [ERROR] LogOutputStream:75 - [STDERR_REDIRECT] 
2025-09-19 19:39:04,584 [ERROR] LogOutputStream:75 - [STDERR_REDIRECT] [Fatal Error] :1:1: Premature end of file.
2025-09-19 19:39:04,584 [ERROR] LogOutputStream:75 - [STDERR_REDIRECT] 
2025-09-19 19:39:05,582 [ERROR] LogOutputStream:75 - [STDERR_REDIRECT] [Fatal Error] :1:1: Premature end of file.
2025-09-19 19:39:05,582 [ERROR] LogOutputStream:75 - [STDERR_REDIRECT] 
2025-09-19 19:39:06,584 [ERROR] LogOutputStream:75 - [STDERR_REDIRECT] [Fatal Error] :1:1: Premature end of file.
2025-09-19 19:39:06,584 [ERROR] LogOutputStream:75 - [STDERR_REDIRECT] 
2025-09-19 19:39:07,582 [ERROR] LogOutputStream:75 - [STDERR_REDIRECT] [Fatal Error] :1:1: Premature end of file.
2025-09-19 19:39:07,582 [ERROR] LogOutputStream:75 - [STDERR_REDIRECT] 
2025-09-19 19:39:08,582 [ERROR] LogOutputStream:75 - [STDERR_REDIRECT] [Fatal Error] :1:1: Premature end of file.
2025-09-19 19:39:08,582 [ERROR] LogOutputStream:75 - [STDERR_REDIRECT] 
2025-09-19 19:39:09,576 [ERROR] LogOutputStream:75 - [STDERR_REDIRECT] [Fatal Error] :1:1: Premature end of file.
2025-09-19 19:39:09,576 [ERROR] LogOutputStream:75 - [STDERR_REDIRECT] 
2025-09-19 19:39:10,579 [ERROR] LogOutputStream:75 - [STDERR_REDIRECT] [Fatal Error] :1:1: Premature end of file.
2025-09-19 19:39:10,580 [ERROR] LogOutputStream:75 - [STDERR_REDIRECT] 
2025-09-19 19:39:11,579 [ERROR] LogOutputStream:75 - [STDERR_REDIRECT] [Fatal Error] :1:1: Premature end of file.
2025-09-19 19:39:11,579 [ERROR] LogOutputStream:75 - [STDERR_REDIRECT] 
2025-09-19 19:39:12,578 [ERROR] LogOutputStream:75 - [STDERR_REDIRECT] [Fatal Error] :1:1: Premature end of file.
2025-09-19 19:39:12,579 [ERROR] LogOutputStream:75 - [STDERR_REDIRECT] 
2025-09-19 19:39:13,571 [ERROR] LogOutputStream:75 - [STDERR_REDIRECT] [Fatal Error] :1:1: Premature end of file.
2025-09-19 19:39:13,571 [ERROR] LogOutputStream:75 - [STDERR_REDIRECT] 
2025-09-19 19:39:14,568 [ERROR] LogOutputStream:75 - [STDERR_REDIRECT] [Fatal Error] :1:1: Premature end of file.
2025-09-19 19:39:14,568 [ERROR] LogOutputStream:75 - [STDERR_REDIRECT] 
2025-09-19 19:39:15,586 [ERROR] LogOutputStream:75 - [STDERR_REDIRECT] [Fatal Error] :1:1: Premature end of file.
2025-09-19 19:39:15,586 [ERROR] LogOutputStream:75 - [STDERR_REDIRECT] 
2025-09-19 19:39:16,579 [ERROR] LogOutputStream:75 - [STDERR_REDIRECT] [Fatal Error] :1:1: Premature end of file.
2025-09-19 19:39:16,579 [ERROR] LogOutputStream:75 - [STDERR_REDIRECT] 
2025-09-19 19:39:17,581 [ERROR] LogOutputStream:75 - [STDERR_REDIRECT] [Fatal Error] :1:1: Premature end of file.
2025-09-19 19:39:17,582 [ERROR] LogOutputStream:75 - [STDERR_REDIRECT] 
2025-09-19 19:39:18,581 [ERROR] LogOutputStream:75 - [STDERR_REDIRECT] [Fatal Error] :1:1: Premature end of file.
2025-09-19 19:39:18,582 [ERROR] LogOutputStream:75 - [STDERR_REDIRECT] 
2025-09-19 19:39:19,573 [ERROR] LogOutputStream:75 - [STDERR_REDIRECT] [Fatal Error] :1:1: Premature end of file.
2025-09-19 19:39:19,573 [ERROR] LogOutputStream:75 - [STDERR_REDIRECT] 
2025-09-19 19:39:20,571 [ERROR] LogOutputStream:75 - [STDERR_REDIRECT] [Fatal Error] :1:1: Premature end of file.
2025-09-19 19:39:20,571 [ERROR] LogOutputStream:75 - [STDERR_REDIRECT] 
2025-09-19 19:39:21,587 [ERROR] LogOutputStream:75 - [STDERR_REDIRECT] [Fatal Error] :1:1: Premature end of file.
2025-09-19 19:39:21,587 [ERROR] LogOutputStream:75 - [STDERR_REDIRECT] 
2025-09-19 19:39:22,566 [ERROR] LogOutputStream:75 - [STDERR_REDIRECT] [Fatal Error] :1:1: Premature end of file.
2025-09-19 19:39:22,566 [ERROR] LogOutputStream:75 - [STDERR_REDIRECT] 
2025-09-19 19:39:23,582 [ERROR] LogOutputStream:75 - [STDERR_REDIRECT] [Fatal Error] :1:1: Premature end of file.
2025-09-19 19:39:23,582 [ERROR] LogOutputStream:75 - [STDERR_REDIRECT] 
2025-09-19 19:39:24,567 [ERROR] LogOutputStream:75 - [STDERR_REDIRECT] [Fatal Error] :1:1: Premature end of file.
2025-09-19 19:39:24,567 [ERROR] LogOutputStream:75 - [STDERR_REDIRECT] 
2025-09-19 19:39:25,572 [ERROR] LogOutputStream:75 - [STDERR_REDIRECT] [Fatal Error] :1:1: Premature end of file.
2025-09-19 19:39:25,572 [ERROR] LogOutputStream:75 - [STDERR_REDIRECT] 
2025-09-19 19:39:26,580 [ERROR] LogOutputStream:75 - [STDERR_REDIRECT] [Fatal Error] :1:1: Premature end of file.
2025-09-19 19:39:26,580 [ERROR] LogOutputStream:75 - [STDERR_REDIRECT] 
2025-09-19 19:39:27,581 [ERROR] LogOutputStream:75 - [STDERR_REDIRECT] [Fatal Error] :1:1: Premature end of file.
2025-09-19 19:39:27,581 [ERROR] LogOutputStream:75 - [STDERR_REDIRECT] 
2025-09-19 19:39:28,579 [ERROR] LogOutputStream:75 - [STDERR_REDIRECT] [Fatal Error] :1:1: Premature end of file.
2025-09-19 19:39:28,580 [ERROR] LogOutputStream:75 - [STDERR_REDIRECT] 
2025-09-19 19:39:29,577 [ERROR] LogOutputStream:75 - [STDERR_REDIRECT] [Fatal Error] :1:1: Premature end of file.
2025-09-19 19:39:29,578 [ERROR] LogOutputStream:75 - [STDERR_REDIRECT] 
2025-09-19 19:39:30,579 [ERROR] LogOutputStream:75 - [STDERR_REDIRECT] [Fatal Error] :1:1: Premature end of file.
2025-09-19 19:39:30,579 [ERROR] LogOutputStream:75 - [STDERR_REDIRECT] 
2025-09-19 19:39:31,574 [ERROR] LogOutputStream:75 - [STDERR_REDIRECT] [Fatal Error] :1:1: Premature end of file.
2025-09-19 19:39:31,575 [ERROR] LogOutputStream:75 - [STDERR_REDIRECT] 
2025-09-19 19:39:32,571 [ERROR] LogOutputStream:75 - [STDERR_REDIRECT] [Fatal Error] :1:1: Premature end of file.
2025-09-19 19:39:32,571 [ERROR] LogOutputStream:75 - [STDERR_REDIRECT] 
2025-09-19 19:39:33,576 [ERROR] LogOutputStream:75 - [STDERR_REDIRECT] [Fatal Error] :1:1: Premature end of file.
2025-09-19 19:39:33,576 [ERROR] LogOutputStream:75 - [STDERR_REDIRECT] 
2025-09-19 19:39:34,567 [ERROR] LogOutputStream:75 - [STDERR_REDIRECT] [Fatal Error] :1:1: Premature end of file.
2025-09-19 19:39:34,567 [ERROR] LogOutputStream:75 - [STDERR_REDIRECT] 
2025-09-19 19:39:35,569 [ERROR] LogOutputStream:75 - [STDERR_REDIRECT] [Fatal Error] :1:1: Premature end of file.
2025-09-19 19:39:35,569 [ERROR] LogOutputStream:75 - [STDERR_REDIRECT] 
2025-09-19 19:39:36,579 [ERROR] LogOutputStream:75 - [STDERR_REDIRECT] [Fatal Error] :1:1: Premature end of file.
2025-09-19 19:39:36,579 [ERROR] LogOutputStream:75 - [STDERR_REDIRECT] 
2025-09-19 19:39:37,583 [ERROR] LogOutputStream:75 - [STDERR_REDIRECT] [Fatal Error] :1:1: Premature end of file.
2025-09-19 19:39:37,583 [ERROR] LogOutputStream:75 - [STDERR_REDIRECT] 
2025-09-19 19:39:38,567 [ERROR] LogOutputStream:75 - [STDERR_REDIRECT] [Fatal Error] :1:1: Premature end of file.
2025-09-19 19:39:38,568 [ERROR] LogOutputStream:75 - [STDERR_REDIRECT] 
2025-09-19 19:39:39,575 [ERROR] LogOutputStream:75 - [STDERR_REDIRECT] [Fatal Error] :1:1: Premature end of file.
2025-09-19 19:39:39,576 [ERROR] LogOutputStream:75 - [STDERR_REDIRECT] 
2025-09-19 19:39:40,575 [ERROR] LogOutputStream:75 - [STDERR_REDIRECT] [Fatal Error] :1:1: Premature end of file.
2025-09-19 19:39:40,576 [ERROR] LogOutputStream:75 - [STDERR_REDIRECT] 
2025-09-19 19:39:41,573 [ERROR] LogOutputStream:75 - [STDERR_REDIRECT] [Fatal Error] :1:1: Premature end of file.
2025-09-19 19:39:41,573 [ERROR] LogOutputStream:75 - [STDERR_REDIRECT] 
2025-09-19 19:39:42,576 [ERROR] LogOutputStream:75 - [STDERR_REDIRECT] [Fatal Error] :1:1: Premature end of file.
2025-09-19 19:39:42,576 [ERROR] LogOutputStream:75 - [STDERR_REDIRECT] 
2025-09-19 19:39:43,576 [ERROR] LogOutputStream:75 - [STDERR_REDIRECT] [Fatal Error] :1:1: Premature end of file.
2025-09-19 19:39:43,576 [ERROR] LogOutputStream:75 - [STDERR_REDIRECT] 
2025-09-19 19:39:44,576 [ERROR] LogOutputStream:75 - [STDERR_REDIRECT] [Fatal Error] :1:1: Premature end of file.
2025-09-19 19:39:44,576 [ERROR] LogOutputStream:75 - [STDERR_REDIRECT] 
2025-09-19 19:39:45,570 [ERROR] LogOutputStream:75 - [STDERR_REDIRECT] [Fatal Error] :1:1: Premature end of file.
2025-09-19 19:39:45,570 [ERROR] LogOutputStream:75 - [STDERR_REDIRECT] 
2025-09-19 19:39:46,570 [ERROR] LogOutputStream:75 - [STDERR_REDIRECT] [Fatal Error] :1:1: Premature end of file.
2025-09-19 19:39:46,570 [ERROR] LogOutputStream:75 - [STDERR_REDIRECT] 
2025-09-19 19:39:47,567 [ERROR] LogOutputStream:75 - [STDERR_REDIRECT] [Fatal Error] :1:1: Premature end of file.
2025-09-19 19:39:47,567 [ERROR] LogOutputStream:75 - [STDERR_REDIRECT] 
2025-09-19 19:39:48,569 [ERROR] LogOutputStream:75 - [STDERR_REDIRECT] [Fatal Error] :1:1: Premature end of file.
2025-09-19 19:39:48,569 [ERROR] LogOutputStream:75 - [STDERR_REDIRECT] 
2025-09-19 19:39:49,583 [ERROR] LogOutputStream:75 - [STDERR_REDIRECT] [Fatal Error] :1:1: Premature end of file.
2025-09-19 19:39:49,583 [ERROR] LogOutputStream:75 - [STDERR_REDIRECT] 
2025-09-19 19:39:50,569 [ERROR] LogOutputStream:75 - [STDERR_REDIRECT] [Fatal Error] :1:1: Premature end of file.
2025-09-19 19:39:50,569 [ERROR] LogOutputStream:75 - [STDERR_REDIRECT] 
2025-09-19 19:39:51,575 [ERROR] LogOutputStream:75 - [STDERR_REDIRECT] [Fatal Error] :1:1: Premature end of file.
2025-09-19 19:39:51,575 [ERROR] LogOutputStream:75 - [STDERR_REDIRECT] 
2025-09-19 19:39:52,569 [ERROR] LogOutputStream:75 - [STDERR_REDIRECT] [Fatal Error] :1:1: Premature end of file.
2025-09-19 19:39:52,569 [ERROR] LogOutputStream:75 - [STDERR_REDIRECT] 
2025-09-19 19:39:53,572 [ERROR] LogOutputStream:75 - [STDERR_REDIRECT] [Fatal Error] :1:1: Premature end of file.
2025-09-19 19:39:53,572 [ERROR] LogOutputStream:75 - [STDERR_REDIRECT] 
2025-09-19 19:39:54,576 [ERROR] LogOutputStream:75 - [STDERR_REDIRECT] [Fatal Error] :1:1: Premature end of file.
2025-09-19 19:39:54,576 [ERROR] LogOutputStream:75 - [STDERR_REDIRECT] 
2025-09-19 19:39:55,575 [ERROR] LogOutputStream:75 - [STDERR_REDIRECT] [Fatal Error] :1:1: Premature end of file.
2025-09-19 19:39:55,575 [ERROR] LogOutputStream:75 - [STDERR_REDIRECT] 
2025-09-19 19:39:56,573 [ERROR] LogOutputStream:75 - [STDERR_REDIRECT] [Fatal Error] :1:1: Premature end of file.
2025-09-19 19:39:56,573 [ERROR] LogOutputStream:75 - [STDERR_REDIRECT] 
2025-09-19 19:39:57,570 [ERROR] LogOutputStream:75 - [STDERR_REDIRECT] [Fatal Error] :1:1: Premature end of file.
2025-09-19 19:39:57,570 [ERROR] LogOutputStream:75 - [STDERR_REDIRECT] 
2025-09-19 19:39:58,570 [ERROR] LogOutputStream:75 - [STDERR_REDIRECT] [Fatal Error] :1:1: Premature end of file.
2025-09-19 19:39:58,570 [ERROR] LogOutputStream:75 - [STDERR_REDIRECT] 
2025-09-19 19:39:59,572 [ERROR] LogOutputStream:75 - [STDERR_REDIRECT] [Fatal Error] :1:1: Premature end of file.
2025-09-19 19:39:59,572 [ERROR] LogOutputStream:75 - [STDERR_REDIRECT] 
2025-09-19 19:40:00,571 [ERROR] LogOutputStream:75 - [STDERR_REDIRECT] [Fatal Error] :1:1: Premature end of file.
2025-09-19 19:40:00,571 [ERROR] LogOutputStream:75 - [STDERR_REDIRECT] 
2025-09-19 19:40:01,575 [ERROR] LogOutputStream:75 - [STDERR_REDIRECT] [Fatal Error] :1:1: Premature end of file.
2025-09-19 19:40:01,575 [ERROR] LogOutputStream:75 - [STDERR_REDIRECT] 
2025-09-19 19:40:02,573 [ERROR] LogOutputStream:75 - [STDERR_REDIRECT] [Fatal Error] :1:1: Premature end of file.
2025-09-19 19:40:02,573 [ERROR] LogOutputStream:75 - [STDERR_REDIRECT] 
2025-09-19 19:40:03,572 [ERROR] LogOutputStream:75 - [STDERR_REDIRECT] [Fatal Error] :1:1: Premature end of file.
2025-09-19 19:40:03,572 [ERROR] LogOutputStream:75 - [STDERR_REDIRECT] 
2025-09-19 19:40:04,569 [ERROR] LogOutputStream:75 - [STDERR_REDIRECT] [Fatal Error] :1:1: Premature end of file.
2025-09-19 19:40:04,569 [ERROR] LogOutputStream:75 - [STDERR_REDIRECT] 
2025-09-19 19:40:05,576 [ERROR] LogOutputStream:75 - [STDERR_REDIRECT] [Fatal Error] :1:1: Premature end of file.
2025-09-19 19:40:05,576 [ERROR] LogOutputStream:75 - [STDERR_REDIRECT] 
2025-09-19 19:40:06,578 [ERROR] LogOutputStream:75 - [STDERR_REDIRECT] [Fatal Error] :1:1: Premature end of file.
2025-09-19 19:40:06,578 [ERROR] LogOutputStream:75 - [STDERR_REDIRECT] 
2025-09-19 19:40:07,572 [ERROR] LogOutputStream:75 - [STDERR_REDIRECT] [Fatal Error] :1:1: Premature end of file.
2025-09-19 19:40:07,572 [ERROR] LogOutputStream:75 - [STDERR_REDIRECT] 
2025-09-19 19:40:08,575 [ERROR] LogOutputStream:75 - [STDERR_REDIRECT] [Fatal Error] :1:1: Premature end of file.
2025-09-19 19:40:08,576 [ERROR] LogOutputStream:75 - [STDERR_REDIRECT] 
2025-09-19 19:40:09,576 [ERROR] LogOutputStream:75 - [STDERR_REDIRECT] [Fatal Error] :1:1: Premature end of file.
2025-09-19 19:40:09,576 [ERROR] LogOutputStream:75 - [STDERR_REDIRECT] 
2025-09-19 19:40:10,575 [ERROR] LogOutputStream:75 - [STDERR_REDIRECT] [Fatal Error] :1:1: Premature end of file.
2025-09-19 19:40:10,577 [ERROR] LogOutputStream:75 - [STDERR_REDIRECT] 
2025-09-19 19:40:11,584 [ERROR] LogOutputStream:75 - [STDERR_REDIRECT] [Fatal Error] :1:1: Premature end of file.
2025-09-19 19:40:11,584 [ERROR] LogOutputStream:75 - [STDERR_REDIRECT] 
2025-09-19 19:40:12,575 [ERROR] LogOutputStream:75 - [STDERR_REDIRECT] [Fatal Error] :1:1: Premature end of file.
2025-09-19 19:40:12,575 [ERROR] LogOutputStream:75 - [STDERR_REDIRECT] 
2025-09-19 19:40:13,582 [ERROR] LogOutputStream:75 - [STDERR_REDIRECT] [Fatal Error] :1:1: Premature end of file.
2025-09-19 19:40:13,582 [ERROR] LogOutputStream:75 - [STDERR_REDIRECT] 
2025-09-19 19:40:14,583 [ERROR] LogOutputStream:75 - [STDERR_REDIRECT] [Fatal Error] :1:1: Premature end of file.
2025-09-19 19:40:14,583 [ERROR] LogOutputStream:75 - [STDERR_REDIRECT] 
2025-09-19 19:40:15,575 [ERROR] LogOutputStream:75 - [STDERR_REDIRECT] [Fatal Error] :1:1: Premature end of file.
2025-09-19 19:40:15,576 [ERROR] LogOutputStream:75 - [STDERR_REDIRECT] 
2025-09-19 19:40:16,575 [ERROR] LogOutputStream:75 - [STDERR_REDIRECT] [Fatal Error] :1:1: Premature end of file.
2025-09-19 19:40:16,576 [ERROR] LogOutputStream:75 - [STDERR_REDIRECT] 
2025-09-19 19:40:17,577 [ERROR] LogOutputStream:75 - [STDERR_REDIRECT] [Fatal Error] :1:1: Premature end of file.
2025-09-19 19:40:17,578 [ERROR] LogOutputStream:75 - [STDERR_REDIRECT] 
2025-09-19 19:40:18,578 [ERROR] LogOutputStream:75 - [STDERR_REDIRECT] [Fatal Error] :1:1: Premature end of file.
2025-09-19 19:40:18,578 [ERROR] LogOutputStream:75 - [STDERR_REDIRECT] 
2025-09-19 19:40:19,582 [ERROR] LogOutputStream:75 - [STDERR_REDIRECT] [Fatal Error] :1:1: Premature end of file.
2025-09-19 19:40:19,582 [ERROR] LogOutputStream:75 - [STDERR_REDIRECT] 
2025-09-19 19:40:20,569 [ERROR] LogOutputStream:75 - [STDERR_REDIRECT] [Fatal Error] :1:1: Premature end of file.
2025-09-19 19:40:20,569 [ERROR] LogOutputStream:75 - [STDERR_REDIRECT] 
2025-09-19 19:40:21,583 [ERROR] LogOutputStream:75 - [STDERR_REDIRECT] [Fatal Error] :1:1: Premature end of file.
2025-09-19 19:40:21,583 [ERROR] LogOutputStream:75 - [STDERR_REDIRECT] 
2025-09-19 19:40:22,567 [ERROR] LogOutputStream:75 - [STDERR_REDIRECT] [Fatal Error] :1:1: Premature end of file.
2025-09-19 19:40:22,568 [ERROR] LogOutputStream:75 - [STDERR_REDIRECT] 
2025-09-19 19:40:23,584 [ERROR] LogOutputStream:75 - [STDERR_REDIRECT] [Fatal Error] :1:1: Premature end of file.
2025-09-19 19:40:23,584 [ERROR] LogOutputStream:75 - [STDERR_REDIRECT] 
2025-09-19 19:40:24,576 [ERROR] LogOutputStream:75 - [STDERR_REDIRECT] [Fatal Error] :1:1: Premature end of file.
2025-09-19 19:40:24,576 [ERROR] LogOutputStream:75 - [STDERR_REDIRECT] 
2025-09-19 19:40:25,570 [ERROR] LogOutputStream:75 - [STDERR_REDIRECT] [Fatal Error] :1:1: Premature end of file.
2025-09-19 19:40:25,570 [ERROR] LogOutputStream:75 - [STDERR_REDIRECT] 
2025-09-19 19:40:26,570 [ERROR] LogOutputStream:75 - [STDERR_REDIRECT] [Fatal Error] :1:1: Premature end of file.
2025-09-19 19:40:26,570 [ERROR] LogOutputStream:75 - [STDERR_REDIRECT] 
2025-09-19 19:40:27,567 [ERROR] LogOutputStream:75 - [STDERR_REDIRECT] [Fatal Error] :1:1: Premature end of file.
2025-09-19 19:40:27,567 [ERROR] LogOutputStream:75 - [STDERR_REDIRECT] 
2025-09-19 19:40:28,580 [ERROR] LogOutputStream:75 - [STDERR_REDIRECT] [Fatal Error] :1:1: Premature end of file.
2025-09-19 19:40:28,580 [ERROR] LogOutputStream:75 - [STDERR_REDIRECT] 
2025-09-19 19:40:29,579 [ERROR] LogOutputStream:75 - [STDERR_REDIRECT] [Fatal Error] :1:1: Premature end of file.
2025-09-19 19:40:29,579 [ERROR] LogOutputStream:75 - [STDERR_REDIRECT] 
2025-09-19 19:40:30,578 [ERROR] LogOutputStream:75 - [STDERR_REDIRECT] [Fatal Error] :1:1: Premature end of file.
2025-09-19 19:40:30,578 [ERROR] LogOutputStream:75 - [STDERR_REDIRECT] 
2025-09-19 19:40:31,573 [ERROR] LogOutputStream:75 - [STDERR_REDIRECT] [Fatal Error] :1:1: Premature end of file.
2025-09-19 19:40:31,573 [ERROR] LogOutputStream:75 - [STDERR_REDIRECT] 
2025-09-19 19:40:32,574 [ERROR] LogOutputStream:75 - [STDERR_REDIRECT] [Fatal Error] :1:1: Premature end of file.
2025-09-19 19:40:32,575 [ERROR] LogOutputStream:75 - [STDERR_REDIRECT] 
2025-09-19 19:40:33,572 [ERROR] LogOutputStream:75 - [STDERR_REDIRECT] [Fatal Error] :1:1: Premature end of file.
2025-09-19 19:40:33,572 [ERROR] LogOutputStream:75 - [STDERR_REDIRECT] 
2025-09-19 19:40:34,572 [ERROR] LogOutputStream:75 - [STDERR_REDIRECT] [Fatal Error] :1:1: Premature end of file.
2025-09-19 19:40:34,572 [ERROR] LogOutputStream:75 - [STDERR_REDIRECT] 
2025-09-19 19:40:35,572 [ERROR] LogOutputStream:75 - [STDERR_REDIRECT] [Fatal Error] :1:1: Premature end of file.
2025-09-19 19:40:35,572 [ERROR] LogOutputStream:75 - [STDERR_REDIRECT] 
2025-09-19 19:40:36,570 [ERROR] LogOutputStream:75 - [STDERR_REDIRECT] [Fatal Error] :1:1: Premature end of file.
2025-09-19 19:40:36,571 [ERROR] LogOutputStream:75 - [STDERR_REDIRECT] 
2025-09-19 19:40:37,582 [ERROR] LogOutputStream:75 - [STDERR_REDIRECT] [Fatal Error] :1:1: Premature end of file.
2025-09-19 19:40:37,582 [ERROR] LogOutputStream:75 - [STDERR_REDIRECT] 
2025-09-19 19:40:38,568 [ERROR] LogOutputStream:75 - [STDERR_REDIRECT] [Fatal Error] :1:1: Premature end of file.
2025-09-19 19:40:38,569 [ERROR] LogOutputStream:75 - [STDERR_REDIRECT] 
2025-09-19 19:40:39,571 [ERROR] LogOutputStream:75 - [STDERR_REDIRECT] [Fatal Error] :1:1: Premature end of file.
2025-09-19 19:40:39,571 [ERROR] LogOutputStream:75 - [STDERR_REDIRECT] 
2025-09-19 19:40:40,567 [ERROR] LogOutputStream:75 - [STDERR_REDIRECT] [Fatal Error] :1:1: Premature end of file.
2025-09-19 19:40:40,567 [ERROR] LogOutputStream:75 - [STDERR_REDIRECT] 
2025-09-19 19:40:41,584 [ERROR] LogOutputStream:75 - [STDERR_REDIRECT] [Fatal Error] :1:1: Premature end of file.
2025-09-19 19:40:41,584 [ERROR] LogOutputStream:75 - [STDERR_REDIRECT] 
2025-09-19 19:40:42,580 [ERROR] LogOutputStream:75 - [STDERR_REDIRECT] [Fatal Error] :1:1: Premature end of file.
2025-09-19 19:40:42,580 [ERROR] LogOutputStream:75 - [STDERR_REDIRECT] 
2025-09-19 19:40:43,579 [ERROR] LogOutputStream:75 - [STDERR_REDIRECT] [Fatal Error] :1:1: Premature end of file.
2025-09-19 19:40:43,579 [ERROR] LogOutputStream:75 - [STDERR_REDIRECT] 
2025-09-19 19:40:44,570 [ERROR] LogOutputStream:75 - [STDERR_REDIRECT] [Fatal Error] :1:1: Premature end of file.
2025-09-19 19:40:44,570 [ERROR] LogOutputStream:75 - [STDERR_REDIRECT] 
2025-09-19 19:40:45,571 [ERROR] LogOutputStream:75 - [STDERR_REDIRECT] [Fatal Error] :1:1: Premature end of file.
2025-09-19 19:40:45,571 [ERROR] LogOutputStream:75 - [STDERR_REDIRECT] 
2025-09-19 19:40:46,569 [ERROR] LogOutputStream:75 - [STDERR_REDIRECT] [Fatal Error] :1:1: Premature end of file.
2025-09-19 19:40:46,569 [ERROR] LogOutputStream:75 - [STDERR_REDIRECT] 
2025-09-19 19:40:47,580 [ERROR] LogOutputStream:75 - [STDERR_REDIRECT] [Fatal Error] :1:1: Premature end of file.
2025-09-19 19:40:47,580 [ERROR] LogOutputStream:75 - [STDERR_REDIRECT] 
2025-09-19 19:40:48,583 [ERROR] LogOutputStream:75 - [STDERR_REDIRECT] [Fatal Error] :1:1: Premature end of file.
2025-09-19 19:40:48,583 [ERROR] LogOutputStream:75 - [STDERR_REDIRECT] 
2025-09-19 19:40:49,582 [ERROR] LogOutputStream:75 - [STDERR_REDIRECT] [Fatal Error] :1:1: Premature end of file.
2025-09-19 19:40:49,582 [ERROR] LogOutputStream:75 - [STDERR_REDIRECT] 
2025-09-19 19:40:50,572 [ERROR] LogOutputStream:75 - [STDERR_REDIRECT] [Fatal Error] :1:1: Premature end of file.
2025-09-19 19:40:50,572 [ERROR] LogOutputStream:75 - [STDERR_REDIRECT] 
2025-09-19 19:40:51,584 [ERROR] LogOutputStream:75 - [STDERR_REDIRECT] [Fatal Error] :1:1: Premature end of file.
2025-09-19 19:40:51,584 [ERROR] LogOutputStream:75 - [STDERR_REDIRECT] 
2025-09-19 19:40:52,578 [ERROR] LogOutputStream:75 - [STDERR_REDIRECT] [Fatal Error] :1:1: Premature end of file.
2025-09-19 19:40:52,578 [ERROR] LogOutputStream:75 - [STDERR_REDIRECT] 
2025-09-19 19:40:53,572 [ERROR] LogOutputStream:75 - [STDERR_REDIRECT] [Fatal Error] :1:1: Premature end of file.
2025-09-19 19:40:53,573 [ERROR] LogOutputStream:75 - [STDERR_REDIRECT] 
2025-09-19 19:40:54,578 [ERROR] LogOutputStream:75 - [STDERR_REDIRECT] [Fatal Error] :1:1: Premature end of file.
2025-09-19 19:40:54,578 [ERROR] LogOutputStream:75 - [STDERR_REDIRECT] 
2025-09-19 19:40:55,576 [ERROR] LogOutputStream:75 - [STDERR_REDIRECT] [Fatal Error] :1:1: Premature end of file.
2025-09-19 19:40:55,577 [ERROR] LogOutputStream:75 - [STDERR_REDIRECT] 
2025-09-19 19:40:56,573 [ERROR] LogOutputStream:75 - [STDERR_REDIRECT] [Fatal Error] :1:1: Premature end of file.
2025-09-19 19:40:56,573 [ERROR] LogOutputStream:75 - [STDERR_REDIRECT] 
2025-09-19 19:40:57,569 [ERROR] LogOutputStream:75 - [STDERR_REDIRECT] [Fatal Error] :1:1: Premature end of file.
2025-09-19 19:40:57,569 [ERROR] LogOutputStream:75 - [STDERR_REDIRECT] 
2025-09-19 19:40:58,581 [ERROR] LogOutputStream:75 - [STDERR_REDIRECT] [Fatal Error] :1:1: Premature end of file.
2025-09-19 19:40:58,582 [ERROR] LogOutputStream:75 - [STDERR_REDIRECT] 
2025-09-19 19:40:59,583 [ERROR] LogOutputStream:75 - [STDERR_REDIRECT] [Fatal Error] :1:1: Premature end of file.
2025-09-19 19:40:59,584 [ERROR] LogOutputStream:75 - [STDERR_REDIRECT] 
2025-09-19 19:41:00,572 [ERROR] LogOutputStream:75 - [STDERR_REDIRECT] [Fatal Error] :1:1: Premature end of file.
2025-09-19 19:41:00,572 [ERROR] LogOutputStream:75 - [STDERR_REDIRECT] 
2025-09-19 19:41:01,575 [ERROR] LogOutputStream:75 - [STDERR_REDIRECT] [Fatal Error] :1:1: Premature end of file.
2025-09-19 19:41:01,575 [ERROR] LogOutputStream:75 - [STDERR_REDIRECT] 
2025-09-19 19:41:02,574 [ERROR] LogOutputStream:75 - [STDERR_REDIRECT] [Fatal Error] :1:1: Premature end of file.
2025-09-19 19:41:02,574 [ERROR] LogOutputStream:75 - [STDERR_REDIRECT] 
2025-09-19 19:41:03,569 [ERROR] LogOutputStream:75 - [STDERR_REDIRECT] [Fatal Error] :1:1: Premature end of file.
2025-09-19 19:41:03,569 [ERROR] LogOutputStream:75 - [STDERR_REDIRECT] 
2025-09-19 19:41:04,574 [ERROR] LogOutputStream:75 - [STDERR_REDIRECT] [Fatal Error] :1:1: Premature end of file.
2025-09-19 19:41:04,575 [ERROR] LogOutputStream:75 - [STDERR_REDIRECT] 
2025-09-19 19:41:05,569 [ERROR] LogOutputStream:75 - [STDERR_REDIRECT] [Fatal Error] :1:1: Premature end of file.
2025-09-19 19:41:05,569 [ERROR] LogOutputStream:75 - [STDERR_REDIRECT] 
2025-09-19 19:41:06,582 [ERROR] LogOutputStream:75 - [STDERR_REDIRECT] [Fatal Error] :1:1: Premature end of file.
2025-09-19 19:41:06,582 [ERROR] LogOutputStream:75 - [STDERR_REDIRECT] 
2025-09-19 19:41:07,579 [ERROR] LogOutputStream:75 - [STDERR_REDIRECT] [Fatal Error] :1:1: Premature end of file.
2025-09-19 19:41:07,579 [ERROR] LogOutputStream:75 - [STDERR_REDIRECT] 
2025-09-19 19:41:08,577 [ERROR] LogOutputStream:75 - [STDERR_REDIRECT] [Fatal Error] :1:1: Premature end of file.
2025-09-19 19:41:08,577 [ERROR] LogOutputStream:75 - [STDERR_REDIRECT] 
2025-09-19 19:41:09,576 [ERROR] LogOutputStream:75 - [STDERR_REDIRECT] [Fatal Error] :1:1: Premature end of file.
2025-09-19 19:41:09,576 [ERROR] LogOutputStream:75 - [STDERR_REDIRECT] 
2025-09-19 19:41:10,572 [ERROR] LogOutputStream:75 - [STDERR_REDIRECT] [Fatal Error] :1:1: Premature end of file.
2025-09-19 19:41:10,572 [ERROR] LogOutputStream:75 - [STDERR_REDIRECT] 
2025-09-19 19:41:11,569 [ERROR] LogOutputStream:75 - [STDERR_REDIRECT] [Fatal Error] :1:1: Premature end of file.
2025-09-19 19:41:11,570 [ERROR] LogOutputStream:75 - [STDERR_REDIRECT] 
2025-09-19 19:41:12,572 [ERROR] LogOutputStream:75 - [STDERR_REDIRECT] [Fatal Error] :1:1: Premature end of file.
2025-09-19 19:41:12,572 [ERROR] LogOutputStream:75 - [STDERR_REDIRECT] 
2025-09-19 19:41:13,577 [ERROR] LogOutputStream:75 - [STDERR_REDIRECT] [Fatal Error] :1:1: Premature end of file.
2025-09-19 19:41:13,577 [ERROR] LogOutputStream:75 - [STDERR_REDIRECT] 
2025-09-19 19:41:14,579 [ERROR] LogOutputStream:75 - [STDERR_REDIRECT] [Fatal Error] :1:1: Premature end of file.
2025-09-19 19:41:14,580 [ERROR] LogOutputStream:75 - [STDERR_REDIRECT] 
2025-09-19 19:41:15,574 [ERROR] LogOutputStream:75 - [STDERR_REDIRECT] [Fatal Error] :1:1: Premature end of file.
2025-09-19 19:41:15,575 [ERROR] LogOutputStream:75 - [STDERR_REDIRECT] 
2025-09-19 19:41:16,584 [ERROR] LogOutputStream:75 - [STDERR_REDIRECT] [Fatal Error] :1:1: Premature end of file.
2025-09-19 19:41:16,584 [ERROR] LogOutputStream:75 - [STDERR_REDIRECT] 
2025-09-19 19:41:17,580 [ERROR] LogOutputStream:75 - [STDERR_REDIRECT] [Fatal Error] :1:1: Premature end of file.
2025-09-19 19:41:17,580 [ERROR] LogOutputStream:75 - [STDERR_REDIRECT] 
2025-09-19 19:41:18,575 [ERROR] LogOutputStream:75 - [STDERR_REDIRECT] [Fatal Error] :1:1: Premature end of file.
2025-09-19 19:41:18,575 [ERROR] LogOutputStream:75 - [STDERR_REDIRECT] 
2025-09-19 19:41:19,578 [ERROR] LogOutputStream:75 - [STDERR_REDIRECT] [Fatal Error] :1:1: Premature end of file.
2025-09-19 19:41:19,578 [ERROR] LogOutputStream:75 - [STDERR_REDIRECT] 
2025-09-19 19:41:20,573 [ERROR] LogOutputStream:75 - [STDERR_REDIRECT] [Fatal Error] :1:1: Premature end of file.
2025-09-19 19:41:20,573 [ERROR] LogOutputStream:75 - [STDERR_REDIRECT] 
2025-09-19 19:41:21,570 [ERROR] LogOutputStream:75 - [STDERR_REDIRECT] [Fatal Error] :1:1: Premature end of file.
2025-09-19 19:41:21,570 [ERROR] LogOutputStream:75 - [STDERR_REDIRECT] 
2025-09-19 19:41:22,575 [ERROR] LogOutputStream:75 - [STDERR_REDIRECT] [Fatal Error] :1:1: Premature end of file.
2025-09-19 19:41:22,575 [ERROR] LogOutputStream:75 - [STDERR_REDIRECT] 
2025-09-19 19:41:23,572 [ERROR] LogOutputStream:75 - [STDERR_REDIRECT] [Fatal Error] :1:1: Premature end of file.
2025-09-19 19:41:23,572 [ERROR] LogOutputStream:75 - [STDERR_REDIRECT] 
2025-09-19 19:41:24,572 [ERROR] LogOutputStream:75 - [STDERR_REDIRECT] [Fatal Error] :1:1: Premature end of file.
2025-09-19 19:41:24,572 [ERROR] LogOutputStream:75 - [STDERR_REDIRECT] 
2025-09-19 19:41:25,572 [ERROR] LogOutputStream:75 - [STDERR_REDIRECT] [Fatal Error] :1:1: Premature end of file.
2025-09-19 19:41:25,572 [ERROR] LogOutputStream:75 - [STDERR_REDIRECT] 
2025-09-19 19:41:26,579 [ERROR] LogOutputStream:75 - [STDERR_REDIRECT] [Fatal Error] :1:1: Premature end of file.
2025-09-19 19:41:26,579 [ERROR] LogOutputStream:75 - [STDERR_REDIRECT] 
2025-09-19 19:41:27,576 [ERROR] LogOutputStream:75 - [STDERR_REDIRECT] [Fatal Error] :1:1: Premature end of file.
2025-09-19 19:41:27,576 [ERROR] LogOutputStream:75 - [STDERR_REDIRECT] 
2025-09-19 19:41:28,576 [ERROR] LogOutputStream:75 - [STDERR_REDIRECT] [Fatal Error] :1:1: Premature end of file.
2025-09-19 19:41:28,576 [ERROR] LogOutputStream:75 - [STDERR_REDIRECT] 
2025-09-19 19:41:29,574 [ERROR] LogOutputStream:75 - [STDERR_REDIRECT] [Fatal Error] :1:1: Premature end of file.
2025-09-19 19:41:29,574 [ERROR] LogOutputStream:75 - [STDERR_REDIRECT] 
2025-09-19 19:41:30,576 [ERROR] LogOutputStream:75 - [STDERR_REDIRECT] [Fatal Error] :1:1: Premature end of file.
2025-09-19 19:41:30,576 [ERROR] LogOutputStream:75 - [STDERR_REDIRECT] 
2025-09-19 19:41:31,574 [ERROR] LogOutputStream:75 - [STDERR_REDIRECT] [Fatal Error] :1:1: Premature end of file.
2025-09-19 19:41:31,574 [ERROR] LogOutputStream:75 - [STDERR_REDIRECT] 
2025-09-19 19:41:32,581 [ERROR] LogOutputStream:75 - [STDERR_REDIRECT] [Fatal Error] :1:1: Premature end of file.
2025-09-19 19:41:32,581 [ERROR] LogOutputStream:75 - [STDERR_REDIRECT] 
2025-09-19 19:41:33,575 [ERROR] LogOutputStream:75 - [STDERR_REDIRECT] [Fatal Error] :1:1: Premature end of file.
2025-09-19 19:41:33,575 [ERROR] LogOutputStream:75 - [STDERR_REDIRECT] 
2025-09-19 19:41:34,582 [ERROR] LogOutputStream:75 - [STDERR_REDIRECT] [Fatal Error] :1:1: Premature end of file.
2025-09-19 19:41:34,582 [ERROR] LogOutputStream:75 - [STDERR_REDIRECT] 
2025-09-19 19:41:35,583 [ERROR] LogOutputStream:75 - [STDERR_REDIRECT] [Fatal Error] :1:1: Premature end of file.
2025-09-19 19:41:35,583 [ERROR] LogOutputStream:75 - [STDERR_REDIRECT] 
2025-09-19 19:41:36,577 [ERROR] LogOutputStream:75 - [STDERR_REDIRECT] [Fatal Error] :1:1: Premature end of file.
2025-09-19 19:41:36,577 [ERROR] LogOutputStream:75 - [STDERR_REDIRECT] 
2025-09-19 19:41:37,579 [ERROR] LogOutputStream:75 - [STDERR_REDIRECT] [Fatal Error] :1:1: Premature end of file.
2025-09-19 19:41:37,579 [ERROR] LogOutputStream:75 - [STDERR_REDIRECT] 
2025-09-19 19:41:38,580 [ERROR] LogOutputStream:75 - [STDERR_REDIRECT] [Fatal Error] :1:1: Premature end of file.
2025-09-19 19:41:38,580 [ERROR] LogOutputStream:75 - [STDERR_REDIRECT] 
2025-09-19 19:41:39,607 [ERROR] LogOutputStream:75 - [STDERR_REDIRECT] [Fatal Error] :1:1: Premature end of file.
2025-09-19 19:41:39,608 [ERROR] LogOutputStream:75 - [STDERR_REDIRECT] 
2025-09-19 19:41:40,587 [ERROR] LogOutputStream:75 - [STDERR_REDIRECT] [Fatal Error] :1:1: Premature end of file.
2025-09-19 19:41:40,587 [ERROR] LogOutputStream:75 - [STDERR_REDIRECT] 
2025-09-19 19:41:41,583 [ERROR] LogOutputStream:75 - [STDERR_REDIRECT] [Fatal Error] :1:1: Premature end of file.
2025-09-19 19:41:41,583 [ERROR] LogOutputStream:75 - [STDERR_REDIRECT] 
2025-09-19 19:41:42,580 [ERROR] LogOutputStream:75 - [STDERR_REDIRECT] [Fatal Error] :1:1: Premature end of file.
2025-09-19 19:41:42,580 [ERROR] LogOutputStream:75 - [STDERR_REDIRECT] 
2025-09-19 19:41:43,573 [ERROR] LogOutputStream:75 - [STDERR_REDIRECT] [Fatal Error] :1:1: Premature end of file.
2025-09-19 19:41:43,573 [ERROR] LogOutputStream:75 - [STDERR_REDIRECT] 
2025-09-19 19:41:44,574 [ERROR] LogOutputStream:75 - [STDERR_REDIRECT] [Fatal Error] :1:1: Premature end of file.
2025-09-19 19:41:44,574 [ERROR] LogOutputStream:75 - [STDERR_REDIRECT] 
2025-09-19 19:41:45,573 [ERROR] LogOutputStream:75 - [STDERR_REDIRECT] [Fatal Error] :1:1: Premature end of file.
2025-09-19 19:41:45,573 [ERROR] LogOutputStream:75 - [STDERR_REDIRECT] 
2025-09-19 19:41:46,577 [ERROR] LogOutputStream:75 - [STDERR_REDIRECT] [Fatal Error] :1:1: Premature end of file.
2025-09-19 19:41:46,577 [ERROR] LogOutputStream:75 - [STDERR_REDIRECT] 
2025-09-19 19:41:47,570 [ERROR] LogOutputStream:75 - [STDERR_REDIRECT] [Fatal Error] :1:1: Premature end of file.
2025-09-19 19:41:47,570 [ERROR] LogOutputStream:75 - [STDERR_REDIRECT] 
2025-09-19 19:41:48,585 [ERROR] LogOutputStream:75 - [STDERR_REDIRECT] [Fatal Error] :1:1: Premature end of file.
2025-09-19 19:41:48,585 [ERROR] LogOutputStream:75 - [STDERR_REDIRECT] 
2025-09-19 19:41:49,577 [ERROR] LogOutputStream:75 - [STDERR_REDIRECT] [Fatal Error] :1:1: Premature end of file.
2025-09-19 19:41:49,577 [ERROR] LogOutputStream:75 - [STDERR_REDIRECT] 
2025-09-19 19:41:50,570 [ERROR] LogOutputStream:75 - [STDERR_REDIRECT] [Fatal Error] :1:1: Premature end of file.
2025-09-19 19:41:50,570 [ERROR] LogOutputStream:75 - [STDERR_REDIRECT] 
2025-09-19 19:41:51,580 [ERROR] LogOutputStream:75 - [STDERR_REDIRECT] [Fatal Error] :1:1: Premature end of file.
2025-09-19 19:41:51,580 [ERROR] LogOutputStream:75 - [STDERR_REDIRECT] 
2025-09-19 19:41:52,583 [ERROR] LogOutputStream:75 - [STDERR_REDIRECT] [Fatal Error] :1:1: Premature end of file.
2025-09-19 19:41:52,583 [ERROR] LogOutputStream:75 - [STDERR_REDIRECT] 
2025-09-19 19:41:53,579 [ERROR] LogOutputStream:75 - [STDERR_REDIRECT] [Fatal Error] :1:1: Premature end of file.
2025-09-19 19:41:53,579 [ERROR] LogOutputStream:75 - [STDERR_REDIRECT] 
2025-09-19 19:41:54,575 [ERROR] LogOutputStream:75 - [STDERR_REDIRECT] [Fatal Error] :1:1: Premature end of file.
2025-09-19 19:41:54,575 [ERROR] LogOutputStream:75 - [STDERR_REDIRECT] 
2025-09-19 19:41:55,580 [ERROR] LogOutputStream:75 - [STDERR_REDIRECT] [Fatal Error] :1:1: Premature end of file.
2025-09-19 19:41:55,580 [ERROR] LogOutputStream:75 - [STDERR_REDIRECT] 
2025-09-19 19:41:56,570 [ERROR] LogOutputStream:75 - [STDERR_REDIRECT] [Fatal Error] :1:1: Premature end of file.
2025-09-19 19:41:56,570 [ERROR] LogOutputStream:75 - [STDERR_REDIRECT] 
2025-09-19 19:41:57,581 [ERROR] LogOutputStream:75 - [STDERR_REDIRECT] [Fatal Error] :1:1: Premature end of file.
2025-09-19 19:41:57,581 [ERROR] LogOutputStream:75 - [STDERR_REDIRECT] 
2025-09-19 19:41:58,579 [ERROR] LogOutputStream:75 - [STDERR_REDIRECT] [Fatal Error] :1:1: Premature end of file.
2025-09-19 19:41:58,579 [ERROR] LogOutputStream:75 - [STDERR_REDIRECT] 
2025-09-19 19:41:59,575 [ERROR] LogOutputStream:75 - [STDERR_REDIRECT] [Fatal Error] :1:1: Premature end of file.
2025-09-19 19:41:59,575 [ERROR] LogOutputStream:75 - [STDERR_REDIRECT] 
2025-09-19 19:42:00,583 [ERROR] LogOutputStream:75 - [STDERR_REDIRECT] [Fatal Error] :1:1: Premature end of file.
2025-09-19 19:42:00,583 [ERROR] LogOutputStream:75 - [STDERR_REDIRECT] 
2025-09-19 19:42:01,577 [ERROR] LogOutputStream:75 - [STDERR_REDIRECT] [Fatal Error] :1:1: Premature end of file.
2025-09-19 19:42:01,577 [ERROR] LogOutputStream:75 - [STDERR_REDIRECT] 
2025-09-19 19:42:02,572 [ERROR] LogOutputStream:75 - [STDERR_REDIRECT] [Fatal Error] :1:1: Premature end of file.
2025-09-19 19:42:02,572 [ERROR] LogOutputStream:75 - [STDERR_REDIRECT] 
2025-09-19 19:42:03,583 [ERROR] LogOutputStream:75 - [STDERR_REDIRECT] [Fatal Error] :1:1: Premature end of file.
2025-09-19 19:42:03,583 [ERROR] LogOutputStream:75 - [STDERR_REDIRECT] 
2025-09-19 19:42:04,581 [ERROR] LogOutputStream:75 - [STDERR_REDIRECT] [Fatal Error] :1:1: Premature end of file.
2025-09-19 19:42:04,581 [ERROR] LogOutputStream:75 - [STDERR_REDIRECT] 
2025-09-19 19:42:05,581 [ERROR] LogOutputStream:75 - [STDERR_REDIRECT] [Fatal Error] :1:1: Premature end of file.
2025-09-19 19:42:05,581 [ERROR] LogOutputStream:75 - [STDERR_REDIRECT] 
2025-09-19 19:42:06,574 [ERROR] LogOutputStream:75 - [STDERR_REDIRECT] [Fatal Error] :1:1: Premature end of file.
2025-09-19 19:42:06,574 [ERROR] LogOutputStream:75 - [STDERR_REDIRECT] 
2025-09-19 19:42:07,583 [ERROR] LogOutputStream:75 - [STDERR_REDIRECT] [Fatal Error] :1:1: Premature end of file.
2025-09-19 19:42:07,583 [ERROR] LogOutputStream:75 - [STDERR_REDIRECT] 
2025-09-19 19:42:08,613 [ERROR] LogOutputStream:75 - [STDERR_REDIRECT] [Fatal Error] :1:1: Premature end of file.
2025-09-19 19:42:08,613 [ERROR] LogOutputStream:75 - [STDERR_REDIRECT] 
2025-09-19 19:42:09,577 [ERROR] LogOutputStream:75 - [STDERR_REDIRECT] [Fatal Error] :1:1: Premature end of file.
2025-09-19 19:42:09,577 [ERROR] LogOutputStream:75 - [STDERR_REDIRECT] 
2025-09-19 19:42:10,581 [ERROR] LogOutputStream:75 - [STDERR_REDIRECT] [Fatal Error] :1:1: Premature end of file.
2025-09-19 19:42:10,581 [ERROR] LogOutputStream:75 - [STDERR_REDIRECT] 
2025-09-19 19:42:11,574 [ERROR] LogOutputStream:75 - [STDERR_REDIRECT] [Fatal Error] :1:1: Premature end of file.
2025-09-19 19:42:11,574 [ERROR] LogOutputStream:75 - [STDERR_REDIRECT] 
2025-09-19 19:42:12,570 [ERROR] LogOutputStream:75 - [STDERR_REDIRECT] [Fatal Error] :1:1: Premature end of file.
2025-09-19 19:42:12,570 [ERROR] LogOutputStream:75 - [STDERR_REDIRECT] 
2025-09-19 19:42:13,570 [ERROR] LogOutputStream:75 - [STDERR_REDIRECT] [Fatal Error] :1:1: Premature end of file.
2025-09-19 19:42:13,570 [ERROR] LogOutputStream:75 - [STDERR_REDIRECT] 
2025-09-19 19:42:14,586 [ERROR] LogOutputStream:75 - [STDERR_REDIRECT] [Fatal Error] :1:1: Premature end of file.
2025-09-19 19:42:14,586 [ERROR] LogOutputStream:75 - [STDERR_REDIRECT] 
2025-09-19 19:42:15,578 [ERROR] LogOutputStream:75 - [STDERR_REDIRECT] [Fatal Error] :1:1: Premature end of file.
2025-09-19 19:42:15,578 [ERROR] LogOutputStream:75 - [STDERR_REDIRECT] 
2025-09-19 19:42:16,574 [ERROR] LogOutputStream:75 - [STDERR_REDIRECT] [Fatal Error] :1:1: Premature end of file.
2025-09-19 19:42:16,574 [ERROR] LogOutputStream:75 - [STDERR_REDIRECT] 
2025-09-19 19:42:17,580 [ERROR] LogOutputStream:75 - [STDERR_REDIRECT] [Fatal Error] :1:1: Premature end of file.
2025-09-19 19:42:17,580 [ERROR] LogOutputStream:75 - [STDERR_REDIRECT] 
2025-09-19 19:42:18,575 [ERROR] LogOutputStream:75 - [STDERR_REDIRECT] [Fatal Error] :1:1: Premature end of file.
2025-09-19 19:42:18,575 [ERROR] LogOutputStream:75 - [STDERR_REDIRECT] 
2025-09-19 19:42:19,579 [ERROR] LogOutputStream:75 - [STDERR_REDIRECT] [Fatal Error] :1:1: Premature end of file.
2025-09-19 19:42:19,579 [ERROR] LogOutputStream:75 - [STDERR_REDIRECT] 
2025-09-19 19:42:20,578 [ERROR] LogOutputStream:75 - [STDERR_REDIRECT] [Fatal Error] :1:1: Premature end of file.
2025-09-19 19:42:20,578 [ERROR] LogOutputStream:75 - [STDERR_REDIRECT] 
2025-09-19 19:42:21,572 [ERROR] LogOutputStream:75 - [STDERR_REDIRECT] [Fatal Error] :1:1: Premature end of file.
2025-09-19 19:42:21,572 [ERROR] LogOutputStream:75 - [STDERR_REDIRECT] 
2025-09-19 19:42:22,568 [ERROR] LogOutputStream:75 - [STDERR_REDIRECT] [Fatal Error] :1:1: Premature end of file.
2025-09-19 19:42:22,568 [ERROR] LogOutputStream:75 - [STDERR_REDIRECT] 
2025-09-19 19:42:23,582 [ERROR] LogOutputStream:75 - [STDERR_REDIRECT] [Fatal Error] :1:1: Premature end of file.
2025-09-19 19:42:23,582 [ERROR] LogOutputStream:75 - [STDERR_REDIRECT] 
2025-09-19 19:42:24,581 [ERROR] LogOutputStream:75 - [STDERR_REDIRECT] [Fatal Error] :1:1: Premature end of file.
2025-09-19 19:42:24,581 [ERROR] LogOutputStream:75 - [STDERR_REDIRECT] 
2025-09-19 19:42:25,574 [ERROR] LogOutputStream:75 - [STDERR_REDIRECT] [Fatal Error] :1:1: Premature end of file.
2025-09-19 19:42:25,574 [ERROR] LogOutputStream:75 - [STDERR_REDIRECT] 
2025-09-19 19:42:26,572 [ERROR] LogOutputStream:75 - [STDERR_REDIRECT] [Fatal Error] :1:1: Premature end of file.
2025-09-19 19:42:26,572 [ERROR] LogOutputStream:75 - [STDERR_REDIRECT] 
2025-09-19 19:42:27,584 [ERROR] LogOutputStream:75 - [STDERR_REDIRECT] [Fatal Error] :1:1: Premature end of file.
2025-09-19 19:42:27,585 [ERROR] LogOutputStream:75 - [STDERR_REDIRECT] 
2025-09-19 19:42:28,570 [ERROR] LogOutputStream:75 - [STDERR_REDIRECT] [Fatal Error] :1:1: Premature end of file.
2025-09-19 19:42:28,570 [ERROR] LogOutputStream:75 - [STDERR_REDIRECT] 
2025-09-19 19:42:29,582 [ERROR] LogOutputStream:75 - [STDERR_REDIRECT] [Fatal Error] :1:1: Premature end of file.
2025-09-19 19:42:29,582 [ERROR] LogOutputStream:75 - [STDERR_REDIRECT] 
2025-09-19 19:42:30,580 [ERROR] LogOutputStream:75 - [STDERR_REDIRECT] [Fatal Error] :1:1: Premature end of file.
2025-09-19 19:42:30,580 [ERROR] LogOutputStream:75 - [STDERR_REDIRECT] 
2025-09-19 19:42:31,577 [ERROR] LogOutputStream:75 - [STDERR_REDIRECT] [Fatal Error] :1:1: Premature end of file.
2025-09-19 19:42:31,577 [ERROR] LogOutputStream:75 - [STDERR_REDIRECT] 
2025-09-19 19:42:32,576 [ERROR] LogOutputStream:75 - [STDERR_REDIRECT] [Fatal Error] :1:1: Premature end of file.
2025-09-19 19:42:32,576 [ERROR] LogOutputStream:75 - [STDERR_REDIRECT] 
2025-09-19 19:42:33,576 [ERROR] LogOutputStream:75 - [STDERR_REDIRECT] [Fatal Error] :1:1: Premature end of file.
2025-09-19 19:42:33,576 [ERROR] LogOutputStream:75 - [STDERR_REDIRECT] 
2025-09-19 19:42:34,576 [ERROR] LogOutputStream:75 - [STDERR_REDIRECT] [Fatal Error] :1:1: Premature end of file.
2025-09-19 19:42:34,576 [ERROR] LogOutputStream:75 - [STDERR_REDIRECT] 
2025-09-19 19:42:35,569 [ERROR] LogOutputStream:75 - [STDERR_REDIRECT] [Fatal Error] :1:1: Premature end of file.
2025-09-19 19:42:35,570 [ERROR] LogOutputStream:75 - [STDERR_REDIRECT] 
2025-09-19 19:42:36,571 [ERROR] LogOutputStream:75 - [STDERR_REDIRECT] [Fatal Error] :1:1: Premature end of file.
2025-09-19 19:42:36,571 [ERROR] LogOutputStream:75 - [STDERR_REDIRECT] 
2025-09-19 19:42:37,581 [ERROR] LogOutputStream:75 - [STDERR_REDIRECT] [Fatal Error] :1:1: Premature end of file.
2025-09-19 19:42:37,581 [ERROR] LogOutputStream:75 - [STDERR_REDIRECT] 
2025-09-19 19:42:38,579 [ERROR] LogOutputStream:75 - [STDERR_REDIRECT] [Fatal Error] :1:1: Premature end of file.
2025-09-19 19:42:38,579 [ERROR] LogOutputStream:75 - [STDERR_REDIRECT] 
2025-09-19 19:42:39,580 [ERROR] LogOutputStream:75 - [STDERR_REDIRECT] [Fatal Error] :1:1: Premature end of file.
2025-09-19 19:42:39,580 [ERROR] LogOutputStream:75 - [STDERR_REDIRECT] 
2025-09-19 19:42:40,574 [ERROR] LogOutputStream:75 - [STDERR_REDIRECT] [Fatal Error] :1:1: Premature end of file.
2025-09-19 19:42:40,574 [ERROR] LogOutputStream:75 - [STDERR_REDIRECT] 
2025-09-19 19:42:41,579 [ERROR] LogOutputStream:75 - [STDERR_REDIRECT] [Fatal Error] :1:1: Premature end of file.
2025-09-19 19:42:41,579 [ERROR] LogOutputStream:75 - [STDERR_REDIRECT] 
2025-09-19 19:42:42,578 [ERROR] LogOutputStream:75 - [STDERR_REDIRECT] [Fatal Error] :1:1: Premature end of file.
2025-09-19 19:42:42,578 [ERROR] LogOutputStream:75 - [STDERR_REDIRECT] 
2025-09-19 19:42:43,572 [ERROR] LogOutputStream:75 - [STDERR_REDIRECT] [Fatal Error] :1:1: Premature end of file.
2025-09-19 19:42:43,573 [ERROR] LogOutputStream:75 - [STDERR_REDIRECT] 
2025-09-19 19:42:44,581 [ERROR] LogOutputStream:75 - [STDERR_REDIRECT] [Fatal Error] :1:1: Premature end of file.
2025-09-19 19:42:44,581 [ERROR] LogOutputStream:75 - [STDERR_REDIRECT] 
2025-09-19 19:42:45,583 [ERROR] LogOutputStream:75 - [STDERR_REDIRECT] [Fatal Error] :1:1: Premature end of file.
2025-09-19 19:42:45,584 [ERROR] LogOutputStream:75 - [STDERR_REDIRECT] 
2025-09-19 19:42:46,571 [ERROR] LogOutputStream:75 - [STDERR_REDIRECT] [Fatal Error] :1:1: Premature end of file.
2025-09-19 19:42:46,571 [ERROR] LogOutputStream:75 - [STDERR_REDIRECT] 
2025-09-19 19:42:47,583 [ERROR] LogOutputStream:75 - [STDERR_REDIRECT] [Fatal Error] :1:1: Premature end of file.
2025-09-19 19:42:47,583 [ERROR] LogOutputStream:75 - [STDERR_REDIRECT] 
2025-09-19 19:42:48,579 [ERROR] LogOutputStream:75 - [STDERR_REDIRECT] [Fatal Error] :1:1: Premature end of file.
2025-09-19 19:42:48,579 [ERROR] LogOutputStream:75 - [STDERR_REDIRECT] 
2025-09-19 19:42:49,577 [ERROR] LogOutputStream:75 - [STDERR_REDIRECT] [Fatal Error] :1:1: Premature end of file.
2025-09-19 19:42:49,577 [ERROR] LogOutputStream:75 - [STDERR_REDIRECT] 
2025-09-19 19:42:50,579 [ERROR] LogOutputStream:75 - [STDERR_REDIRECT] [Fatal Error] :1:1: Premature end of file.
2025-09-19 19:42:50,579 [ERROR] LogOutputStream:75 - [STDERR_REDIRECT] 
2025-09-19 19:42:51,583 [ERROR] LogOutputStream:75 - [STDERR_REDIRECT] [Fatal Error] :1:1: Premature end of file.
2025-09-19 19:42:51,583 [ERROR] LogOutputStream:75 - [STDERR_REDIRECT] 
2025-09-19 19:42:52,583 [ERROR] LogOutputStream:75 - [STDERR_REDIRECT] [Fatal Error] :1:1: Premature end of file.
2025-09-19 19:42:52,583 [ERROR] LogOutputStream:75 - [STDERR_REDIRECT] 
2025-09-19 19:42:53,578 [ERROR] LogOutputStream:75 - [STDERR_REDIRECT] [Fatal Error] :1:1: Premature end of file.
2025-09-19 19:42:53,578 [ERROR] LogOutputStream:75 - [STDERR_REDIRECT] 
2025-09-19 19:42:54,575 [ERROR] LogOutputStream:75 - [STDERR_REDIRECT] [Fatal Error] :1:1: Premature end of file.
2025-09-19 19:42:54,575 [ERROR] LogOutputStream:75 - [STDERR_REDIRECT] 
2025-09-19 19:42:55,569 [ERROR] LogOutputStream:75 - [STDERR_REDIRECT] [Fatal Error] :1:1: Premature end of file.
2025-09-19 19:42:55,569 [ERROR] LogOutputStream:75 - [STDERR_REDIRECT] 
2025-09-19 19:42:56,626 [ERROR] LogOutputStream:75 - [STDERR_REDIRECT] [Fatal Error] :1:1: Premature end of file.
2025-09-19 19:42:56,626 [ERROR] LogOutputStream:75 - [STDERR_REDIRECT] 
2025-09-19 19:42:57,578 [ERROR] LogOutputStream:75 - [STDERR_REDIRECT] [Fatal Error] :1:1: Premature end of file.
2025-09-19 19:42:57,578 [ERROR] LogOutputStream:75 - [STDERR_REDIRECT] 
2025-09-19 19:42:58,572 [ERROR] LogOutputStream:75 - [STDERR_REDIRECT] [Fatal Error] :1:1: Premature end of file.
2025-09-19 19:42:58,572 [ERROR] LogOutputStream:75 - [STDERR_REDIRECT] 
2025-09-19 19:42:59,577 [ERROR] LogOutputStream:75 - [STDERR_REDIRECT] [Fatal Error] :1:1: Premature end of file.
2025-09-19 19:42:59,578 [ERROR] LogOutputStream:75 - [STDERR_REDIRECT] 
2025-09-19 19:43:00,583 [ERROR] LogOutputStream:75 - [STDERR_REDIRECT] [Fatal Error] :1:1: Premature end of file.
2025-09-19 19:43:00,583 [ERROR] LogOutputStream:75 - [STDERR_REDIRECT] 
2025-09-19 19:43:01,578 [ERROR] LogOutputStream:75 - [STDERR_REDIRECT] [Fatal Error] :1:1: Premature end of file.
2025-09-19 19:43:01,578 [ERROR] LogOutputStream:75 - [STDERR_REDIRECT] 
2025-09-19 19:43:02,572 [ERROR] LogOutputStream:75 - [STDERR_REDIRECT] [Fatal Error] :1:1: Premature end of file.
2025-09-19 19:43:02,572 [ERROR] LogOutputStream:75 - [STDERR_REDIRECT] 
2025-09-19 19:43:03,574 [ERROR] LogOutputStream:75 - [STDERR_REDIRECT] [Fatal Error] :1:1: Premature end of file.
2025-09-19 19:43:03,574 [ERROR] LogOutputStream:75 - [STDERR_REDIRECT] 
2025-09-19 19:43:04,570 [ERROR] LogOutputStream:75 - [STDERR_REDIRECT] [Fatal Error] :1:1: Premature end of file.
2025-09-19 19:43:04,571 [ERROR] LogOutputStream:75 - [STDERR_REDIRECT] 
2025-09-19 19:43:05,567 [ERROR] LogOutputStream:75 - [STDERR_REDIRECT] [Fatal Error] :1:1: Premature end of file.
2025-09-19 19:43:05,567 [ERROR] LogOutputStream:75 - [STDERR_REDIRECT] 
2025-09-19 19:43:06,574 [ERROR] LogOutputStream:75 - [STDERR_REDIRECT] [Fatal Error] :1:1: Premature end of file.
2025-09-19 19:43:06,574 [ERROR] LogOutputStream:75 - [STDERR_REDIRECT] 
2025-09-19 19:43:07,572 [ERROR] LogOutputStream:75 - [STDERR_REDIRECT] [Fatal Error] :1:1: Premature end of file.
2025-09-19 19:43:07,572 [ERROR] LogOutputStream:75 - [STDERR_REDIRECT] 
2025-09-19 19:43:08,573 [ERROR] LogOutputStream:75 - [STDERR_REDIRECT] [Fatal Error] :1:1: Premature end of file.
2025-09-19 19:43:08,574 [ERROR] LogOutputStream:75 - [STDERR_REDIRECT] 
2025-09-19 19:43:09,577 [ERROR] LogOutputStream:75 - [STDERR_REDIRECT] [Fatal Error] :1:1: Premature end of file.
2025-09-19 19:43:09,577 [ERROR] LogOutputStream:75 - [STDERR_REDIRECT] 
2025-09-19 19:43:10,583 [ERROR] LogOutputStream:75 - [STDERR_REDIRECT] [Fatal Error] :1:1: Premature end of file.
2025-09-19 19:43:10,583 [ERROR] LogOutputStream:75 - [STDERR_REDIRECT] 
2025-09-19 19:43:11,579 [ERROR] LogOutputStream:75 - [STDERR_REDIRECT] [Fatal Error] :1:1: Premature end of file.
2025-09-19 19:43:11,579 [ERROR] LogOutputStream:75 - [STDERR_REDIRECT] 
2025-09-19 19:43:12,580 [ERROR] LogOutputStream:75 - [STDERR_REDIRECT] [Fatal Error] :1:1: Premature end of file.
2025-09-19 19:43:12,580 [ERROR] LogOutputStream:75 - [STDERR_REDIRECT] 
2025-09-19 19:43:13,586 [ERROR] LogOutputStream:75 - [STDERR_REDIRECT] [Fatal Error] :1:1: Premature end of file.
2025-09-19 19:43:13,586 [ERROR] LogOutputStream:75 - [STDERR_REDIRECT] 
2025-09-19 19:43:14,597 [ERROR] LogOutputStream:75 - [STDERR_REDIRECT] [Fatal Error] :1:1: Premature end of file.
2025-09-19 19:43:14,597 [ERROR] LogOutputStream:75 - [STDERR_REDIRECT] 
2025-09-19 19:43:15,593 [ERROR] LogOutputStream:75 - [STDERR_REDIRECT] [Fatal Error] :1:1: Premature end of file.
2025-09-19 19:43:15,593 [ERROR] LogOutputStream:75 - [STDERR_REDIRECT] 
2025-09-19 19:43:16,667 [ERROR] LogOutputStream:75 - [STDERR_REDIRECT] [Fatal Error] :1:1: Premature end of file.
2025-09-19 19:43:16,667 [ERROR] LogOutputStream:75 - [STDERR_REDIRECT] 
2025-09-19 19:43:17,597 [ERROR] LogOutputStream:75 - [STDERR_REDIRECT] [Fatal Error] :1:1: Premature end of file.
2025-09-19 19:43:17,597 [ERROR] LogOutputStream:75 - [STDERR_REDIRECT] 
2025-09-19 19:43:18,610 [ERROR] LogOutputStream:75 - [STDERR_REDIRECT] [Fatal Error] :1:1: Premature end of file.
2025-09-19 19:43:18,610 [ERROR] LogOutputStream:75 - [STDERR_REDIRECT] 
2025-09-19 19:43:19,588 [ERROR] LogOutputStream:75 - [STDERR_REDIRECT] [Fatal Error] :1:1: Premature end of file.
2025-09-19 19:43:19,588 [ERROR] LogOutputStream:75 - [STDERR_REDIRECT] 
2025-09-19 19:43:20,586 [ERROR] LogOutputStream:75 - [STDERR_REDIRECT] [Fatal Error] :1:1: Premature end of file.
2025-09-19 19:43:20,586 [ERROR] LogOutputStream:75 - [STDERR_REDIRECT] 
2025-09-19 19:43:21,592 [ERROR] LogOutputStream:75 - [STDERR_REDIRECT] [Fatal Error] :1:1: Premature end of file.
2025-09-19 19:43:21,592 [ERROR] LogOutputStream:75 - [STDERR_REDIRECT] 
2025-09-19 19:43:22,584 [ERROR] LogOutputStream:75 - [STDERR_REDIRECT] [Fatal Error] :1:1: Premature end of file.
2025-09-19 19:43:22,584 [ERROR] LogOutputStream:75 - [STDERR_REDIRECT] 
2025-09-19 19:43:23,572 [ERROR] LogOutputStream:75 - [STDERR_REDIRECT] [Fatal Error] :1:1: Premature end of file.
2025-09-19 19:43:23,572 [ERROR] LogOutputStream:75 - [STDERR_REDIRECT] 
2025-09-19 19:43:24,584 [ERROR] LogOutputStream:75 - [STDERR_REDIRECT] [Fatal Error] :1:1: Premature end of file.
2025-09-19 19:43:24,584 [ERROR] LogOutputStream:75 - [STDERR_REDIRECT] 
2025-09-19 19:43:25,582 [ERROR] LogOutputStream:75 - [STDERR_REDIRECT] [Fatal Error] :1:1: Premature end of file.
2025-09-19 19:43:25,583 [ERROR] LogOutputStream:75 - [STDERR_REDIRECT] 
2025-09-19 19:43:26,582 [ERROR] LogOutputStream:75 - [STDERR_REDIRECT] [Fatal Error] :1:1: Premature end of file.
2025-09-19 19:43:26,582 [ERROR] LogOutputStream:75 - [STDERR_REDIRECT] 
2025-09-19 19:43:27,593 [ERROR] LogOutputStream:75 - [STDERR_REDIRECT] [Fatal Error] :1:1: Premature end of file.
2025-09-19 19:43:27,593 [ERROR] LogOutputStream:75 - [STDERR_REDIRECT] 
2025-09-19 19:43:28,596 [ERROR] LogOutputStream:75 - [STDERR_REDIRECT] [Fatal Error] :1:1: Premature end of file.
2025-09-19 19:43:28,596 [ERROR] LogOutputStream:75 - [STDERR_REDIRECT] 
2025-09-19 19:43:29,608 [ERROR] LogOutputStream:75 - [STDERR_REDIRECT] [Fatal Error] :1:1: Premature end of file.
2025-09-19 19:43:29,608 [ERROR] LogOutputStream:75 - [STDERR_REDIRECT] 
2025-09-19 19:43:30,587 [ERROR] LogOutputStream:75 - [STDERR_REDIRECT] [Fatal Error] :1:1: Premature end of file.
2025-09-19 19:43:30,587 [ERROR] LogOutputStream:75 - [STDERR_REDIRECT] 
2025-09-19 19:43:31,580 [ERROR] LogOutputStream:75 - [STDERR_REDIRECT] [Fatal Error] :1:1: Premature end of file.
2025-09-19 19:43:31,580 [ERROR] LogOutputStream:75 - [STDERR_REDIRECT] 
2025-09-19 19:43:32,579 [ERROR] LogOutputStream:75 - [STDERR_REDIRECT] [Fatal Error] :1:1: Premature end of file.
2025-09-19 19:43:32,580 [ERROR] LogOutputStream:75 - [STDERR_REDIRECT] 
2025-09-19 19:43:33,587 [ERROR] LogOutputStream:75 - [STDERR_REDIRECT] [Fatal Error] :1:1: Premature end of file.
2025-09-19 19:43:33,587 [ERROR] LogOutputStream:75 - [STDERR_REDIRECT] 
2025-09-19 19:43:34,578 [ERROR] LogOutputStream:75 - [STDERR_REDIRECT] [Fatal Error] :1:1: Premature end of file.
2025-09-19 19:43:34,578 [ERROR] LogOutputStream:75 - [STDERR_REDIRECT] 
2025-09-19 19:43:35,583 [ERROR] LogOutputStream:75 - [STDERR_REDIRECT] [Fatal Error] :1:1: Premature end of file.
2025-09-19 19:43:35,583 [ERROR] LogOutputStream:75 - [STDERR_REDIRECT] 
2025-09-19 19:43:36,582 [ERROR] LogOutputStream:75 - [STDERR_REDIRECT] [Fatal Error] :1:1: Premature end of file.
2025-09-19 19:43:36,582 [ERROR] LogOutputStream:75 - [STDERR_REDIRECT] 
2025-09-19 19:43:37,575 [ERROR] LogOutputStream:75 - [STDERR_REDIRECT] [Fatal Error] :1:1: Premature end of file.
2025-09-19 19:43:37,575 [ERROR] LogOutputStream:75 - [STDERR_REDIRECT] 
2025-09-19 19:43:38,589 [ERROR] LogOutputStream:75 - [STDERR_REDIRECT] [Fatal Error] :1:1: Premature end of file.
2025-09-19 19:43:38,589 [ERROR] LogOutputStream:75 - [STDERR_REDIRECT] 
2025-09-19 19:43:39,572 [ERROR] LogOutputStream:75 - [STDERR_REDIRECT] [Fatal Error] :1:1: Premature end of file.
2025-09-19 19:43:39,573 [ERROR] LogOutputStream:75 - [STDERR_REDIRECT] 
2025-09-19 19:43:40,587 [ERROR] LogOutputStream:75 - [STDERR_REDIRECT] [Fatal Error] :1:1: Premature end of file.
2025-09-19 19:43:40,588 [ERROR] LogOutputStream:75 - [STDERR_REDIRECT] 
2025-09-19 19:43:41,578 [ERROR] LogOutputStream:75 - [STDERR_REDIRECT] [Fatal Error] :1:1: Premature end of file.
2025-09-19 19:43:41,578 [ERROR] LogOutputStream:75 - [STDERR_REDIRECT] 
2025-09-19 19:43:42,571 [ERROR] LogOutputStream:75 - [STDERR_REDIRECT] [Fatal Error] :1:1: Premature end of file.
2025-09-19 19:43:42,572 [ERROR] LogOutputStream:75 - [STDERR_REDIRECT] 
2025-09-19 19:43:43,584 [ERROR] LogOutputStream:75 - [STDERR_REDIRECT] [Fatal Error] :1:1: Premature end of file.
2025-09-19 19:43:43,584 [ERROR] LogOutputStream:75 - [STDERR_REDIRECT] 
2025-09-19 19:43:44,595 [ERROR] LogOutputStream:75 - [STDERR_REDIRECT] [Fatal Error] :1:1: Premature end of file.
2025-09-19 19:43:44,595 [ERROR] LogOutputStream:75 - [STDERR_REDIRECT] 
2025-09-19 19:43:45,596 [ERROR] LogOutputStream:75 - [STDERR_REDIRECT] [Fatal Error] :1:1: Premature end of file.
2025-09-19 19:43:45,596 [ERROR] LogOutputStream:75 - [STDERR_REDIRECT] 
2025-09-19 19:43:46,579 [ERROR] LogOutputStream:75 - [STDERR_REDIRECT] [Fatal Error] :1:1: Premature end of file.
2025-09-19 19:43:46,579 [ERROR] LogOutputStream:75 - [STDERR_REDIRECT] 
2025-09-19 19:43:47,584 [ERROR] LogOutputStream:75 - [STDERR_REDIRECT] [Fatal Error] :1:1: Premature end of file.
2025-09-19 19:43:47,584 [ERROR] LogOutputStream:75 - [STDERR_REDIRECT] 
2025-09-19 19:43:48,615 [ERROR] LogOutputStream:75 - [STDERR_REDIRECT] [Fatal Error] :1:1: Premature end of file.
2025-09-19 19:43:48,616 [ERROR] LogOutputStream:75 - [STDERR_REDIRECT] 
2025-09-19 19:43:49,577 [ERROR] LogOutputStream:75 - [STDERR_REDIRECT] [Fatal Error] :1:1: Premature end of file.
2025-09-19 19:43:49,577 [ERROR] LogOutputStream:75 - [STDERR_REDIRECT] 
2025-09-19 19:43:50,580 [ERROR] LogOutputStream:75 - [STDERR_REDIRECT] [Fatal Error] :1:1: Premature end of file.
2025-09-19 19:43:50,580 [ERROR] LogOutputStream:75 - [STDERR_REDIRECT] 
2025-09-19 19:43:51,579 [ERROR] LogOutputStream:75 - [STDERR_REDIRECT] [Fatal Error] :1:1: Premature end of file.
2025-09-19 19:43:51,579 [ERROR] LogOutputStream:75 - [STDERR_REDIRECT] 
2025-09-19 19:43:52,597 [ERROR] LogOutputStream:75 - [STDERR_REDIRECT] [Fatal Error] :1:1: Premature end of file.
2025-09-19 19:43:52,597 [ERROR] LogOutputStream:75 - [STDERR_REDIRECT] 
2025-09-19 19:43:53,579 [ERROR] LogOutputStream:75 - [STDERR_REDIRECT] [Fatal Error] :1:1: Premature end of file.
2025-09-19 19:43:53,579 [ERROR] LogOutputStream:75 - [STDERR_REDIRECT] 
2025-09-19 19:43:54,591 [ERROR] LogOutputStream:75 - [STDERR_REDIRECT] [Fatal Error] :1:1: Premature end of file.
2025-09-19 19:43:54,592 [ERROR] LogOutputStream:75 - [STDERR_REDIRECT] 
2025-09-19 19:43:55,595 [ERROR] LogOutputStream:75 - [STDERR_REDIRECT] [Fatal Error] :1:1: Premature end of file.
2025-09-19 19:43:55,595 [ERROR] LogOutputStream:75 - [STDERR_REDIRECT] 
2025-09-19 19:43:56,601 [ERROR] LogOutputStream:75 - [STDERR_REDIRECT] [Fatal Error] :1:1: Premature end of file.
2025-09-19 19:43:56,601 [ERROR] LogOutputStream:75 - [STDERR_REDIRECT] 
2025-09-19 19:43:57,586 [ERROR] LogOutputStream:75 - [STDERR_REDIRECT] [Fatal Error] :1:1: Premature end of file.
2025-09-19 19:43:57,586 [ERROR] LogOutputStream:75 - [STDERR_REDIRECT] 
2025-09-19 19:43:58,585 [ERROR] LogOutputStream:75 - [STDERR_REDIRECT] [Fatal Error] :1:1: Premature end of file.
2025-09-19 19:43:58,585 [ERROR] LogOutputStream:75 - [STDERR_REDIRECT] 
2025-09-19 19:43:59,584 [ERROR] LogOutputStream:75 - [STDERR_REDIRECT] [Fatal Error] :1:1: Premature end of file.
2025-09-19 19:43:59,584 [ERROR] LogOutputStream:75 - [STDERR_REDIRECT] 
2025-09-19 19:44:00,577 [ERROR] LogOutputStream:75 - [STDERR_REDIRECT] [Fatal Error] :1:1: Premature end of file.
2025-09-19 19:44:00,577 [ERROR] LogOutputStream:75 - [STDERR_REDIRECT] 
2025-09-19 19:44:01,577 [ERROR] LogOutputStream:75 - [STDERR_REDIRECT] [Fatal Error] :1:1: Premature end of file.
2025-09-19 19:44:01,577 [ERROR] LogOutputStream:75 - [STDERR_REDIRECT] 
2025-09-19 19:44:02,590 [ERROR] LogOutputStream:75 - [STDERR_REDIRECT] [Fatal Error] :1:1: Premature end of file.
2025-09-19 19:44:02,590 [ERROR] LogOutputStream:75 - [STDERR_REDIRECT] 
2025-09-19 19:44:03,584 [ERROR] LogOutputStream:75 - [STDERR_REDIRECT] [Fatal Error] :1:1: Premature end of file.
2025-09-19 19:44:03,584 [ERROR] LogOutputStream:75 - [STDERR_REDIRECT] 
2025-09-19 19:44:04,584 [ERROR] LogOutputStream:75 - [STDERR_REDIRECT] [Fatal Error] :1:1: Premature end of file.
2025-09-19 19:44:04,584 [ERROR] LogOutputStream:75 - [STDERR_REDIRECT] 
2025-09-19 19:44:05,598 [ERROR] LogOutputStream:75 - [STDERR_REDIRECT] [Fatal Error] :1:1: Premature end of file.
2025-09-19 19:44:05,598 [ERROR] LogOutputStream:75 - [STDERR_REDIRECT] 
2025-09-19 19:44:06,577 [ERROR] LogOutputStream:75 - [STDERR_REDIRECT] [Fatal Error] :1:1: Premature end of file.
2025-09-19 19:44:06,577 [ERROR] LogOutputStream:75 - [STDERR_REDIRECT] 
2025-09-19 19:44:07,583 [ERROR] LogOutputStream:75 - [STDERR_REDIRECT] [Fatal Error] :1:1: Premature end of file.
2025-09-19 19:44:07,583 [ERROR] LogOutputStream:75 - [STDERR_REDIRECT] 
2025-09-19 19:44:08,569 [ERROR] LogOutputStream:75 - [STDERR_REDIRECT] [Fatal Error] :1:1: Premature end of file.
2025-09-19 19:44:08,569 [ERROR] LogOutputStream:75 - [STDERR_REDIRECT] 
2025-09-19 19:44:09,578 [ERROR] LogOutputStream:75 - [STDERR_REDIRECT] [Fatal Error] :1:1: Premature end of file.
2025-09-19 19:44:09,578 [ERROR] LogOutputStream:75 - [STDERR_REDIRECT] 
2025-09-19 19:44:10,569 [ERROR] LogOutputStream:75 - [STDERR_REDIRECT] [Fatal Error] :1:1: Premature end of file.
2025-09-19 19:44:10,569 [ERROR] LogOutputStream:75 - [STDERR_REDIRECT] 
2025-09-19 19:44:11,586 [ERROR] LogOutputStream:75 - [STDERR_REDIRECT] [Fatal Error] :1:1: Premature end of file.
2025-09-19 19:44:11,586 [ERROR] LogOutputStream:75 - [STDERR_REDIRECT] 
2025-09-19 19:44:12,708 [ERROR] LogOutputStream:75 - [STDERR_REDIRECT] [Fatal Error] :1:1: Premature end of file.
2025-09-19 19:44:12,709 [ERROR] LogOutputStream:75 - [STDERR_REDIRECT] 
2025-09-19 19:44:13,592 [ERROR] LogOutputStream:75 - [STDERR_REDIRECT] [Fatal Error] :1:1: Premature end of file.
2025-09-19 19:44:13,592 [ERROR] LogOutputStream:75 - [STDERR_REDIRECT] 
2025-09-19 19:44:14,580 [ERROR] LogOutputStream:75 - [STDERR_REDIRECT] [Fatal Error] :1:1: Premature end of file.
2025-09-19 19:44:14,581 [ERROR] LogOutputStream:75 - [STDERR_REDIRECT] 
2025-09-19 19:44:15,587 [ERROR] LogOutputStream:75 - [STDERR_REDIRECT] [Fatal Error] :1:1: Premature end of file.
2025-09-19 19:44:15,587 [ERROR] LogOutputStream:75 - [STDERR_REDIRECT] 
2025-09-19 19:44:16,596 [ERROR] LogOutputStream:75 - [STDERR_REDIRECT] [Fatal Error] :1:1: Premature end of file.
2025-09-19 19:44:16,596 [ERROR] LogOutputStream:75 - [STDERR_REDIRECT] 
2025-09-19 19:44:17,594 [ERROR] LogOutputStream:75 - [STDERR_REDIRECT] [Fatal Error] :1:1: Premature end of file.
2025-09-19 19:44:17,594 [ERROR] LogOutputStream:75 - [STDERR_REDIRECT] 
2025-09-19 19:44:18,596 [ERROR] LogOutputStream:75 - [STDERR_REDIRECT] [Fatal Error] :1:1: Premature end of file.
2025-09-19 19:44:18,597 [ERROR] LogOutputStream:75 - [STDERR_REDIRECT] 
2025-09-19 19:44:19,581 [ERROR] LogOutputStream:75 - [STDERR_REDIRECT] [Fatal Error] :1:1: Premature end of file.
2025-09-19 19:44:19,581 [ERROR] LogOutputStream:75 - [STDERR_REDIRECT] 
2025-09-19 19:44:20,577 [ERROR] LogOutputStream:75 - [STDERR_REDIRECT] [Fatal Error] :1:1: Premature end of file.
2025-09-19 19:44:20,577 [ERROR] LogOutputStream:75 - [STDERR_REDIRECT] 
2025-09-19 19:44:21,586 [ERROR] LogOutputStream:75 - [STDERR_REDIRECT] [Fatal Error] :1:1: Premature end of file.
2025-09-19 19:44:21,586 [ERROR] LogOutputStream:75 - [STDERR_REDIRECT] 
2025-09-19 19:44:22,575 [ERROR] LogOutputStream:75 - [STDERR_REDIRECT] [Fatal Error] :1:1: Premature end of file.
2025-09-19 19:44:22,575 [ERROR] LogOutputStream:75 - [STDERR_REDIRECT] 
2025-09-19 19:44:23,591 [ERROR] LogOutputStream:75 - [STDERR_REDIRECT] [Fatal Error] :1:1: Premature end of file.
2025-09-19 19:44:23,591 [ERROR] LogOutputStream:75 - [STDERR_REDIRECT] 
2025-09-19 19:44:24,570 [ERROR] LogOutputStream:75 - [STDERR_REDIRECT] [Fatal Error] :1:1: Premature end of file.
2025-09-19 19:44:24,570 [ERROR] LogOutputStream:75 - [STDERR_REDIRECT] 
2025-09-19 19:44:25,576 [ERROR] LogOutputStream:75 - [STDERR_REDIRECT] [Fatal Error] :1:1: Premature end of file.
2025-09-19 19:44:25,576 [ERROR] LogOutputStream:75 - [STDERR_REDIRECT] 
2025-09-19 19:44:26,580 [ERROR] LogOutputStream:75 - [STDERR_REDIRECT] [Fatal Error] :1:1: Premature end of file.
2025-09-19 19:44:26,580 [ERROR] LogOutputStream:75 - [STDERR_REDIRECT] 
2025-09-19 19:44:27,586 [ERROR] LogOutputStream:75 - [STDERR_REDIRECT] [Fatal Error] :1:1: Premature end of file.
2025-09-19 19:44:27,586 [ERROR] LogOutputStream:75 - [STDERR_REDIRECT] 
2025-09-19 19:44:28,582 [ERROR] LogOutputStream:75 - [STDERR_REDIRECT] [Fatal Error] :1:1: Premature end of file.
2025-09-19 19:44:28,582 [ERROR] LogOutputStream:75 - [STDERR_REDIRECT] 
2025-09-19 19:44:29,582 [ERROR] LogOutputStream:75 - [STDERR_REDIRECT] [Fatal Error] :1:1: Premature end of file.
2025-09-19 19:44:29,582 [ERROR] LogOutputStream:75 - [STDERR_REDIRECT] 
2025-09-19 19:44:30,583 [ERROR] LogOutputStream:75 - [STDERR_REDIRECT] [Fatal Error] :1:1: Premature end of file.
2025-09-19 19:44:30,583 [ERROR] LogOutputStream:75 - [STDERR_REDIRECT] 
2025-09-19 19:44:31,573 [ERROR] LogOutputStream:75 - [STDERR_REDIRECT] [Fatal Error] :1:1: Premature end of file.
2025-09-19 19:44:31,573 [ERROR] LogOutputStream:75 - [STDERR_REDIRECT] 
2025-09-19 19:44:32,581 [ERROR] LogOutputStream:75 - [STDERR_REDIRECT] [Fatal Error] :1:1: Premature end of file.
2025-09-19 19:44:32,581 [ERROR] LogOutputStream:75 - [STDERR_REDIRECT] 
2025-09-19 19:44:33,574 [ERROR] LogOutputStream:75 - [STDERR_REDIRECT] [Fatal Error] :1:1: Premature end of file.
2025-09-19 19:44:33,574 [ERROR] LogOutputStream:75 - [STDERR_REDIRECT] 
2025-09-19 19:44:34,580 [ERROR] LogOutputStream:75 - [STDERR_REDIRECT] [Fatal Error] :1:1: Premature end of file.
2025-09-19 19:44:34,581 [ERROR] LogOutputStream:75 - [STDERR_REDIRECT] 
2025-09-19 19:44:35,566 [ERROR] LogOutputStream:75 - [STDERR_REDIRECT] [Fatal Error] :1:1: Premature end of file.
2025-09-19 19:44:35,566 [ERROR] LogOutputStream:75 - [STDERR_REDIRECT] 
2025-09-19 19:44:36,578 [ERROR] LogOutputStream:75 - [STDERR_REDIRECT] [Fatal Error] :1:1: Premature end of file.
2025-09-19 19:44:36,578 [ERROR] LogOutputStream:75 - [STDERR_REDIRECT] 
2025-09-19 19:44:37,577 [ERROR] LogOutputStream:75 - [STDERR_REDIRECT] [Fatal Error] :1:1: Premature end of file.
2025-09-19 19:44:37,578 [ERROR] LogOutputStream:75 - [STDERR_REDIRECT] 
2025-09-19 19:44:38,578 [ERROR] LogOutputStream:75 - [STDERR_REDIRECT] [Fatal Error] :1:1: Premature end of file.
2025-09-19 19:44:38,579 [ERROR] LogOutputStream:75 - [STDERR_REDIRECT] 
2025-09-19 19:44:39,587 [ERROR] LogOutputStream:75 - [STDERR_REDIRECT] [Fatal Error] :1:1: Premature end of file.
2025-09-19 19:44:39,587 [ERROR] LogOutputStream:75 - [STDERR_REDIRECT] 
2025-09-19 19:44:40,576 [ERROR] LogOutputStream:75 - [STDERR_REDIRECT] [Fatal Error] :1:1: Premature end of file.
2025-09-19 19:44:40,576 [ERROR] LogOutputStream:75 - [STDERR_REDIRECT] 
2025-09-19 19:44:41,573 [ERROR] LogOutputStream:75 - [STDERR_REDIRECT] [Fatal Error] :1:1: Premature end of file.
2025-09-19 19:44:41,574 [ERROR] LogOutputStream:75 - [STDERR_REDIRECT] 
2025-09-19 19:44:42,575 [ERROR] LogOutputStream:75 - [STDERR_REDIRECT] [Fatal Error] :1:1: Premature end of file.
2025-09-19 19:44:42,576 [ERROR] LogOutputStream:75 - [STDERR_REDIRECT] 
2025-09-19 19:44:43,586 [ERROR] LogOutputStream:75 - [STDERR_REDIRECT] [Fatal Error] :1:1: Premature end of file.
2025-09-19 19:44:43,586 [ERROR] LogOutputStream:75 - [STDERR_REDIRECT] 
2025-09-19 19:44:44,588 [ERROR] LogOutputStream:75 - [STDERR_REDIRECT] [Fatal Error] :1:1: Premature end of file.
2025-09-19 19:44:44,588 [ERROR] LogOutputStream:75 - [STDERR_REDIRECT] 
2025-09-19 19:44:45,573 [ERROR] LogOutputStream:75 - [STDERR_REDIRECT] [Fatal Error] :1:1: Premature end of file.
2025-09-19 19:44:45,573 [ERROR] LogOutputStream:75 - [STDERR_REDIRECT] 
2025-09-19 19:44:46,583 [ERROR] LogOutputStream:75 - [STDERR_REDIRECT] [Fatal Error] :1:1: Premature end of file.
2025-09-19 19:44:46,583 [ERROR] LogOutputStream:75 - [STDERR_REDIRECT] 
2025-09-19 19:44:47,577 [ERROR] LogOutputStream:75 - [STDERR_REDIRECT] [Fatal Error] :1:1: Premature end of file.
2025-09-19 19:44:47,577 [ERROR] LogOutputStream:75 - [STDERR_REDIRECT] 
2025-09-19 19:44:48,574 [ERROR] LogOutputStream:75 - [STDERR_REDIRECT] [Fatal Error] :1:1: Premature end of file.
2025-09-19 19:44:48,574 [ERROR] LogOutputStream:75 - [STDERR_REDIRECT] 
2025-09-19 19:44:49,574 [ERROR] LogOutputStream:75 - [STDERR_REDIRECT] [Fatal Error] :1:1: Premature end of file.
2025-09-19 19:44:49,574 [ERROR] LogOutputStream:75 - [STDERR_REDIRECT] 
2025-09-19 19:44:50,584 [ERROR] LogOutputStream:75 - [STDERR_REDIRECT] [Fatal Error] :1:1: Premature end of file.
2025-09-19 19:44:50,584 [ERROR] LogOutputStream:75 - [STDERR_REDIRECT] 
2025-09-19 19:44:51,578 [ERROR] LogOutputStream:75 - [STDERR_REDIRECT] [Fatal Error] :1:1: Premature end of file.
2025-09-19 19:44:51,578 [ERROR] LogOutputStream:75 - [STDERR_REDIRECT] 
2025-09-19 19:44:52,581 [ERROR] LogOutputStream:75 - [STDERR_REDIRECT] [Fatal Error] :1:1: Premature end of file.
2025-09-19 19:44:52,582 [ERROR] LogOutputStream:75 - [STDERR_REDIRECT] 
2025-09-19 19:44:53,577 [ERROR] LogOutputStream:75 - [STDERR_REDIRECT] [Fatal Error] :1:1: Premature end of file.
2025-09-19 19:44:53,577 [ERROR] LogOutputStream:75 - [STDERR_REDIRECT] 
2025-09-19 19:44:54,572 [ERROR] LogOutputStream:75 - [STDERR_REDIRECT] [Fatal Error] :1:1: Premature end of file.
2025-09-19 19:44:54,572 [ERROR] LogOutputStream:75 - [STDERR_REDIRECT] 
2025-09-19 19:44:55,575 [ERROR] LogOutputStream:75 - [STDERR_REDIRECT] [Fatal Error] :1:1: Premature end of file.
2025-09-19 19:44:55,576 [ERROR] LogOutputStream:75 - [STDERR_REDIRECT] 
2025-09-19 19:44:56,583 [ERROR] LogOutputStream:75 - [STDERR_REDIRECT] [Fatal Error] :1:1: Premature end of file.
2025-09-19 19:44:56,583 [ERROR] LogOutputStream:75 - [STDERR_REDIRECT] 
2025-09-19 19:44:57,580 [ERROR] LogOutputStream:75 - [STDERR_REDIRECT] [Fatal Error] :1:1: Premature end of file.
2025-09-19 19:44:57,580 [ERROR] LogOutputStream:75 - [STDERR_REDIRECT] 
2025-09-19 19:44:58,574 [ERROR] LogOutputStream:75 - [STDERR_REDIRECT] [Fatal Error] :1:1: Premature end of file.
2025-09-19 19:44:58,574 [ERROR] LogOutputStream:75 - [STDERR_REDIRECT] 
2025-09-19 19:44:59,581 [ERROR] LogOutputStream:75 - [STDERR_REDIRECT] [Fatal Error] :1:1: Premature end of file.
2025-09-19 19:44:59,581 [ERROR] LogOutputStream:75 - [STDERR_REDIRECT] 
2025-09-19 19:45:00,579 [ERROR] LogOutputStream:75 - [STDERR_REDIRECT] [Fatal Error] :1:1: Premature end of file.
2025-09-19 19:45:00,579 [ERROR] LogOutputStream:75 - [STDERR_REDIRECT] 
2025-09-19 19:45:01,583 [ERROR] LogOutputStream:75 - [STDERR_REDIRECT] [Fatal Error] :1:1: Premature end of file.
2025-09-19 19:45:01,583 [ERROR] LogOutputStream:75 - [STDERR_REDIRECT] 
2025-09-19 19:45:02,577 [ERROR] LogOutputStream:75 - [STDERR_REDIRECT] [Fatal Error] :1:1: Premature end of file.
2025-09-19 19:45:02,577 [ERROR] LogOutputStream:75 - [STDERR_REDIRECT] 
2025-09-19 19:45:03,578 [ERROR] LogOutputStream:75 - [STDERR_REDIRECT] [Fatal Error] :1:1: Premature end of file.
2025-09-19 19:45:03,578 [ERROR] LogOutputStream:75 - [STDERR_REDIRECT] 
2025-09-19 19:45:04,572 [ERROR] LogOutputStream:75 - [STDERR_REDIRECT] [Fatal Error] :1:1: Premature end of file.
2025-09-19 19:45:04,572 [ERROR] LogOutputStream:75 - [STDERR_REDIRECT] 
2025-09-19 19:45:05,585 [ERROR] LogOutputStream:75 - [STDERR_REDIRECT] [Fatal Error] :1:1: Premature end of file.
2025-09-19 19:45:05,585 [ERROR] LogOutputStream:75 - [STDERR_REDIRECT] 
2025-09-19 19:45:06,576 [ERROR] LogOutputStream:75 - [STDERR_REDIRECT] [Fatal Error] :1:1: Premature end of file.
2025-09-19 19:45:06,576 [ERROR] LogOutputStream:75 - [STDERR_REDIRECT] 
2025-09-19 19:45:07,576 [ERROR] LogOutputStream:75 - [STDERR_REDIRECT] [Fatal Error] :1:1: Premature end of file.
2025-09-19 19:45:07,576 [ERROR] LogOutputStream:75 - [STDERR_REDIRECT] 
2025-09-19 19:45:08,570 [ERROR] LogOutputStream:75 - [STDERR_REDIRECT] [Fatal Error] :1:1: Premature end of file.
2025-09-19 19:45:08,570 [ERROR] LogOutputStream:75 - [STDERR_REDIRECT] 
2025-09-19 19:45:09,578 [ERROR] LogOutputStream:75 - [STDERR_REDIRECT] [Fatal Error] :1:1: Premature end of file.
2025-09-19 19:45:09,578 [ERROR] LogOutputStream:75 - [STDERR_REDIRECT] 
2025-09-19 19:45:10,579 [ERROR] LogOutputStream:75 - [STDERR_REDIRECT] [Fatal Error] :1:1: Premature end of file.
2025-09-19 19:45:10,580 [ERROR] LogOutputStream:75 - [STDERR_REDIRECT] 
2025-09-19 19:45:11,571 [ERROR] LogOutputStream:75 - [STDERR_REDIRECT] [Fatal Error] :1:1: Premature end of file.
2025-09-19 19:45:11,571 [ERROR] LogOutputStream:75 - [STDERR_REDIRECT] 
2025-09-19 19:45:12,577 [ERROR] LogOutputStream:75 - [STDERR_REDIRECT] [Fatal Error] :1:1: Premature end of file.
2025-09-19 19:45:12,577 [ERROR] LogOutputStream:75 - [STDERR_REDIRECT] 
2025-09-19 19:45:13,581 [ERROR] LogOutputStream:75 - [STDERR_REDIRECT] [Fatal Error] :1:1: Premature end of file.
2025-09-19 19:45:13,581 [ERROR] LogOutputStream:75 - [STDERR_REDIRECT] 
2025-09-19 19:45:14,577 [ERROR] LogOutputStream:75 - [STDERR_REDIRECT] [Fatal Error] :1:1: Premature end of file.
2025-09-19 19:45:14,577 [ERROR] LogOutputStream:75 - [STDERR_REDIRECT] 
2025-09-19 19:45:15,573 [ERROR] LogOutputStream:75 - [STDERR_REDIRECT] [Fatal Error] :1:1: Premature end of file.
2025-09-19 19:45:15,573 [ERROR] LogOutputStream:75 - [STDERR_REDIRECT] 
2025-09-19 19:45:16,584 [ERROR] LogOutputStream:75 - [STDERR_REDIRECT] [Fatal Error] :1:1: Premature end of file.
2025-09-19 19:45:16,584 [ERROR] LogOutputStream:75 - [STDERR_REDIRECT] 
2025-09-19 19:45:17,576 [ERROR] LogOutputStream:75 - [STDERR_REDIRECT] [Fatal Error] :1:1: Premature end of file.
2025-09-19 19:45:17,576 [ERROR] LogOutputStream:75 - [STDERR_REDIRECT] 
2025-09-19 19:45:18,575 [ERROR] LogOutputStream:75 - [STDERR_REDIRECT] [Fatal Error] :1:1: Premature end of file.
2025-09-19 19:45:18,575 [ERROR] LogOutputStream:75 - [STDERR_REDIRECT] 
2025-09-19 19:45:19,582 [ERROR] LogOutputStream:75 - [STDERR_REDIRECT] [Fatal Error] :1:1: Premature end of file.
2025-09-19 19:45:19,583 [ERROR] LogOutputStream:75 - [STDERR_REDIRECT] 
2025-09-19 19:45:20,580 [ERROR] LogOutputStream:75 - [STDERR_REDIRECT] [Fatal Error] :1:1: Premature end of file.
2025-09-19 19:45:20,580 [ERROR] LogOutputStream:75 - [STDERR_REDIRECT] 
2025-09-19 19:45:21,579 [ERROR] LogOutputStream:75 - [STDERR_REDIRECT] [Fatal Error] :1:1: Premature end of file.
2025-09-19 19:45:21,579 [ERROR] LogOutputStream:75 - [STDERR_REDIRECT] 
2025-09-19 19:45:22,574 [ERROR] LogOutputStream:75 - [STDERR_REDIRECT] [Fatal Error] :1:1: Premature end of file.
2025-09-19 19:45:22,574 [ERROR] LogOutputStream:75 - [STDERR_REDIRECT] 
2025-09-19 19:45:23,587 [ERROR] LogOutputStream:75 - [STDERR_REDIRECT] [Fatal Error] :1:1: Premature end of file.
2025-09-19 19:45:23,588 [ERROR] LogOutputStream:75 - [STDERR_REDIRECT] 
2025-09-19 19:45:24,573 [ERROR] LogOutputStream:75 - [STDERR_REDIRECT] [Fatal Error] :1:1: Premature end of file.
2025-09-19 19:45:24,573 [ERROR] LogOutputStream:75 - [STDERR_REDIRECT] 
2025-09-19 19:45:25,571 [ERROR] LogOutputStream:75 - [STDERR_REDIRECT] [Fatal Error] :1:1: Premature end of file.
2025-09-19 19:45:25,572 [ERROR] LogOutputStream:75 - [STDERR_REDIRECT] 
2025-09-19 19:45:26,577 [ERROR] LogOutputStream:75 - [STDERR_REDIRECT] [Fatal Error] :1:1: Premature end of file.
2025-09-19 19:45:26,577 [ERROR] LogOutputStream:75 - [STDERR_REDIRECT] 
2025-09-19 19:45:27,575 [ERROR] LogOutputStream:75 - [STDERR_REDIRECT] [Fatal Error] :1:1: Premature end of file.
2025-09-19 19:45:27,575 [ERROR] LogOutputStream:75 - [STDERR_REDIRECT] 
2025-09-19 19:45:28,582 [ERROR] LogOutputStream:75 - [STDERR_REDIRECT] [Fatal Error] :1:1: Premature end of file.
2025-09-19 19:45:28,582 [ERROR] LogOutputStream:75 - [STDERR_REDIRECT] 
2025-09-19 19:45:29,580 [ERROR] LogOutputStream:75 - [STDERR_REDIRECT] [Fatal Error] :1:1: Premature end of file.
2025-09-19 19:45:29,580 [ERROR] LogOutputStream:75 - [STDERR_REDIRECT] 
2025-09-19 19:45:30,583 [ERROR] LogOutputStream:75 - [STDERR_REDIRECT] [Fatal Error] :1:1: Premature end of file.
2025-09-19 19:45:30,583 [ERROR] LogOutputStream:75 - [STDERR_REDIRECT] 
2025-09-19 19:45:31,580 [ERROR] LogOutputStream:75 - [STDERR_REDIRECT] [Fatal Error] :1:1: Premature end of file.
2025-09-19 19:45:31,580 [ERROR] LogOutputStream:75 - [STDERR_REDIRECT] 
2025-09-19 19:45:32,572 [ERROR] LogOutputStream:75 - [STDERR_REDIRECT] [Fatal Error] :1:1: Premature end of file.
2025-09-19 19:45:32,573 [ERROR] LogOutputStream:75 - [STDERR_REDIRECT] 
2025-09-19 19:45:33,572 [ERROR] LogOutputStream:75 - [STDERR_REDIRECT] [Fatal Error] :1:1: Premature end of file.
2025-09-19 19:45:33,572 [ERROR] LogOutputStream:75 - [STDERR_REDIRECT] 
2025-09-19 19:45:34,575 [ERROR] LogOutputStream:75 - [STDERR_REDIRECT] [Fatal Error] :1:1: Premature end of file.
2025-09-19 19:45:34,575 [ERROR] LogOutputStream:75 - [STDERR_REDIRECT] 
2025-09-19 19:45:35,579 [ERROR] LogOutputStream:75 - [STDERR_REDIRECT] [Fatal Error] :1:1: Premature end of file.
2025-09-19 19:45:35,579 [ERROR] LogOutputStream:75 - [STDERR_REDIRECT] 
2025-09-19 19:45:36,575 [ERROR] LogOutputStream:75 - [STDERR_REDIRECT] [Fatal Error] :1:1: Premature end of file.
2025-09-19 19:45:36,575 [ERROR] LogOutputStream:75 - [STDERR_REDIRECT] 
2025-09-19 19:45:37,573 [ERROR] LogOutputStream:75 - [STDERR_REDIRECT] [Fatal Error] :1:1: Premature end of file.
2025-09-19 19:45:37,573 [ERROR] LogOutputStream:75 - [STDERR_REDIRECT] 
2025-09-19 19:45:38,630 [ERROR] LogOutputStream:75 - [STDERR_REDIRECT] [Fatal Error] :1:1: Premature end of file.
2025-09-19 19:45:38,630 [ERROR] LogOutputStream:75 - [STDERR_REDIRECT] 
2025-09-19 19:45:39,573 [ERROR] LogOutputStream:75 - [STDERR_REDIRECT] [Fatal Error] :1:1: Premature end of file.
2025-09-19 19:45:39,573 [ERROR] LogOutputStream:75 - [STDERR_REDIRECT] 
2025-09-19 19:45:40,579 [ERROR] LogOutputStream:75 - [STDERR_REDIRECT] [Fatal Error] :1:1: Premature end of file.
2025-09-19 19:45:40,579 [ERROR] LogOutputStream:75 - [STDERR_REDIRECT] 
2025-09-19 19:45:41,572 [ERROR] LogOutputStream:75 - [STDERR_REDIRECT] [Fatal Error] :1:1: Premature end of file.
2025-09-19 19:45:41,572 [ERROR] LogOutputStream:75 - [STDERR_REDIRECT] 
2025-09-19 19:45:42,569 [ERROR] LogOutputStream:75 - [STDERR_REDIRECT] [Fatal Error] :1:1: Premature end of file.
2025-09-19 19:45:42,569 [ERROR] LogOutputStream:75 - [STDERR_REDIRECT] 
2025-09-19 19:45:43,579 [ERROR] LogOutputStream:75 - [STDERR_REDIRECT] [Fatal Error] :1:1: Premature end of file.
2025-09-19 19:45:43,579 [ERROR] LogOutputStream:75 - [STDERR_REDIRECT] 
2025-09-19 19:45:44,571 [ERROR] LogOutputStream:75 - [STDERR_REDIRECT] [Fatal Error] :1:1: Premature end of file.
2025-09-19 19:45:44,571 [ERROR] LogOutputStream:75 - [STDERR_REDIRECT] 
2025-09-19 19:45:45,577 [ERROR] LogOutputStream:75 - [STDERR_REDIRECT] [Fatal Error] :1:1: Premature end of file.
2025-09-19 19:45:45,577 [ERROR] LogOutputStream:75 - [STDERR_REDIRECT] 
2025-09-19 19:45:46,574 [ERROR] LogOutputStream:75 - [STDERR_REDIRECT] [Fatal Error] :1:1: Premature end of file.
2025-09-19 19:45:46,574 [ERROR] LogOutputStream:75 - [STDERR_REDIRECT] 
2025-09-19 19:45:47,570 [ERROR] LogOutputStream:75 - [STDERR_REDIRECT] [Fatal Error] :1:1: Premature end of file.
2025-09-19 19:45:47,570 [ERROR] LogOutputStream:75 - [STDERR_REDIRECT] 
2025-09-19 19:45:48,578 [ERROR] LogOutputStream:75 - [STDERR_REDIRECT] [Fatal Error] :1:1: Premature end of file.
2025-09-19 19:45:48,579 [ERROR] LogOutputStream:75 - [STDERR_REDIRECT] 
2025-09-19 19:45:49,584 [ERROR] LogOutputStream:75 - [STDERR_REDIRECT] [Fatal Error] :1:1: Premature end of file.
2025-09-19 19:45:49,584 [ERROR] LogOutputStream:75 - [STDERR_REDIRECT] 
2025-09-19 19:45:50,575 [ERROR] LogOutputStream:75 - [STDERR_REDIRECT] [Fatal Error] :1:1: Premature end of file.
2025-09-19 19:45:50,575 [ERROR] LogOutputStream:75 - [STDERR_REDIRECT] 
2025-09-19 19:45:51,572 [ERROR] LogOutputStream:75 - [STDERR_REDIRECT] [Fatal Error] :1:1: Premature end of file.
2025-09-19 19:45:51,572 [ERROR] LogOutputStream:75 - [STDERR_REDIRECT] 
2025-09-19 19:45:52,578 [ERROR] LogOutputStream:75 - [STDERR_REDIRECT] [Fatal Error] :1:1: Premature end of file.
2025-09-19 19:45:52,578 [ERROR] LogOutputStream:75 - [STDERR_REDIRECT] 
2025-09-19 19:45:53,579 [ERROR] LogOutputStream:75 - [STDERR_REDIRECT] [Fatal Error] :1:1: Premature end of file.
2025-09-19 19:45:53,579 [ERROR] LogOutputStream:75 - [STDERR_REDIRECT] 
2025-09-19 19:45:54,573 [ERROR] LogOutputStream:75 - [STDERR_REDIRECT] [Fatal Error] :1:1: Premature end of file.
2025-09-19 19:45:54,573 [ERROR] LogOutputStream:75 - [STDERR_REDIRECT] 
2025-09-19 19:45:55,582 [ERROR] LogOutputStream:75 - [STDERR_REDIRECT] [Fatal Error] :1:1: Premature end of file.
2025-09-19 19:45:55,582 [ERROR] LogOutputStream:75 - [STDERR_REDIRECT] 
2025-09-19 19:45:56,583 [ERROR] LogOutputStream:75 - [STDERR_REDIRECT] [Fatal Error] :1:1: Premature end of file.
2025-09-19 19:45:56,583 [ERROR] LogOutputStream:75 - [STDERR_REDIRECT] 
2025-09-19 19:45:57,578 [ERROR] LogOutputStream:75 - [STDERR_REDIRECT] [Fatal Error] :1:1: Premature end of file.
2025-09-19 19:45:57,578 [ERROR] LogOutputStream:75 - [STDERR_REDIRECT] 
2025-09-19 19:45:58,575 [ERROR] LogOutputStream:75 - [STDERR_REDIRECT] [Fatal Error] :1:1: Premature end of file.
2025-09-19 19:45:58,576 [ERROR] LogOutputStream:75 - [STDERR_REDIRECT] 
2025-09-19 19:45:59,570 [ERROR] LogOutputStream:75 - [STDERR_REDIRECT] [Fatal Error] :1:1: Premature end of file.
2025-09-19 19:45:59,570 [ERROR] LogOutputStream:75 - [STDERR_REDIRECT] 
2025-09-19 19:46:00,582 [ERROR] LogOutputStream:75 - [STDERR_REDIRECT] [Fatal Error] :1:1: Premature end of file.
2025-09-19 19:46:00,582 [ERROR] LogOutputStream:75 - [STDERR_REDIRECT] 
2025-09-19 19:46:01,638 [ERROR] LogOutputStream:75 - [STDERR_REDIRECT] [Fatal Error] :1:1: Premature end of file.
2025-09-19 19:46:01,638 [ERROR] LogOutputStream:75 - [STDERR_REDIRECT] 
2025-09-19 19:46:02,574 [ERROR] LogOutputStream:75 - [STDERR_REDIRECT] [Fatal Error] :1:1: Premature end of file.
2025-09-19 19:46:02,575 [ERROR] LogOutputStream:75 - [STDERR_REDIRECT] 
2025-09-19 19:46:03,593 [ERROR] LogOutputStream:75 - [STDERR_REDIRECT] [Fatal Error] :1:1: Premature end of file.
2025-09-19 19:46:03,593 [ERROR] LogOutputStream:75 - [STDERR_REDIRECT] 
2025-09-19 19:46:04,582 [ERROR] LogOutputStream:75 - [STDERR_REDIRECT] [Fatal Error] :1:1: Premature end of file.
2025-09-19 19:46:04,582 [ERROR] LogOutputStream:75 - [STDERR_REDIRECT] 
2025-09-19 19:46:05,585 [ERROR] LogOutputStream:75 - [STDERR_REDIRECT] [Fatal Error] :1:1: Premature end of file.
2025-09-19 19:46:05,586 [ERROR] LogOutputStream:75 - [STDERR_REDIRECT] 
2025-09-19 19:46:06,590 [ERROR] LogOutputStream:75 - [STDERR_REDIRECT] [Fatal Error] :1:1: Premature end of file.
2025-09-19 19:46:06,590 [ERROR] LogOutputStream:75 - [STDERR_REDIRECT] 
2025-09-19 19:46:07,600 [ERROR] LogOutputStream:75 - [STDERR_REDIRECT] [Fatal Error] :1:1: Premature end of file.
2025-09-19 19:46:07,601 [ERROR] LogOutputStream:75 - [STDERR_REDIRECT] 
2025-09-19 19:46:08,586 [ERROR] LogOutputStream:75 - [STDERR_REDIRECT] [Fatal Error] :1:1: Premature end of file.
2025-09-19 19:46:08,586 [ERROR] LogOutputStream:75 - [STDERR_REDIRECT] 
2025-09-19 19:46:09,575 [ERROR] LogOutputStream:75 - [STDERR_REDIRECT] [Fatal Error] :1:1: Premature end of file.
2025-09-19 19:46:09,575 [ERROR] LogOutputStream:75 - [STDERR_REDIRECT] 
2025-09-19 19:46:10,575 [ERROR] LogOutputStream:75 - [STDERR_REDIRECT] [Fatal Error] :1:1: Premature end of file.
2025-09-19 19:46:10,575 [ERROR] LogOutputStream:75 - [STDERR_REDIRECT] 
2025-09-19 19:46:11,575 [ERROR] LogOutputStream:75 - [STDERR_REDIRECT] [Fatal Error] :1:1: Premature end of file.
2025-09-19 19:46:11,575 [ERROR] LogOutputStream:75 - [STDERR_REDIRECT] 
2025-09-19 19:46:12,587 [ERROR] LogOutputStream:75 - [STDERR_REDIRECT] [Fatal Error] :1:1: Premature end of file.
2025-09-19 19:46:12,587 [ERROR] LogOutputStream:75 - [STDERR_REDIRECT] 
2025-09-19 19:46:13,636 [ERROR] LogOutputStream:75 - [STDERR_REDIRECT] [Fatal Error] :1:1: Premature end of file.
2025-09-19 19:46:13,636 [ERROR] LogOutputStream:75 - [STDERR_REDIRECT] 
2025-09-19 19:46:14,586 [ERROR] LogOutputStream:75 - [STDERR_REDIRECT] [Fatal Error] :1:1: Premature end of file.
2025-09-19 19:46:14,586 [ERROR] LogOutputStream:75 - [STDERR_REDIRECT] 
2025-09-19 19:46:15,578 [ERROR] LogOutputStream:75 - [STDERR_REDIRECT] [Fatal Error] :1:1: Premature end of file.
2025-09-19 19:46:15,578 [ERROR] LogOutputStream:75 - [STDERR_REDIRECT] 
2025-09-19 19:46:16,579 [ERROR] LogOutputStream:75 - [STDERR_REDIRECT] [Fatal Error] :1:1: Premature end of file.
2025-09-19 19:46:16,579 [ERROR] LogOutputStream:75 - [STDERR_REDIRECT] 
2025-09-19 19:46:17,579 [ERROR] LogOutputStream:75 - [STDERR_REDIRECT] [Fatal Error] :1:1: Premature end of file.
2025-09-19 19:46:17,579 [ERROR] LogOutputStream:75 - [STDERR_REDIRECT] 
2025-09-19 19:46:18,582 [ERROR] LogOutputStream:75 - [STDERR_REDIRECT] [Fatal Error] :1:1: Premature end of file.
2025-09-19 19:46:18,582 [ERROR] LogOutputStream:75 - [STDERR_REDIRECT] 
2025-09-19 19:46:19,577 [ERROR] LogOutputStream:75 - [STDERR_REDIRECT] [Fatal Error] :1:1: Premature end of file.
2025-09-19 19:46:19,577 [ERROR] LogOutputStream:75 - [STDERR_REDIRECT] 
2025-09-19 19:46:20,584 [ERROR] LogOutputStream:75 - [STDERR_REDIRECT] [Fatal Error] :1:1: Premature end of file.
2025-09-19 19:46:20,584 [ERROR] LogOutputStream:75 - [STDERR_REDIRECT] 
2025-09-19 19:46:21,572 [ERROR] LogOutputStream:75 - [STDERR_REDIRECT] [Fatal Error] :1:1: Premature end of file.
2025-09-19 19:46:21,572 [ERROR] LogOutputStream:75 - [STDERR_REDIRECT] 
2025-09-19 19:46:22,580 [ERROR] LogOutputStream:75 - [STDERR_REDIRECT] [Fatal Error] :1:1: Premature end of file.
2025-09-19 19:46:22,580 [ERROR] LogOutputStream:75 - [STDERR_REDIRECT] 
2025-09-19 19:46:23,579 [ERROR] LogOutputStream:75 - [STDERR_REDIRECT] [Fatal Error] :1:1: Premature end of file.
2025-09-19 19:46:23,579 [ERROR] LogOutputStream:75 - [STDERR_REDIRECT] 
2025-09-19 19:46:24,576 [ERROR] LogOutputStream:75 - [STDERR_REDIRECT] [Fatal Error] :1:1: Premature end of file.
2025-09-19 19:46:24,576 [ERROR] LogOutputStream:75 - [STDERR_REDIRECT] 
2025-09-19 19:46:25,582 [ERROR] LogOutputStream:75 - [STDERR_REDIRECT] [Fatal Error] :1:1: Premature end of file.
2025-09-19 19:46:25,582 [ERROR] LogOutputStream:75 - [STDERR_REDIRECT] 
2025-09-19 19:46:26,627 [ERROR] LogOutputStream:75 - [STDERR_REDIRECT] [Fatal Error] :1:1: Premature end of file.
2025-09-19 19:46:26,627 [ERROR] LogOutputStream:75 - [STDERR_REDIRECT] 
2025-09-19 19:46:27,574 [ERROR] LogOutputStream:75 - [STDERR_REDIRECT] [Fatal Error] :1:1: Premature end of file.
2025-09-19 19:46:27,574 [ERROR] LogOutputStream:75 - [STDERR_REDIRECT] 
2025-09-19 19:46:28,586 [ERROR] LogOutputStream:75 - [STDERR_REDIRECT] [Fatal Error] :1:1: Premature end of file.
2025-09-19 19:46:28,586 [ERROR] LogOutputStream:75 - [STDERR_REDIRECT] 
2025-09-19 19:46:29,580 [ERROR] LogOutputStream:75 - [STDERR_REDIRECT] [Fatal Error] :1:1: Premature end of file.
2025-09-19 19:46:29,581 [ERROR] LogOutputStream:75 - [STDERR_REDIRECT] 
2025-09-19 19:46:30,581 [ERROR] LogOutputStream:75 - [STDERR_REDIRECT] [Fatal Error] :1:1: Premature end of file.
2025-09-19 19:46:30,581 [ERROR] LogOutputStream:75 - [STDERR_REDIRECT] 
2025-09-19 19:46:31,579 [ERROR] LogOutputStream:75 - [STDERR_REDIRECT] [Fatal Error] :1:1: Premature end of file.
2025-09-19 19:46:31,579 [ERROR] LogOutputStream:75 - [STDERR_REDIRECT] 
2025-09-19 19:46:32,578 [ERROR] LogOutputStream:75 - [STDERR_REDIRECT] [Fatal Error] :1:1: Premature end of file.
2025-09-19 19:46:32,578 [ERROR] LogOutputStream:75 - [STDERR_REDIRECT] 
2025-09-19 19:46:33,579 [ERROR] LogOutputStream:75 - [STDERR_REDIRECT] [Fatal Error] :1:1: Premature end of file.
2025-09-19 19:46:33,579 [ERROR] LogOutputStream:75 - [STDERR_REDIRECT] 
2025-09-19 19:46:34,587 [ERROR] LogOutputStream:75 - [STDERR_REDIRECT] [Fatal Error] :1:1: Premature end of file.
2025-09-19 19:46:34,587 [ERROR] LogOutputStream:75 - [STDERR_REDIRECT] 
2025-09-19 19:46:35,581 [ERROR] LogOutputStream:75 - [STDERR_REDIRECT] [Fatal Error] :1:1: Premature end of file.
2025-09-19 19:46:35,581 [ERROR] LogOutputStream:75 - [STDERR_REDIRECT] 
2025-09-19 19:46:36,572 [ERROR] LogOutputStream:75 - [STDERR_REDIRECT] [Fatal Error] :1:1: Premature end of file.
2025-09-19 19:46:36,572 [ERROR] LogOutputStream:75 - [STDERR_REDIRECT] 
2025-09-19 19:46:37,588 [ERROR] LogOutputStream:75 - [STDERR_REDIRECT] [Fatal Error] :1:1: Premature end of file.
2025-09-19 19:46:37,588 [ERROR] LogOutputStream:75 - [STDERR_REDIRECT] 
2025-09-19 19:46:38,584 [ERROR] LogOutputStream:75 - [STDERR_REDIRECT] [Fatal Error] :1:1: Premature end of file.
2025-09-19 19:46:38,584 [ERROR] LogOutputStream:75 - [STDERR_REDIRECT] 
2025-09-19 19:46:39,578 [ERROR] LogOutputStream:75 - [STDERR_REDIRECT] [Fatal Error] :1:1: Premature end of file.
2025-09-19 19:46:39,578 [ERROR] LogOutputStream:75 - [STDERR_REDIRECT] 
2025-09-19 19:46:40,598 [ERROR] LogOutputStream:75 - [STDERR_REDIRECT] [Fatal Error] :1:1: Premature end of file.
2025-09-19 19:46:40,598 [ERROR] LogOutputStream:75 - [STDERR_REDIRECT] 
2025-09-19 19:46:41,583 [ERROR] LogOutputStream:75 - [STDERR_REDIRECT] [Fatal Error] :1:1: Premature end of file.
2025-09-19 19:46:41,584 [ERROR] LogOutputStream:75 - [STDERR_REDIRECT] 
2025-09-19 19:46:42,568 [ERROR] LogOutputStream:75 - [STDERR_REDIRECT] [Fatal Error] :1:1: Premature end of file.
2025-09-19 19:46:42,568 [ERROR] LogOutputStream:75 - [STDERR_REDIRECT] 
2025-09-19 19:46:43,577 [ERROR] LogOutputStream:75 - [STDERR_REDIRECT] [Fatal Error] :1:1: Premature end of file.
2025-09-19 19:46:43,577 [ERROR] LogOutputStream:75 - [STDERR_REDIRECT] 
2025-09-19 19:46:44,579 [ERROR] LogOutputStream:75 - [STDERR_REDIRECT] [Fatal Error] :1:1: Premature end of file.
2025-09-19 19:46:44,579 [ERROR] LogOutputStream:75 - [STDERR_REDIRECT] 
2025-09-19 19:46:45,585 [ERROR] LogOutputStream:75 - [STDERR_REDIRECT] [Fatal Error] :1:1: Premature end of file.
2025-09-19 19:46:45,585 [ERROR] LogOutputStream:75 - [STDERR_REDIRECT] 
2025-09-19 19:46:46,570 [ERROR] LogOutputStream:75 - [STDERR_REDIRECT] [Fatal Error] :1:1: Premature end of file.
2025-09-19 19:46:46,570 [ERROR] LogOutputStream:75 - [STDERR_REDIRECT] 
2025-09-19 19:46:47,579 [ERROR] LogOutputStream:75 - [STDERR_REDIRECT] [Fatal Error] :1:1: Premature end of file.
2025-09-19 19:46:47,579 [ERROR] LogOutputStream:75 - [STDERR_REDIRECT] 
2025-09-19 19:46:48,576 [ERROR] LogOutputStream:75 - [STDERR_REDIRECT] [Fatal Error] :1:1: Premature end of file.
2025-09-19 19:46:48,576 [ERROR] LogOutputStream:75 - [STDERR_REDIRECT] 
2025-09-19 19:46:49,584 [ERROR] LogOutputStream:75 - [STDERR_REDIRECT] [Fatal Error] :1:1: Premature end of file.
2025-09-19 19:46:49,584 [ERROR] LogOutputStream:75 - [STDERR_REDIRECT] 
2025-09-19 19:46:50,581 [ERROR] LogOutputStream:75 - [STDERR_REDIRECT] [Fatal Error] :1:1: Premature end of file.
2025-09-19 19:46:50,581 [ERROR] LogOutputStream:75 - [STDERR_REDIRECT] 
2025-09-19 19:46:51,574 [ERROR] LogOutputStream:75 - [STDERR_REDIRECT] [Fatal Error] :1:1: Premature end of file.
2025-09-19 19:46:51,574 [ERROR] LogOutputStream:75 - [STDERR_REDIRECT] 
2025-09-19 19:46:52,583 [ERROR] LogOutputStream:75 - [STDERR_REDIRECT] [Fatal Error] :1:1: Premature end of file.
2025-09-19 19:46:52,583 [ERROR] LogOutputStream:75 - [STDERR_REDIRECT] 
2025-09-19 19:46:53,581 [ERROR] LogOutputStream:75 - [STDERR_REDIRECT] [Fatal Error] :1:1: Premature end of file.
2025-09-19 19:46:53,581 [ERROR] LogOutputStream:75 - [STDERR_REDIRECT] 
2025-09-19 19:46:54,578 [ERROR] LogOutputStream:75 - [STDERR_REDIRECT] [Fatal Error] :1:1: Premature end of file.
2025-09-19 19:46:54,578 [ERROR] LogOutputStream:75 - [STDERR_REDIRECT] 
2025-09-19 19:46:55,572 [ERROR] LogOutputStream:75 - [STDERR_REDIRECT] [Fatal Error] :1:1: Premature end of file.
2025-09-19 19:46:55,572 [ERROR] LogOutputStream:75 - [STDERR_REDIRECT] 
2025-09-19 19:46:56,623 [ERROR] LogOutputStream:75 - [STDERR_REDIRECT] [Fatal Error] :1:1: Premature end of file.
2025-09-19 19:46:56,623 [ERROR] LogOutputStream:75 - [STDERR_REDIRECT] 
2025-09-19 19:46:57,581 [ERROR] LogOutputStream:75 - [STDERR_REDIRECT] [Fatal Error] :1:1: Premature end of file.
2025-09-19 19:46:57,581 [ERROR] LogOutputStream:75 - [STDERR_REDIRECT] 
2025-09-19 19:46:58,574 [ERROR] LogOutputStream:75 - [STDERR_REDIRECT] [Fatal Error] :1:1: Premature end of file.
2025-09-19 19:46:58,574 [ERROR] LogOutputStream:75 - [STDERR_REDIRECT] 
2025-09-19 19:46:59,582 [ERROR] LogOutputStream:75 - [STDERR_REDIRECT] [Fatal Error] :1:1: Premature end of file.
2025-09-19 19:46:59,583 [ERROR] LogOutputStream:75 - [STDERR_REDIRECT] 
2025-09-19 19:47:00,573 [ERROR] LogOutputStream:75 - [STDERR_REDIRECT] [Fatal Error] :1:1: Premature end of file.
2025-09-19 19:47:00,573 [ERROR] LogOutputStream:75 - [STDERR_REDIRECT] 
2025-09-19 19:47:01,569 [ERROR] LogOutputStream:75 - [STDERR_REDIRECT] [Fatal Error] :1:1: Premature end of file.
2025-09-19 19:47:01,569 [ERROR] LogOutputStream:75 - [STDERR_REDIRECT] 
2025-09-19 19:47:02,583 [ERROR] LogOutputStream:75 - [STDERR_REDIRECT] [Fatal Error] :1:1: Premature end of file.
2025-09-19 19:47:02,583 [ERROR] LogOutputStream:75 - [STDERR_REDIRECT] 
2025-09-19 19:47:03,578 [ERROR] LogOutputStream:75 - [STDERR_REDIRECT] [Fatal Error] :1:1: Premature end of file.
2025-09-19 19:47:03,578 [ERROR] LogOutputStream:75 - [STDERR_REDIRECT] 
2025-09-19 19:47:04,572 [ERROR] LogOutputStream:75 - [STDERR_REDIRECT] [Fatal Error] :1:1: Premature end of file.
2025-09-19 19:47:04,572 [ERROR] LogOutputStream:75 - [STDERR_REDIRECT] 
2025-09-19 19:47:05,578 [ERROR] LogOutputStream:75 - [STDERR_REDIRECT] [Fatal Error] :1:1: Premature end of file.
2025-09-19 19:47:05,578 [ERROR] LogOutputStream:75 - [STDERR_REDIRECT] 
2025-09-19 19:47:06,580 [ERROR] LogOutputStream:75 - [STDERR_REDIRECT] [Fatal Error] :1:1: Premature end of file.
2025-09-19 19:47:06,580 [ERROR] LogOutputStream:75 - [STDERR_REDIRECT] 
2025-09-19 19:47:07,579 [ERROR] LogOutputStream:75 - [STDERR_REDIRECT] [Fatal Error] :1:1: Premature end of file.
2025-09-19 19:47:07,579 [ERROR] LogOutputStream:75 - [STDERR_REDIRECT] 
2025-09-19 19:47:08,615 [ERROR] LogOutputStream:75 - [STDERR_REDIRECT] [Fatal Error] :1:1: Premature end of file.
2025-09-19 19:47:08,615 [ERROR] LogOutputStream:75 - [STDERR_REDIRECT] 
2025-09-19 19:47:09,581 [ERROR] LogOutputStream:75 - [STDERR_REDIRECT] [Fatal Error] :1:1: Premature end of file.
2025-09-19 19:47:09,581 [ERROR] LogOutputStream:75 - [STDERR_REDIRECT] 
2025-09-19 19:47:10,570 [ERROR] LogOutputStream:75 - [STDERR_REDIRECT] [Fatal Error] :1:1: Premature end of file.
2025-09-19 19:47:10,570 [ERROR] LogOutputStream:75 - [STDERR_REDIRECT] 
2025-09-19 19:47:11,581 [ERROR] LogOutputStream:75 - [STDERR_REDIRECT] [Fatal Error] :1:1: Premature end of file.
2025-09-19 19:47:11,581 [ERROR] LogOutputStream:75 - [STDERR_REDIRECT] 
2025-09-19 19:47:12,579 [ERROR] LogOutputStream:75 - [STDERR_REDIRECT] [Fatal Error] :1:1: Premature end of file.
2025-09-19 19:47:12,579 [ERROR] LogOutputStream:75 - [STDERR_REDIRECT] 
2025-09-19 19:47:13,610 [ERROR] LogOutputStream:75 - [STDERR_REDIRECT] [Fatal Error] :1:1: Premature end of file.
2025-09-19 19:47:13,610 [ERROR] LogOutputStream:75 - [STDERR_REDIRECT] 
2025-09-19 19:47:14,576 [ERROR] LogOutputStream:75 - [STDERR_REDIRECT] [Fatal Error] :1:1: Premature end of file.
2025-09-19 19:47:14,576 [ERROR] LogOutputStream:75 - [STDERR_REDIRECT] 
2025-09-19 19:47:15,580 [ERROR] LogOutputStream:75 - [STDERR_REDIRECT] [Fatal Error] :1:1: Premature end of file.
2025-09-19 19:47:15,580 [ERROR] LogOutputStream:75 - [STDERR_REDIRECT] 
2025-09-19 19:47:16,573 [ERROR] LogOutputStream:75 - [STDERR_REDIRECT] [Fatal Error] :1:1: Premature end of file.
2025-09-19 19:47:16,573 [ERROR] LogOutputStream:75 - [STDERR_REDIRECT] 
2025-09-19 19:47:17,575 [ERROR] LogOutputStream:75 - [STDERR_REDIRECT] [Fatal Error] :1:1: Premature end of file.
2025-09-19 19:47:17,575 [ERROR] LogOutputStream:75 - [STDERR_REDIRECT] 
2025-09-19 19:47:18,578 [ERROR] LogOutputStream:75 - [STDERR_REDIRECT] [Fatal Error] :1:1: Premature end of file.
2025-09-19 19:47:18,578 [ERROR] LogOutputStream:75 - [STDERR_REDIRECT] 
2025-09-19 19:47:19,577 [ERROR] LogOutputStream:75 - [STDERR_REDIRECT] [Fatal Error] :1:1: Premature end of file.
2025-09-19 19:47:19,577 [ERROR] LogOutputStream:75 - [STDERR_REDIRECT] 
2025-09-19 19:47:20,587 [ERROR] LogOutputStream:75 - [STDERR_REDIRECT] [Fatal Error] :1:1: Premature end of file.
2025-09-19 19:47:20,587 [ERROR] LogOutputStream:75 - [STDERR_REDIRECT] 
2025-09-19 19:47:21,585 [ERROR] LogOutputStream:75 - [STDERR_REDIRECT] [Fatal Error] :1:1: Premature end of file.
2025-09-19 19:47:21,585 [ERROR] LogOutputStream:75 - [STDERR_REDIRECT] 
2025-09-19 19:47:22,578 [ERROR] LogOutputStream:75 - [STDERR_REDIRECT] [Fatal Error] :1:1: Premature end of file.
2025-09-19 19:47:22,578 [ERROR] LogOutputStream:75 - [STDERR_REDIRECT] 
2025-09-19 19:47:23,575 [ERROR] LogOutputStream:75 - [STDERR_REDIRECT] [Fatal Error] :1:1: Premature end of file.
2025-09-19 19:47:23,575 [ERROR] LogOutputStream:75 - [STDERR_REDIRECT] 
2025-09-19 19:47:24,583 [ERROR] LogOutputStream:75 - [STDERR_REDIRECT] [Fatal Error] :1:1: Premature end of file.
2025-09-19 19:47:24,583 [ERROR] LogOutputStream:75 - [STDERR_REDIRECT] 
2025-09-19 19:47:25,581 [ERROR] LogOutputStream:75 - [STDERR_REDIRECT] [Fatal Error] :1:1: Premature end of file.
2025-09-19 19:47:25,581 [ERROR] LogOutputStream:75 - [STDERR_REDIRECT] 
2025-09-19 19:47:26,580 [ERROR] LogOutputStream:75 - [STDERR_REDIRECT] [Fatal Error] :1:1: Premature end of file.
2025-09-19 19:47:26,580 [ERROR] LogOutputStream:75 - [STDERR_REDIRECT] 
2025-09-19 19:47:27,588 [ERROR] LogOutputStream:75 - [STDERR_REDIRECT] [Fatal Error] :1:1: Premature end of file.
2025-09-19 19:47:27,588 [ERROR] LogOutputStream:75 - [STDERR_REDIRECT] 
2025-09-19 19:47:28,578 [ERROR] LogOutputStream:75 - [STDERR_REDIRECT] [Fatal Error] :1:1: Premature end of file.
2025-09-19 19:47:28,578 [ERROR] LogOutputStream:75 - [STDERR_REDIRECT] 
2025-09-19 19:47:29,589 [ERROR] LogOutputStream:75 - [STDERR_REDIRECT] [Fatal Error] :1:1: Premature end of file.
2025-09-19 19:47:29,589 [ERROR] LogOutputStream:75 - [STDERR_REDIRECT] 
2025-09-19 19:47:30,573 [ERROR] LogOutputStream:75 - [STDERR_REDIRECT] [Fatal Error] :1:1: Premature end of file.
2025-09-19 19:47:30,573 [ERROR] LogOutputStream:75 - [STDERR_REDIRECT] 
2025-09-19 19:47:31,582 [ERROR] LogOutputStream:75 - [STDERR_REDIRECT] [Fatal Error] :1:1: Premature end of file.
2025-09-19 19:47:31,582 [ERROR] LogOutputStream:75 - [STDERR_REDIRECT] 
2025-09-19 19:47:32,622 [ERROR] LogOutputStream:75 - [STDERR_REDIRECT] [Fatal Error] :1:1: Premature end of file.
2025-09-19 19:47:32,623 [ERROR] LogOutputStream:75 - [STDERR_REDIRECT] 
2025-09-19 19:47:33,584 [ERROR] LogOutputStream:75 - [STDERR_REDIRECT] [Fatal Error] :1:1: Premature end of file.
2025-09-19 19:47:33,584 [ERROR] LogOutputStream:75 - [STDERR_REDIRECT] 
2025-09-19 19:47:34,573 [ERROR] LogOutputStream:75 - [STDERR_REDIRECT] [Fatal Error] :1:1: Premature end of file.
2025-09-19 19:47:34,573 [ERROR] LogOutputStream:75 - [STDERR_REDIRECT] 
2025-09-19 19:47:35,582 [ERROR] LogOutputStream:75 - [STDERR_REDIRECT] [Fatal Error] :1:1: Premature end of file.
2025-09-19 19:47:35,582 [ERROR] LogOutputStream:75 - [STDERR_REDIRECT] 
2025-09-19 19:47:36,572 [ERROR] LogOutputStream:75 - [STDERR_REDIRECT] [Fatal Error] :1:1: Premature end of file.
2025-09-19 19:47:36,572 [ERROR] LogOutputStream:75 - [STDERR_REDIRECT] 
2025-09-19 19:47:37,580 [ERROR] LogOutputStream:75 - [STDERR_REDIRECT] [Fatal Error] :1:1: Premature end of file.
2025-09-19 19:47:37,580 [ERROR] LogOutputStream:75 - [STDERR_REDIRECT] 
2025-09-19 19:47:38,568 [ERROR] LogOutputStream:75 - [STDERR_REDIRECT] [Fatal Error] :1:1: Premature end of file.
2025-09-19 19:47:38,568 [ERROR] LogOutputStream:75 - [STDERR_REDIRECT] 
2025-09-19 19:47:39,579 [ERROR] LogOutputStream:75 - [STDERR_REDIRECT] [Fatal Error] :1:1: Premature end of file.
2025-09-19 19:47:39,579 [ERROR] LogOutputStream:75 - [STDERR_REDIRECT] 
2025-09-19 19:47:40,579 [ERROR] LogOutputStream:75 - [STDERR_REDIRECT] [Fatal Error] :1:1: Premature end of file.
2025-09-19 19:47:40,579 [ERROR] LogOutputStream:75 - [STDERR_REDIRECT] 
2025-09-19 19:47:41,586 [ERROR] LogOutputStream:75 - [STDERR_REDIRECT] [Fatal Error] :1:1: Premature end of file.
2025-09-19 19:47:41,586 [ERROR] LogOutputStream:75 - [STDERR_REDIRECT] 
2025-09-19 19:47:42,574 [ERROR] LogOutputStream:75 - [STDERR_REDIRECT] [Fatal Error] :1:1: Premature end of file.
2025-09-19 19:47:42,574 [ERROR] LogOutputStream:75 - [STDERR_REDIRECT] 
2025-09-19 19:47:43,582 [ERROR] LogOutputStream:75 - [STDERR_REDIRECT] [Fatal Error] :1:1: Premature end of file.
2025-09-19 19:47:43,582 [ERROR] LogOutputStream:75 - [STDERR_REDIRECT] 
2025-09-19 19:47:44,569 [ERROR] LogOutputStream:75 - [STDERR_REDIRECT] [Fatal Error] :1:1: Premature end of file.
2025-09-19 19:47:44,569 [ERROR] LogOutputStream:75 - [STDERR_REDIRECT] 
2025-09-19 19:47:45,582 [ERROR] LogOutputStream:75 - [STDERR_REDIRECT] [Fatal Error] :1:1: Premature end of file.
2025-09-19 19:47:45,582 [ERROR] LogOutputStream:75 - [STDERR_REDIRECT] 
2025-09-19 19:47:46,570 [ERROR] LogOutputStream:75 - [STDERR_REDIRECT] [Fatal Error] :1:1: Premature end of file.
2025-09-19 19:47:46,570 [ERROR] LogOutputStream:75 - [STDERR_REDIRECT] 
2025-09-19 19:47:47,569 [ERROR] LogOutputStream:75 - [STDERR_REDIRECT] [Fatal Error] :1:1: Premature end of file.
2025-09-19 19:47:47,569 [ERROR] LogOutputStream:75 - [STDERR_REDIRECT] 
2025-09-19 19:47:48,586 [ERROR] LogOutputStream:75 - [STDERR_REDIRECT] [Fatal Error] :1:1: Premature end of file.
2025-09-19 19:47:48,586 [ERROR] LogOutputStream:75 - [STDERR_REDIRECT] 
2025-09-19 19:47:49,580 [ERROR] LogOutputStream:75 - [STDERR_REDIRECT] [Fatal Error] :1:1: Premature end of file.
2025-09-19 19:47:49,580 [ERROR] LogOutputStream:75 - [STDERR_REDIRECT] 
2025-09-19 19:47:50,577 [ERROR] LogOutputStream:75 - [STDERR_REDIRECT] [Fatal Error] :1:1: Premature end of file.
2025-09-19 19:47:50,578 [ERROR] LogOutputStream:75 - [STDERR_REDIRECT] 
2025-09-19 19:47:51,570 [ERROR] LogOutputStream:75 - [STDERR_REDIRECT] [Fatal Error] :1:1: Premature end of file.
2025-09-19 19:47:51,570 [ERROR] LogOutputStream:75 - [STDERR_REDIRECT] 
2025-09-19 19:47:52,582 [ERROR] LogOutputStream:75 - [STDERR_REDIRECT] [Fatal Error] :1:1: Premature end of file.
2025-09-19 19:47:52,582 [ERROR] LogOutputStream:75 - [STDERR_REDIRECT] 
2025-09-19 19:47:53,586 [ERROR] LogOutputStream:75 - [STDERR_REDIRECT] [Fatal Error] :1:1: Premature end of file.
2025-09-19 19:47:53,586 [ERROR] LogOutputStream:75 - [STDERR_REDIRECT] 
2025-09-19 19:47:54,586 [ERROR] LogOutputStream:75 - [STDERR_REDIRECT] [Fatal Error] :1:1: Premature end of file.
2025-09-19 19:47:54,586 [ERROR] LogOutputStream:75 - [STDERR_REDIRECT] 
2025-09-19 19:47:55,594 [ERROR] LogOutputStream:75 - [STDERR_REDIRECT] [Fatal Error] :1:1: Premature end of file.
2025-09-19 19:47:55,594 [ERROR] LogOutputStream:75 - [STDERR_REDIRECT] 
2025-09-19 19:47:56,586 [ERROR] LogOutputStream:75 - [STDERR_REDIRECT] [Fatal Error] :1:1: Premature end of file.
2025-09-19 19:47:56,586 [ERROR] LogOutputStream:75 - [STDERR_REDIRECT] 
2025-09-19 19:47:57,590 [ERROR] LogOutputStream:75 - [STDERR_REDIRECT] [Fatal Error] :1:1: Premature end of file.
2025-09-19 19:47:57,591 [ERROR] LogOutputStream:75 - [STDERR_REDIRECT] 
2025-09-19 19:47:58,580 [ERROR] LogOutputStream:75 - [STDERR_REDIRECT] [Fatal Error] :1:1: Premature end of file.
2025-09-19 19:47:58,580 [ERROR] LogOutputStream:75 - [STDERR_REDIRECT] 
2025-09-19 19:47:59,585 [ERROR] LogOutputStream:75 - [STDERR_REDIRECT] [Fatal Error] :1:1: Premature end of file.
2025-09-19 19:47:59,585 [ERROR] LogOutputStream:75 - [STDERR_REDIRECT] 
2025-09-19 19:48:00,573 [ERROR] LogOutputStream:75 - [STDERR_REDIRECT] [Fatal Error] :1:1: Premature end of file.
2025-09-19 19:48:00,573 [ERROR] LogOutputStream:75 - [STDERR_REDIRECT] 
2025-09-19 19:48:01,580 [ERROR] LogOutputStream:75 - [STDERR_REDIRECT] [Fatal Error] :1:1: Premature end of file.
2025-09-19 19:48:01,580 [ERROR] LogOutputStream:75 - [STDERR_REDIRECT] 
2025-09-19 19:48:02,581 [ERROR] LogOutputStream:75 - [STDERR_REDIRECT] [Fatal Error] :1:1: Premature end of file.
2025-09-19 19:48:02,581 [ERROR] LogOutputStream:75 - [STDERR_REDIRECT] 
2025-09-19 19:48:03,584 [ERROR] LogOutputStream:75 - [STDERR_REDIRECT] [Fatal Error] :1:1: Premature end of file.
2025-09-19 19:48:03,585 [ERROR] LogOutputStream:75 - [STDERR_REDIRECT] 
2025-09-19 19:48:04,591 [ERROR] LogOutputStream:75 - [STDERR_REDIRECT] [Fatal Error] :1:1: Premature end of file.
2025-09-19 19:48:04,591 [ERROR] LogOutputStream:75 - [STDERR_REDIRECT] 
2025-09-19 19:48:05,581 [ERROR] LogOutputStream:75 - [STDERR_REDIRECT] [Fatal Error] :1:1: Premature end of file.
2025-09-19 19:48:05,581 [ERROR] LogOutputStream:75 - [STDERR_REDIRECT] 
2025-09-19 19:48:06,577 [ERROR] LogOutputStream:75 - [STDERR_REDIRECT] [Fatal Error] :1:1: Premature end of file.
2025-09-19 19:48:06,577 [ERROR] LogOutputStream:75 - [STDERR_REDIRECT] 
2025-09-19 19:48:07,575 [ERROR] LogOutputStream:75 - [STDERR_REDIRECT] [Fatal Error] :1:1: Premature end of file.
2025-09-19 19:48:07,576 [ERROR] LogOutputStream:75 - [STDERR_REDIRECT] 
2025-09-19 19:48:08,583 [ERROR] LogOutputStream:75 - [STDERR_REDIRECT] [Fatal Error] :1:1: Premature end of file.
2025-09-19 19:48:08,583 [ERROR] LogOutputStream:75 - [STDERR_REDIRECT] 
2025-09-19 19:48:09,584 [ERROR] LogOutputStream:75 - [STDERR_REDIRECT] [Fatal Error] :1:1: Premature end of file.
2025-09-19 19:48:09,584 [ERROR] LogOutputStream:75 - [STDERR_REDIRECT] 
2025-09-19 19:48:10,579 [ERROR] LogOutputStream:75 - [STDERR_REDIRECT] [Fatal Error] :1:1: Premature end of file.
2025-09-19 19:48:10,579 [ERROR] LogOutputStream:75 - [STDERR_REDIRECT] 
2025-09-19 19:48:11,577 [ERROR] LogOutputStream:75 - [STDERR_REDIRECT] [Fatal Error] :1:1: Premature end of file.
2025-09-19 19:48:11,577 [ERROR] LogOutputStream:75 - [STDERR_REDIRECT] 
2025-09-19 19:48:12,589 [ERROR] LogOutputStream:75 - [STDERR_REDIRECT] [Fatal Error] :1:1: Premature end of file.
2025-09-19 19:48:12,591 [ERROR] LogOutputStream:75 - [STDERR_REDIRECT] 
2025-09-19 19:48:13,581 [ERROR] LogOutputStream:75 - [STDERR_REDIRECT] [Fatal Error] :1:1: Premature end of file.
2025-09-19 19:48:13,582 [ERROR] LogOutputStream:75 - [STDERR_REDIRECT] 
2025-09-19 19:48:14,580 [ERROR] LogOutputStream:75 - [STDERR_REDIRECT] [Fatal Error] :1:1: Premature end of file.
2025-09-19 19:48:14,580 [ERROR] LogOutputStream:75 - [STDERR_REDIRECT] 
2025-09-19 19:48:15,568 [ERROR] LogOutputStream:75 - [STDERR_REDIRECT] [Fatal Error] :1:1: Premature end of file.
2025-09-19 19:48:15,568 [ERROR] LogOutputStream:75 - [STDERR_REDIRECT] 
2025-09-19 19:48:16,577 [ERROR] LogOutputStream:75 - [STDERR_REDIRECT] [Fatal Error] :1:1: Premature end of file.
2025-09-19 19:48:16,577 [ERROR] LogOutputStream:75 - [STDERR_REDIRECT] 
2025-09-19 19:48:17,572 [ERROR] LogOutputStream:75 - [STDERR_REDIRECT] [Fatal Error] :1:1: Premature end of file.
2025-09-19 19:48:17,572 [ERROR] LogOutputStream:75 - [STDERR_REDIRECT] 
2025-09-19 19:48:18,583 [ERROR] LogOutputStream:75 - [STDERR_REDIRECT] [Fatal Error] :1:1: Premature end of file.
2025-09-19 19:48:18,583 [ERROR] LogOutputStream:75 - [STDERR_REDIRECT] 
2025-09-19 19:48:19,577 [ERROR] LogOutputStream:75 - [STDERR_REDIRECT] [Fatal Error] :1:1: Premature end of file.
2025-09-19 19:48:19,577 [ERROR] LogOutputStream:75 - [STDERR_REDIRECT] 
2025-09-19 19:48:20,572 [ERROR] LogOutputStream:75 - [STDERR_REDIRECT] [Fatal Error] :1:1: Premature end of file.
2025-09-19 19:48:20,572 [ERROR] LogOutputStream:75 - [STDERR_REDIRECT] 
2025-09-19 19:48:21,581 [ERROR] LogOutputStream:75 - [STDERR_REDIRECT] [Fatal Error] :1:1: Premature end of file.
2025-09-19 19:48:21,581 [ERROR] LogOutputStream:75 - [STDERR_REDIRECT] 
2025-09-19 19:48:22,587 [ERROR] LogOutputStream:75 - [STDERR_REDIRECT] [Fatal Error] :1:1: Premature end of file.
2025-09-19 19:48:22,587 [ERROR] LogOutputStream:75 - [STDERR_REDIRECT] 
2025-09-19 19:48:23,582 [ERROR] LogOutputStream:75 - [STDERR_REDIRECT] [Fatal Error] :1:1: Premature end of file.
2025-09-19 19:48:23,582 [ERROR] LogOutputStream:75 - [STDERR_REDIRECT] 
2025-09-19 19:48:24,590 [ERROR] LogOutputStream:75 - [STDERR_REDIRECT] [Fatal Error] :1:1: Premature end of file.
2025-09-19 19:48:24,590 [ERROR] LogOutputStream:75 - [STDERR_REDIRECT] 
2025-09-19 19:48:25,574 [ERROR] LogOutputStream:75 - [STDERR_REDIRECT] [Fatal Error] :1:1: Premature end of file.
2025-09-19 19:48:25,574 [ERROR] LogOutputStream:75 - [STDERR_REDIRECT] 
2025-09-19 19:48:26,585 [ERROR] LogOutputStream:75 - [STDERR_REDIRECT] [Fatal Error] :1:1: Premature end of file.
2025-09-19 19:48:26,585 [ERROR] LogOutputStream:75 - [STDERR_REDIRECT] 
2025-09-19 19:48:27,577 [ERROR] LogOutputStream:75 - [STDERR_REDIRECT] [Fatal Error] :1:1: Premature end of file.
2025-09-19 19:48:27,577 [ERROR] LogOutputStream:75 - [STDERR_REDIRECT] 
2025-09-19 19:48:28,580 [ERROR] LogOutputStream:75 - [STDERR_REDIRECT] [Fatal Error] :1:1: Premature end of file.
2025-09-19 19:48:28,580 [ERROR] LogOutputStream:75 - [STDERR_REDIRECT] 
2025-09-19 19:48:29,568 [ERROR] LogOutputStream:75 - [STDERR_REDIRECT] [Fatal Error] :1:1: Premature end of file.
2025-09-19 19:48:29,568 [ERROR] LogOutputStream:75 - [STDERR_REDIRECT] 
2025-09-19 19:48:30,576 [ERROR] LogOutputStream:75 - [STDERR_REDIRECT] [Fatal Error] :1:1: Premature end of file.
2025-09-19 19:48:30,576 [ERROR] LogOutputStream:75 - [STDERR_REDIRECT] 
2025-09-19 19:48:31,574 [ERROR] LogOutputStream:75 - [STDERR_REDIRECT] [Fatal Error] :1:1: Premature end of file.
2025-09-19 19:48:31,574 [ERROR] LogOutputStream:75 - [STDERR_REDIRECT] 
2025-09-19 19:48:32,591 [ERROR] LogOutputStream:75 - [STDERR_REDIRECT] [Fatal Error] :1:1: Premature end of file.
2025-09-19 19:48:32,591 [ERROR] LogOutputStream:75 - [STDERR_REDIRECT] 
2025-09-19 19:48:33,575 [ERROR] LogOutputStream:75 - [STDERR_REDIRECT] [Fatal Error] :1:1: Premature end of file.
2025-09-19 19:48:33,575 [ERROR] LogOutputStream:75 - [STDERR_REDIRECT] 
2025-09-19 19:48:34,577 [ERROR] LogOutputStream:75 - [STDERR_REDIRECT] [Fatal Error] :1:1: Premature end of file.
2025-09-19 19:48:34,577 [ERROR] LogOutputStream:75 - [STDERR_REDIRECT] 
2025-09-19 19:48:35,574 [ERROR] LogOutputStream:75 - [STDERR_REDIRECT] [Fatal Error] :1:1: Premature end of file.
2025-09-19 19:48:35,574 [ERROR] LogOutputStream:75 - [STDERR_REDIRECT] 
2025-09-19 19:48:36,582 [ERROR] LogOutputStream:75 - [STDERR_REDIRECT] [Fatal Error] :1:1: Premature end of file.
2025-09-19 19:48:36,582 [ERROR] LogOutputStream:75 - [STDERR_REDIRECT] 
2025-09-19 19:48:37,571 [ERROR] LogOutputStream:75 - [STDERR_REDIRECT] [Fatal Error] :1:1: Premature end of file.
2025-09-19 19:48:37,571 [ERROR] LogOutputStream:75 - [STDERR_REDIRECT] 
2025-09-19 19:48:38,575 [ERROR] LogOutputStream:75 - [STDERR_REDIRECT] [Fatal Error] :1:1: Premature end of file.
2025-09-19 19:48:38,575 [ERROR] LogOutputStream:75 - [STDERR_REDIRECT] 
2025-09-19 19:48:39,569 [ERROR] LogOutputStream:75 - [STDERR_REDIRECT] [Fatal Error] :1:1: Premature end of file.
2025-09-19 19:48:39,570 [ERROR] LogOutputStream:75 - [STDERR_REDIRECT] 
2025-09-19 19:48:40,569 [ERROR] LogOutputStream:75 - [STDERR_REDIRECT] [Fatal Error] :1:1: Premature end of file.
2025-09-19 19:48:40,569 [ERROR] LogOutputStream:75 - [STDERR_REDIRECT] 
2025-09-19 19:48:41,587 [ERROR] LogOutputStream:75 - [STDERR_REDIRECT] [Fatal Error] :1:1: Premature end of file.
2025-09-19 19:48:41,588 [ERROR] LogOutputStream:75 - [STDERR_REDIRECT] 
2025-09-19 19:48:42,581 [ERROR] LogOutputStream:75 - [STDERR_REDIRECT] [Fatal Error] :1:1: Premature end of file.
2025-09-19 19:48:42,581 [ERROR] LogOutputStream:75 - [STDERR_REDIRECT] 
2025-09-19 19:48:43,574 [ERROR] LogOutputStream:75 - [STDERR_REDIRECT] [Fatal Error] :1:1: Premature end of file.
2025-09-19 19:48:43,574 [ERROR] LogOutputStream:75 - [STDERR_REDIRECT] 
2025-09-19 19:48:44,593 [ERROR] LogOutputStream:75 - [STDERR_REDIRECT] [Fatal Error] :1:1: Premature end of file.
2025-09-19 19:48:44,593 [ERROR] LogOutputStream:75 - [STDERR_REDIRECT] 
2025-09-19 19:48:45,576 [ERROR] LogOutputStream:75 - [STDERR_REDIRECT] [Fatal Error] :1:1: Premature end of file.
2025-09-19 19:48:45,576 [ERROR] LogOutputStream:75 - [STDERR_REDIRECT] 
2025-09-19 19:48:46,576 [ERROR] LogOutputStream:75 - [STDERR_REDIRECT] [Fatal Error] :1:1: Premature end of file.
2025-09-19 19:48:46,576 [ERROR] LogOutputStream:75 - [STDERR_REDIRECT] 
2025-09-19 19:48:47,625 [ERROR] LogOutputStream:75 - [STDERR_REDIRECT] [Fatal Error] :1:1: Premature end of file.
2025-09-19 19:48:47,627 [ERROR] LogOutputStream:75 - [STDERR_REDIRECT] 
2025-09-19 19:48:48,580 [ERROR] LogOutputStream:75 - [STDERR_REDIRECT] [Fatal Error] :1:1: Premature end of file.
2025-09-19 19:48:48,581 [ERROR] LogOutputStream:75 - [STDERR_REDIRECT] 
2025-09-19 19:48:49,579 [ERROR] LogOutputStream:75 - [STDERR_REDIRECT] [Fatal Error] :1:1: Premature end of file.
2025-09-19 19:48:49,579 [ERROR] LogOutputStream:75 - [STDERR_REDIRECT] 
2025-09-19 19:48:50,569 [ERROR] LogOutputStream:75 - [STDERR_REDIRECT] [Fatal Error] :1:1: Premature end of file.
2025-09-19 19:48:50,569 [ERROR] LogOutputStream:75 - [STDERR_REDIRECT] 
2025-09-19 19:48:51,579 [ERROR] LogOutputStream:75 - [STDERR_REDIRECT] [Fatal Error] :1:1: Premature end of file.
2025-09-19 19:48:51,579 [ERROR] LogOutputStream:75 - [STDERR_REDIRECT] 
2025-09-19 19:48:52,576 [ERROR] LogOutputStream:75 - [STDERR_REDIRECT] [Fatal Error] :1:1: Premature end of file.
2025-09-19 19:48:52,576 [ERROR] LogOutputStream:75 - [STDERR_REDIRECT] 
2025-09-19 19:48:53,574 [ERROR] LogOutputStream:75 - [STDERR_REDIRECT] [Fatal Error] :1:1: Premature end of file.
2025-09-19 19:48:53,574 [ERROR] LogOutputStream:75 - [STDERR_REDIRECT] 
2025-09-19 19:48:54,576 [ERROR] LogOutputStream:75 - [STDERR_REDIRECT] [Fatal Error] :1:1: Premature end of file.
2025-09-19 19:48:54,576 [ERROR] LogOutputStream:75 - [STDERR_REDIRECT] 
2025-09-19 19:48:55,572 [ERROR] LogOutputStream:75 - [STDERR_REDIRECT] [Fatal Error] :1:1: Premature end of file.
2025-09-19 19:48:55,572 [ERROR] LogOutputStream:75 - [STDERR_REDIRECT] 
2025-09-19 19:48:56,579 [ERROR] LogOutputStream:75 - [STDERR_REDIRECT] [Fatal Error] :1:1: Premature end of file.
2025-09-19 19:48:56,579 [ERROR] LogOutputStream:75 - [STDERR_REDIRECT] 
2025-09-19 19:48:57,578 [ERROR] LogOutputStream:75 - [STDERR_REDIRECT] [Fatal Error] :1:1: Premature end of file.
2025-09-19 19:48:57,578 [ERROR] LogOutputStream:75 - [STDERR_REDIRECT] 
2025-09-19 19:48:58,573 [ERROR] LogOutputStream:75 - [STDERR_REDIRECT] [Fatal Error] :1:1: Premature end of file.
2025-09-19 19:48:58,574 [ERROR] LogOutputStream:75 - [STDERR_REDIRECT] 
2025-09-19 19:48:59,573 [ERROR] LogOutputStream:75 - [STDERR_REDIRECT] [Fatal Error] :1:1: Premature end of file.
2025-09-19 19:48:59,573 [ERROR] LogOutputStream:75 - [STDERR_REDIRECT] 
2025-09-19 19:49:00,585 [ERROR] LogOutputStream:75 - [STDERR_REDIRECT] [Fatal Error] :1:1: Premature end of file.
2025-09-19 19:49:00,585 [ERROR] LogOutputStream:75 - [STDERR_REDIRECT] 
2025-09-19 19:49:01,583 [ERROR] LogOutputStream:75 - [STDERR_REDIRECT] [Fatal Error] :1:1: Premature end of file.
2025-09-19 19:49:01,583 [ERROR] LogOutputStream:75 - [STDERR_REDIRECT] 
2025-09-19 19:49:02,581 [ERROR] LogOutputStream:75 - [STDERR_REDIRECT] [Fatal Error] :1:1: Premature end of file.
2025-09-19 19:49:02,581 [ERROR] LogOutputStream:75 - [STDERR_REDIRECT] 
2025-09-19 19:49:03,581 [ERROR] LogOutputStream:75 - [STDERR_REDIRECT] [Fatal Error] :1:1: Premature end of file.
2025-09-19 19:49:03,581 [ERROR] LogOutputStream:75 - [STDERR_REDIRECT] 
2025-09-19 19:49:04,582 [ERROR] LogOutputStream:75 - [STDERR_REDIRECT] [Fatal Error] :1:1: Premature end of file.
2025-09-19 19:49:04,582 [ERROR] LogOutputStream:75 - [STDERR_REDIRECT] 
2025-09-19 19:49:05,574 [ERROR] LogOutputStream:75 - [STDERR_REDIRECT] [Fatal Error] :1:1: Premature end of file.
2025-09-19 19:49:05,574 [ERROR] LogOutputStream:75 - [STDERR_REDIRECT] 
2025-09-19 19:49:06,582 [ERROR] LogOutputStream:75 - [STDERR_REDIRECT] [Fatal Error] :1:1: Premature end of file.
2025-09-19 19:49:06,582 [ERROR] LogOutputStream:75 - [STDERR_REDIRECT] 
2025-09-19 19:49:07,579 [ERROR] LogOutputStream:75 - [STDERR_REDIRECT] [Fatal Error] :1:1: Premature end of file.
2025-09-19 19:49:07,579 [ERROR] LogOutputStream:75 - [STDERR_REDIRECT] 
2025-09-19 19:49:08,575 [ERROR] LogOutputStream:75 - [STDERR_REDIRECT] [Fatal Error] :1:1: Premature end of file.
2025-09-19 19:49:08,577 [ERROR] LogOutputStream:75 - [STDERR_REDIRECT] 
2025-09-19 19:49:09,578 [ERROR] LogOutputStream:75 - [STDERR_REDIRECT] [Fatal Error] :1:1: Premature end of file.
2025-09-19 19:49:09,578 [ERROR] LogOutputStream:75 - [STDERR_REDIRECT] 
2025-09-19 19:49:10,572 [ERROR] LogOutputStream:75 - [STDERR_REDIRECT] [Fatal Error] :1:1: Premature end of file.
2025-09-19 19:49:10,572 [ERROR] LogOutputStream:75 - [STDERR_REDIRECT] 
2025-09-19 19:49:11,611 [ERROR] LogOutputStream:75 - [STDERR_REDIRECT] [Fatal Error] :1:1: Premature end of file.
2025-09-19 19:49:11,611 [ERROR] LogOutputStream:75 - [STDERR_REDIRECT] 
2025-09-19 19:49:12,581 [ERROR] LogOutputStream:75 - [STDERR_REDIRECT] [Fatal Error] :1:1: Premature end of file.
2025-09-19 19:49:12,581 [ERROR] LogOutputStream:75 - [STDERR_REDIRECT] 
2025-09-19 19:49:13,582 [ERROR] LogOutputStream:75 - [STDERR_REDIRECT] [Fatal Error] :1:1: Premature end of file.
2025-09-19 19:49:13,582 [ERROR] LogOutputStream:75 - [STDERR_REDIRECT] 
2025-09-19 19:49:14,604 [ERROR] LogOutputStream:75 - [STDERR_REDIRECT] [Fatal Error] :1:1: Premature end of file.
2025-09-19 19:49:14,604 [ERROR] LogOutputStream:75 - [STDERR_REDIRECT] 
2025-09-19 19:49:15,582 [ERROR] LogOutputStream:75 - [STDERR_REDIRECT] [Fatal Error] :1:1: Premature end of file.
2025-09-19 19:49:15,582 [ERROR] LogOutputStream:75 - [STDERR_REDIRECT] 
2025-09-19 19:49:16,569 [ERROR] LogOutputStream:75 - [STDERR_REDIRECT] [Fatal Error] :1:1: Premature end of file.
2025-09-19 19:49:16,569 [ERROR] LogOutputStream:75 - [STDERR_REDIRECT] 
2025-09-19 19:49:17,584 [ERROR] LogOutputStream:75 - [STDERR_REDIRECT] [Fatal Error] :1:1: Premature end of file.
2025-09-19 19:49:17,584 [ERROR] LogOutputStream:75 - [STDERR_REDIRECT] 
2025-09-19 19:49:18,573 [ERROR] LogOutputStream:75 - [STDERR_REDIRECT] [Fatal Error] :1:1: Premature end of file.
2025-09-19 19:49:18,573 [ERROR] LogOutputStream:75 - [STDERR_REDIRECT] 
2025-09-19 19:49:19,572 [ERROR] LogOutputStream:75 - [STDERR_REDIRECT] [Fatal Error] :1:1: Premature end of file.
2025-09-19 19:49:19,572 [ERROR] LogOutputStream:75 - [STDERR_REDIRECT] 
2025-09-19 19:49:20,572 [ERROR] LogOutputStream:75 - [STDERR_REDIRECT] [Fatal Error] :1:1: Premature end of file.
2025-09-19 19:49:20,572 [ERROR] LogOutputStream:75 - [STDERR_REDIRECT] 
2025-09-19 19:49:21,584 [ERROR] LogOutputStream:75 - [STDERR_REDIRECT] [Fatal Error] :1:1: Premature end of file.
2025-09-19 19:49:21,584 [ERROR] LogOutputStream:75 - [STDERR_REDIRECT] 
2025-09-19 19:49:22,575 [ERROR] LogOutputStream:75 - [STDERR_REDIRECT] [Fatal Error] :1:1: Premature end of file.
2025-09-19 19:49:22,575 [ERROR] LogOutputStream:75 - [STDERR_REDIRECT] 
2025-09-19 19:49:23,589 [ERROR] LogOutputStream:75 - [STDERR_REDIRECT] [Fatal Error] :1:1: Premature end of file.
2025-09-19 19:49:23,589 [ERROR] LogOutputStream:75 - [STDERR_REDIRECT] 
2025-09-19 19:49:24,567 [ERROR] LogOutputStream:75 - [STDERR_REDIRECT] [Fatal Error] :1:1: Premature end of file.
2025-09-19 19:49:24,567 [ERROR] LogOutputStream:75 - [STDERR_REDIRECT] 
2025-09-19 19:49:25,577 [ERROR] LogOutputStream:75 - [STDERR_REDIRECT] [Fatal Error] :1:1: Premature end of file.
2025-09-19 19:49:25,577 [ERROR] LogOutputStream:75 - [STDERR_REDIRECT] 
2025-09-19 19:49:26,581 [ERROR] LogOutputStream:75 - [STDERR_REDIRECT] [Fatal Error] :1:1: Premature end of file.
2025-09-19 19:49:26,583 [ERROR] LogOutputStream:75 - [STDERR_REDIRECT] 
2025-09-19 19:49:27,583 [ERROR] LogOutputStream:75 - [STDERR_REDIRECT] [Fatal Error] :1:1: Premature end of file.
2025-09-19 19:49:27,583 [ERROR] LogOutputStream:75 - [STDERR_REDIRECT] 
2025-09-19 19:49:28,578 [ERROR] LogOutputStream:75 - [STDERR_REDIRECT] [Fatal Error] :1:1: Premature end of file.
2025-09-19 19:49:28,579 [ERROR] LogOutputStream:75 - [STDERR_REDIRECT] 
2025-09-19 19:49:29,577 [ERROR] LogOutputStream:75 - [STDERR_REDIRECT] [Fatal Error] :1:1: Premature end of file.
2025-09-19 19:49:29,577 [ERROR] LogOutputStream:75 - [STDERR_REDIRECT] 
2025-09-19 19:49:30,571 [ERROR] LogOutputStream:75 - [STDERR_REDIRECT] [Fatal Error] :1:1: Premature end of file.
2025-09-19 19:49:30,571 [ERROR] LogOutputStream:75 - [STDERR_REDIRECT] 
2025-09-19 19:49:31,583 [ERROR] LogOutputStream:75 - [STDERR_REDIRECT] [Fatal Error] :1:1: Premature end of file.
2025-09-19 19:49:31,583 [ERROR] LogOutputStream:75 - [STDERR_REDIRECT] 
2025-09-19 19:49:32,575 [ERROR] LogOutputStream:75 - [STDERR_REDIRECT] [Fatal Error] :1:1: Premature end of file.
2025-09-19 19:49:32,575 [ERROR] LogOutputStream:75 - [STDERR_REDIRECT] 
2025-09-19 19:49:33,585 [ERROR] LogOutputStream:75 - [STDERR_REDIRECT] [Fatal Error] :1:1: Premature end of file.
2025-09-19 19:49:33,585 [ERROR] LogOutputStream:75 - [STDERR_REDIRECT] 
2025-09-19 19:49:34,581 [ERROR] LogOutputStream:75 - [STDERR_REDIRECT] [Fatal Error] :1:1: Premature end of file.
2025-09-19 19:49:34,581 [ERROR] LogOutputStream:75 - [STDERR_REDIRECT] 
2025-09-19 19:49:35,578 [ERROR] LogOutputStream:75 - [STDERR_REDIRECT] [Fatal Error] :1:1: Premature end of file.
2025-09-19 19:49:35,578 [ERROR] LogOutputStream:75 - [STDERR_REDIRECT] 
2025-09-19 19:49:36,582 [ERROR] LogOutputStream:75 - [STDERR_REDIRECT] [Fatal Error] :1:1: Premature end of file.
2025-09-19 19:49:36,582 [ERROR] LogOutputStream:75 - [STDERR_REDIRECT] 
2025-09-19 19:49:37,584 [ERROR] LogOutputStream:75 - [STDERR_REDIRECT] [Fatal Error] :1:1: Premature end of file.
2025-09-19 19:49:37,584 [ERROR] LogOutputStream:75 - [STDERR_REDIRECT] 
2025-09-19 19:49:38,577 [ERROR] LogOutputStream:75 - [STDERR_REDIRECT] [Fatal Error] :1:1: Premature end of file.
2025-09-19 19:49:38,577 [ERROR] LogOutputStream:75 - [STDERR_REDIRECT] 
2025-09-19 19:49:39,577 [ERROR] LogOutputStream:75 - [STDERR_REDIRECT] [Fatal Error] :1:1: Premature end of file.
2025-09-19 19:49:39,577 [ERROR] LogOutputStream:75 - [STDERR_REDIRECT] 
2025-09-19 19:49:40,697 [ERROR] LogOutputStream:75 - [STDERR_REDIRECT] [Fatal Error] :1:1: Premature end of file.
2025-09-19 19:49:40,697 [ERROR] LogOutputStream:75 - [STDERR_REDIRECT] 
2025-09-19 19:49:41,584 [ERROR] LogOutputStream:75 - [STDERR_REDIRECT] [Fatal Error] :1:1: Premature end of file.
2025-09-19 19:49:41,584 [ERROR] LogOutputStream:75 - [STDERR_REDIRECT] 
2025-09-19 19:49:42,580 [ERROR] LogOutputStream:75 - [STDERR_REDIRECT] [Fatal Error] :1:1: Premature end of file.
2025-09-19 19:49:42,582 [ERROR] LogOutputStream:75 - [STDERR_REDIRECT] 
2025-09-19 19:49:43,580 [ERROR] LogOutputStream:75 - [STDERR_REDIRECT] [Fatal Error] :1:1: Premature end of file.
2025-09-19 19:49:43,580 [ERROR] LogOutputStream:75 - [STDERR_REDIRECT] 
2025-09-19 19:49:44,576 [ERROR] LogOutputStream:75 - [STDERR_REDIRECT] [Fatal Error] :1:1: Premature end of file.
2025-09-19 19:49:44,576 [ERROR] LogOutputStream:75 - [STDERR_REDIRECT] 
2025-09-19 19:49:45,585 [ERROR] LogOutputStream:75 - [STDERR_REDIRECT] [Fatal Error] :1:1: Premature end of file.
2025-09-19 19:49:45,586 [ERROR] LogOutputStream:75 - [STDERR_REDIRECT] 
2025-09-19 19:49:46,575 [ERROR] LogOutputStream:75 - [STDERR_REDIRECT] [Fatal Error] :1:1: Premature end of file.
2025-09-19 19:49:46,575 [ERROR] LogOutputStream:75 - [STDERR_REDIRECT] 
2025-09-19 19:49:47,581 [ERROR] LogOutputStream:75 - [STDERR_REDIRECT] [Fatal Error] :1:1: Premature end of file.
2025-09-19 19:49:47,581 [ERROR] LogOutputStream:75 - [STDERR_REDIRECT] 
2025-09-19 19:49:48,573 [ERROR] LogOutputStream:75 - [STDERR_REDIRECT] [Fatal Error] :1:1: Premature end of file.
2025-09-19 19:49:48,573 [ERROR] LogOutputStream:75 - [STDERR_REDIRECT] 
2025-09-19 19:49:49,570 [ERROR] LogOutputStream:75 - [STDERR_REDIRECT] [Fatal Error] :1:1: Premature end of file.
2025-09-19 19:49:49,570 [ERROR] LogOutputStream:75 - [STDERR_REDIRECT] 
2025-09-19 19:49:50,568 [ERROR] LogOutputStream:75 - [STDERR_REDIRECT] [Fatal Error] :1:1: Premature end of file.
2025-09-19 19:49:50,569 [ERROR] LogOutputStream:75 - [STDERR_REDIRECT] 
2025-09-19 19:49:51,584 [ERROR] LogOutputStream:75 - [STDERR_REDIRECT] [Fatal Error] :1:1: Premature end of file.
2025-09-19 19:49:51,584 [ERROR] LogOutputStream:75 - [STDERR_REDIRECT] 
2025-09-19 19:49:52,581 [ERROR] LogOutputStream:75 - [STDERR_REDIRECT] [Fatal Error] :1:1: Premature end of file.
2025-09-19 19:49:52,581 [ERROR] LogOutputStream:75 - [STDERR_REDIRECT] 
2025-09-19 19:49:53,583 [ERROR] LogOutputStream:75 - [STDERR_REDIRECT] [Fatal Error] :1:1: Premature end of file.
2025-09-19 19:49:53,583 [ERROR] LogOutputStream:75 - [STDERR_REDIRECT] 
2025-09-19 19:49:54,580 [ERROR] LogOutputStream:75 - [STDERR_REDIRECT] [Fatal Error] :1:1: Premature end of file.
2025-09-19 19:49:54,580 [ERROR] LogOutputStream:75 - [STDERR_REDIRECT] 
2025-09-19 19:49:55,575 [ERROR] LogOutputStream:75 - [STDERR_REDIRECT] [Fatal Error] :1:1: Premature end of file.
2025-09-19 19:49:55,575 [ERROR] LogOutputStream:75 - [STDERR_REDIRECT] 
2025-09-19 19:49:56,577 [ERROR] LogOutputStream:75 - [STDERR_REDIRECT] [Fatal Error] :1:1: Premature end of file.
2025-09-19 19:49:56,577 [ERROR] LogOutputStream:75 - [STDERR_REDIRECT] 
2025-09-19 19:49:57,583 [ERROR] LogOutputStream:75 - [STDERR_REDIRECT] [Fatal Error] :1:1: Premature end of file.
2025-09-19 19:49:57,583 [ERROR] LogOutputStream:75 - [STDERR_REDIRECT] 
2025-09-19 19:49:58,580 [ERROR] LogOutputStream:75 - [STDERR_REDIRECT] [Fatal Error] :1:1: Premature end of file.
2025-09-19 19:49:58,580 [ERROR] LogOutputStream:75 - [STDERR_REDIRECT] 
2025-09-19 19:49:59,578 [ERROR] LogOutputStream:75 - [STDERR_REDIRECT] [Fatal Error] :1:1: Premature end of file.
2025-09-19 19:49:59,578 [ERROR] LogOutputStream:75 - [STDERR_REDIRECT] 
2025-09-19 19:50:00,578 [ERROR] LogOutputStream:75 - [STDERR_REDIRECT] [Fatal Error] :1:1: Premature end of file.
2025-09-19 19:50:00,578 [ERROR] LogOutputStream:75 - [STDERR_REDIRECT] 
2025-09-19 19:50:01,597 [ERROR] LogOutputStream:75 - [STDERR_REDIRECT] [Fatal Error] :1:1: Premature end of file.
2025-09-19 19:50:01,597 [ERROR] LogOutputStream:75 - [STDERR_REDIRECT] 
2025-09-19 19:50:02,589 [ERROR] LogOutputStream:75 - [STDERR_REDIRECT] [Fatal Error] :1:1: Premature end of file.
2025-09-19 19:50:02,589 [ERROR] LogOutputStream:75 - [STDERR_REDIRECT] 
2025-09-19 19:50:03,581 [ERROR] LogOutputStream:75 - [STDERR_REDIRECT] [Fatal Error] :1:1: Premature end of file.
2025-09-19 19:50:03,581 [ERROR] LogOutputStream:75 - [STDERR_REDIRECT] 
2025-09-19 19:50:04,580 [ERROR] LogOutputStream:75 - [STDERR_REDIRECT] [Fatal Error] :1:1: Premature end of file.
2025-09-19 19:50:04,580 [ERROR] LogOutputStream:75 - [STDERR_REDIRECT] 
2025-09-19 19:50:05,572 [ERROR] LogOutputStream:75 - [STDERR_REDIRECT] [Fatal Error] :1:1: Premature end of file.
2025-09-19 19:50:05,572 [ERROR] LogOutputStream:75 - [STDERR_REDIRECT] 
2025-09-19 19:50:06,572 [ERROR] LogOutputStream:75 - [STDERR_REDIRECT] [Fatal Error] :1:1: Premature end of file.
2025-09-19 19:50:06,572 [ERROR] LogOutputStream:75 - [STDERR_REDIRECT] 
2025-09-19 19:50:07,580 [ERROR] LogOutputStream:75 - [STDERR_REDIRECT] [Fatal Error] :1:1: Premature end of file.
2025-09-19 19:50:07,580 [ERROR] LogOutputStream:75 - [STDERR_REDIRECT] 
2025-09-19 19:50:08,580 [ERROR] LogOutputStream:75 - [STDERR_REDIRECT] [Fatal Error] :1:1: Premature end of file.
2025-09-19 19:50:08,580 [ERROR] LogOutputStream:75 - [STDERR_REDIRECT] 
2025-09-19 19:50:09,580 [ERROR] LogOutputStream:75 - [STDERR_REDIRECT] [Fatal Error] :1:1: Premature end of file.
2025-09-19 19:50:09,580 [ERROR] LogOutputStream:75 - [STDERR_REDIRECT] 
2025-09-19 19:50:10,582 [ERROR] LogOutputStream:75 - [STDERR_REDIRECT] [Fatal Error] :1:1: Premature end of file.
2025-09-19 19:50:10,582 [ERROR] LogOutputStream:75 - [STDERR_REDIRECT] 
2025-09-19 19:50:11,584 [ERROR] LogOutputStream:75 - [STDERR_REDIRECT] [Fatal Error] :1:1: Premature end of file.
2025-09-19 19:50:11,584 [ERROR] LogOutputStream:75 - [STDERR_REDIRECT] 
2025-09-19 19:50:12,575 [ERROR] LogOutputStream:75 - [STDERR_REDIRECT] [Fatal Error] :1:1: Premature end of file.
2025-09-19 19:50:12,575 [ERROR] LogOutputStream:75 - [STDERR_REDIRECT] 
2025-09-19 19:50:13,573 [ERROR] LogOutputStream:75 - [STDERR_REDIRECT] [Fatal Error] :1:1: Premature end of file.
2025-09-19 19:50:13,573 [ERROR] LogOutputStream:75 - [STDERR_REDIRECT] 
2025-09-19 19:50:14,605 [ERROR] LogOutputStream:75 - [STDERR_REDIRECT] [Fatal Error] :1:1: Premature end of file.
2025-09-19 19:50:14,605 [ERROR] LogOutputStream:75 - [STDERR_REDIRECT] 
2025-09-19 19:50:15,572 [ERROR] LogOutputStream:75 - [STDERR_REDIRECT] [Fatal Error] :1:1: Premature end of file.
2025-09-19 19:50:15,572 [ERROR] LogOutputStream:75 - [STDERR_REDIRECT] 
2025-09-19 19:50:16,576 [ERROR] LogOutputStream:75 - [STDERR_REDIRECT] [Fatal Error] :1:1: Premature end of file.
2025-09-19 19:50:16,576 [ERROR] LogOutputStream:75 - [STDERR_REDIRECT] 
2025-09-19 19:50:17,631 [ERROR] LogOutputStream:75 - [STDERR_REDIRECT] [Fatal Error] :1:1: Premature end of file.
2025-09-19 19:50:17,632 [ERROR] LogOutputStream:75 - [STDERR_REDIRECT] 
2025-09-19 19:50:18,582 [ERROR] LogOutputStream:75 - [STDERR_REDIRECT] [Fatal Error] :1:1: Premature end of file.
2025-09-19 19:50:18,582 [ERROR] LogOutputStream:75 - [STDERR_REDIRECT] 
2025-09-19 19:50:19,571 [ERROR] LogOutputStream:75 - [STDERR_REDIRECT] [Fatal Error] :1:1: Premature end of file.
2025-09-19 19:50:19,571 [ERROR] LogOutputStream:75 - [STDERR_REDIRECT] 
2025-09-19 19:50:20,578 [ERROR] LogOutputStream:75 - [STDERR_REDIRECT] [Fatal Error] :1:1: Premature end of file.
2025-09-19 19:50:20,578 [ERROR] LogOutputStream:75 - [STDERR_REDIRECT] 
2025-09-19 19:50:21,574 [ERROR] LogOutputStream:75 - [STDERR_REDIRECT] [Fatal Error] :1:1: Premature end of file.
2025-09-19 19:50:21,574 [ERROR] LogOutputStream:75 - [STDERR_REDIRECT] 
2025-09-19 19:50:22,577 [ERROR] LogOutputStream:75 - [STDERR_REDIRECT] [Fatal Error] :1:1: Premature end of file.
2025-09-19 19:50:22,577 [ERROR] LogOutputStream:75 - [STDERR_REDIRECT] 
2025-09-19 19:50:23,569 [ERROR] LogOutputStream:75 - [STDERR_REDIRECT] [Fatal Error] :1:1: Premature end of file.
2025-09-19 19:50:23,570 [ERROR] LogOutputStream:75 - [STDERR_REDIRECT] 
2025-09-19 19:50:24,584 [ERROR] LogOutputStream:75 - [STDERR_REDIRECT] [Fatal Error] :1:1: Premature end of file.
2025-09-19 19:50:24,584 [ERROR] LogOutputStream:75 - [STDERR_REDIRECT] 
2025-09-19 19:50:25,583 [ERROR] LogOutputStream:75 - [STDERR_REDIRECT] [Fatal Error] :1:1: Premature end of file.
2025-09-19 19:50:25,583 [ERROR] LogOutputStream:75 - [STDERR_REDIRECT] 
2025-09-19 19:50:26,581 [ERROR] LogOutputStream:75 - [STDERR_REDIRECT] [Fatal Error] :1:1: Premature end of file.
2025-09-19 19:50:26,582 [ERROR] LogOutputStream:75 - [STDERR_REDIRECT] 
2025-09-19 19:50:27,580 [ERROR] LogOutputStream:75 - [STDERR_REDIRECT] [Fatal Error] :1:1: Premature end of file.
2025-09-19 19:50:27,580 [ERROR] LogOutputStream:75 - [STDERR_REDIRECT] 
2025-09-19 19:50:28,577 [ERROR] LogOutputStream:75 - [STDERR_REDIRECT] [Fatal Error] :1:1: Premature end of file.
2025-09-19 19:50:28,577 [ERROR] LogOutputStream:75 - [STDERR_REDIRECT] 
2025-09-19 19:50:29,571 [ERROR] LogOutputStream:75 - [STDERR_REDIRECT] [Fatal Error] :1:1: Premature end of file.
2025-09-19 19:50:29,572 [ERROR] LogOutputStream:75 - [STDERR_REDIRECT] 
2025-09-19 19:50:30,570 [ERROR] LogOutputStream:75 - [STDERR_REDIRECT] [Fatal Error] :1:1: Premature end of file.
2025-09-19 19:50:30,570 [ERROR] LogOutputStream:75 - [STDERR_REDIRECT] 
2025-09-19 19:50:31,584 [ERROR] LogOutputStream:75 - [STDERR_REDIRECT] [Fatal Error] :1:1: Premature end of file.
2025-09-19 19:50:31,584 [ERROR] LogOutputStream:75 - [STDERR_REDIRECT] 
2025-09-19 19:50:32,582 [ERROR] LogOutputStream:75 - [STDERR_REDIRECT] [Fatal Error] :1:1: Premature end of file.
2025-09-19 19:50:32,582 [ERROR] LogOutputStream:75 - [STDERR_REDIRECT] 
2025-09-19 19:50:33,582 [ERROR] LogOutputStream:75 - [STDERR_REDIRECT] [Fatal Error] :1:1: Premature end of file.
2025-09-19 19:50:33,583 [ERROR] LogOutputStream:75 - [STDERR_REDIRECT] 
2025-09-19 19:50:34,633 [ERROR] LogOutputStream:75 - [STDERR_REDIRECT] [Fatal Error] :1:1: Premature end of file.
2025-09-19 19:50:34,633 [ERROR] LogOutputStream:75 - [STDERR_REDIRECT] 
2025-09-19 19:50:35,578 [ERROR] LogOutputStream:75 - [STDERR_REDIRECT] [Fatal Error] :1:1: Premature end of file.
2025-09-19 19:50:35,578 [ERROR] LogOutputStream:75 - [STDERR_REDIRECT] 
2025-09-19 19:50:36,598 [ERROR] LogOutputStream:75 - [STDERR_REDIRECT] [Fatal Error] :1:1: Premature end of file.
2025-09-19 19:50:36,598 [ERROR] LogOutputStream:75 - [STDERR_REDIRECT] 
2025-09-19 19:50:37,580 [ERROR] LogOutputStream:75 - [STDERR_REDIRECT] [Fatal Error] :1:1: Premature end of file.
2025-09-19 19:50:37,580 [ERROR] LogOutputStream:75 - [STDERR_REDIRECT] 
2025-09-19 19:50:38,591 [ERROR] LogOutputStream:75 - [STDERR_REDIRECT] [Fatal Error] :1:1: Premature end of file.
2025-09-19 19:50:38,592 [ERROR] LogOutputStream:75 - [STDERR_REDIRECT] 
2025-09-19 19:50:39,584 [ERROR] LogOutputStream:75 - [STDERR_REDIRECT] [Fatal Error] :1:1: Premature end of file.
2025-09-19 19:50:39,584 [ERROR] LogOutputStream:75 - [STDERR_REDIRECT] 
2025-09-19 19:50:40,578 [ERROR] LogOutputStream:75 - [STDERR_REDIRECT] [Fatal Error] :1:1: Premature end of file.
2025-09-19 19:50:40,578 [ERROR] LogOutputStream:75 - [STDERR_REDIRECT] 
2025-09-19 19:50:41,567 [ERROR] LogOutputStream:75 - [STDERR_REDIRECT] [Fatal Error] :1:1: Premature end of file.
2025-09-19 19:50:41,567 [ERROR] LogOutputStream:75 - [STDERR_REDIRECT] 
2025-09-19 19:50:42,578 [ERROR] LogOutputStream:75 - [STDERR_REDIRECT] [Fatal Error] :1:1: Premature end of file.
2025-09-19 19:50:42,578 [ERROR] LogOutputStream:75 - [STDERR_REDIRECT] 
2025-09-19 19:50:43,582 [ERROR] LogOutputStream:75 - [STDERR_REDIRECT] [Fatal Error] :1:1: Premature end of file.
2025-09-19 19:50:43,582 [ERROR] LogOutputStream:75 - [STDERR_REDIRECT] 
2025-09-19 19:50:44,580 [ERROR] LogOutputStream:75 - [STDERR_REDIRECT] [Fatal Error] :1:1: Premature end of file.
2025-09-19 19:50:44,580 [ERROR] LogOutputStream:75 - [STDERR_REDIRECT] 
2025-09-19 19:50:45,572 [ERROR] LogOutputStream:75 - [STDERR_REDIRECT] [Fatal Error] :1:1: Premature end of file.
2025-09-19 19:50:45,572 [ERROR] LogOutputStream:75 - [STDERR_REDIRECT] 
2025-09-19 19:50:46,576 [ERROR] LogOutputStream:75 - [STDERR_REDIRECT] [Fatal Error] :1:1: Premature end of file.
2025-09-19 19:50:46,576 [ERROR] LogOutputStream:75 - [STDERR_REDIRECT] 
2025-09-19 19:50:47,575 [ERROR] LogOutputStream:75 - [STDERR_REDIRECT] [Fatal Error] :1:1: Premature end of file.
2025-09-19 19:50:47,576 [ERROR] LogOutputStream:75 - [STDERR_REDIRECT] 
2025-09-19 19:50:48,578 [ERROR] LogOutputStream:75 - [STDERR_REDIRECT] [Fatal Error] :1:1: Premature end of file.
2025-09-19 19:50:48,578 [ERROR] LogOutputStream:75 - [STDERR_REDIRECT] 
2025-09-19 19:50:49,578 [ERROR] LogOutputStream:75 - [STDERR_REDIRECT] [Fatal Error] :1:1: Premature end of file.
2025-09-19 19:50:49,578 [ERROR] LogOutputStream:75 - [STDERR_REDIRECT] 
2025-09-19 19:50:50,568 [ERROR] LogOutputStream:75 - [STDERR_REDIRECT] [Fatal Error] :1:1: Premature end of file.
2025-09-19 19:50:50,569 [ERROR] LogOutputStream:75 - [STDERR_REDIRECT] 
2025-09-19 19:50:51,583 [ERROR] LogOutputStream:75 - [STDERR_REDIRECT] [Fatal Error] :1:1: Premature end of file.
2025-09-19 19:50:51,583 [ERROR] LogOutputStream:75 - [STDERR_REDIRECT] 
2025-09-19 19:50:52,579 [ERROR] LogOutputStream:75 - [STDERR_REDIRECT] [Fatal Error] :1:1: Premature end of file.
2025-09-19 19:50:52,579 [ERROR] LogOutputStream:75 - [STDERR_REDIRECT] 
2025-09-19 19:50:53,578 [ERROR] LogOutputStream:75 - [STDERR_REDIRECT] [Fatal Error] :1:1: Premature end of file.
2025-09-19 19:50:53,579 [ERROR] LogOutputStream:75 - [STDERR_REDIRECT] 
2025-09-19 19:50:54,579 [ERROR] LogOutputStream:75 - [STDERR_REDIRECT] [Fatal Error] :1:1: Premature end of file.
2025-09-19 19:50:54,579 [ERROR] LogOutputStream:75 - [STDERR_REDIRECT] 
2025-09-19 19:50:55,576 [ERROR] LogOutputStream:75 - [STDERR_REDIRECT] [Fatal Error] :1:1: Premature end of file.
2025-09-19 19:50:55,576 [ERROR] LogOutputStream:75 - [STDERR_REDIRECT] 
2025-09-19 19:50:56,570 [ERROR] LogOutputStream:75 - [STDERR_REDIRECT] [Fatal Error] :1:1: Premature end of file.
2025-09-19 19:50:56,570 [ERROR] LogOutputStream:75 - [STDERR_REDIRECT] 
2025-09-19 19:50:57,581 [ERROR] LogOutputStream:75 - [STDERR_REDIRECT] [Fatal Error] :1:1: Premature end of file.
2025-09-19 19:50:57,581 [ERROR] LogOutputStream:75 - [STDERR_REDIRECT] 
2025-09-19 19:50:58,580 [ERROR] LogOutputStream:75 - [STDERR_REDIRECT] [Fatal Error] :1:1: Premature end of file.
2025-09-19 19:50:58,581 [ERROR] LogOutputStream:75 - [STDERR_REDIRECT] 
2025-09-19 19:50:59,581 [ERROR] LogOutputStream:75 - [STDERR_REDIRECT] [Fatal Error] :1:1: Premature end of file.
2025-09-19 19:50:59,582 [ERROR] LogOutputStream:75 - [STDERR_REDIRECT] 
2025-09-19 19:51:00,582 [ERROR] LogOutputStream:75 - [STDERR_REDIRECT] [Fatal Error] :1:1: Premature end of file.
2025-09-19 19:51:00,582 [ERROR] LogOutputStream:75 - [STDERR_REDIRECT] 
2025-09-19 19:51:01,572 [ERROR] LogOutputStream:75 - [STDERR_REDIRECT] [Fatal Error] :1:1: Premature end of file.
2025-09-19 19:51:01,572 [ERROR] LogOutputStream:75 - [STDERR_REDIRECT] 
2025-09-19 19:51:02,576 [ERROR] LogOutputStream:75 - [STDERR_REDIRECT] [Fatal Error] :1:1: Premature end of file.
2025-09-19 19:51:02,576 [ERROR] LogOutputStream:75 - [STDERR_REDIRECT] 
2025-09-19 19:51:03,569 [ERROR] LogOutputStream:75 - [STDERR_REDIRECT] [Fatal Error] :1:1: Premature end of file.
2025-09-19 19:51:03,569 [ERROR] LogOutputStream:75 - [STDERR_REDIRECT] 
2025-09-19 19:51:04,579 [ERROR] LogOutputStream:75 - [STDERR_REDIRECT] [Fatal Error] :1:1: Premature end of file.
2025-09-19 19:51:04,579 [ERROR] LogOutputStream:75 - [STDERR_REDIRECT] 
2025-09-19 19:51:05,582 [ERROR] LogOutputStream:75 - [STDERR_REDIRECT] [Fatal Error] :1:1: Premature end of file.
2025-09-19 19:51:05,582 [ERROR] LogOutputStream:75 - [STDERR_REDIRECT] 
2025-09-19 19:51:06,574 [ERROR] LogOutputStream:75 - [STDERR_REDIRECT] [Fatal Error] :1:1: Premature end of file.
2025-09-19 19:51:06,574 [ERROR] LogOutputStream:75 - [STDERR_REDIRECT] 
2025-09-19 19:51:07,578 [ERROR] LogOutputStream:75 - [STDERR_REDIRECT] [Fatal Error] :1:1: Premature end of file.
2025-09-19 19:51:07,578 [ERROR] LogOutputStream:75 - [STDERR_REDIRECT] 
2025-09-19 19:51:08,581 [ERROR] LogOutputStream:75 - [STDERR_REDIRECT] [Fatal Error] :1:1: Premature end of file.
2025-09-19 19:51:08,581 [ERROR] LogOutputStream:75 - [STDERR_REDIRECT] 
2025-09-19 19:51:09,578 [ERROR] LogOutputStream:75 - [STDERR_REDIRECT] [Fatal Error] :1:1: Premature end of file.
2025-09-19 19:51:09,578 [ERROR] LogOutputStream:75 - [STDERR_REDIRECT] 
2025-09-19 19:51:10,585 [ERROR] LogOutputStream:75 - [STDERR_REDIRECT] [Fatal Error] :1:1: Premature end of file.
2025-09-19 19:51:10,586 [ERROR] LogOutputStream:75 - [STDERR_REDIRECT] 
2025-09-19 19:51:11,587 [ERROR] LogOutputStream:75 - [STDERR_REDIRECT] [Fatal Error] :1:1: Premature end of file.
2025-09-19 19:51:11,587 [ERROR] LogOutputStream:75 - [STDERR_REDIRECT] 
2025-09-19 19:51:12,588 [ERROR] LogOutputStream:75 - [STDERR_REDIRECT] [Fatal Error] :1:1: Premature end of file.
2025-09-19 19:51:12,588 [ERROR] LogOutputStream:75 - [STDERR_REDIRECT] 
2025-09-19 19:51:13,576 [ERROR] LogOutputStream:75 - [STDERR_REDIRECT] [Fatal Error] :1:1: Premature end of file.
2025-09-19 19:51:13,576 [ERROR] LogOutputStream:75 - [STDERR_REDIRECT] 
2025-09-19 19:51:14,583 [ERROR] LogOutputStream:75 - [STDERR_REDIRECT] [Fatal Error] :1:1: Premature end of file.
2025-09-19 19:51:14,583 [ERROR] LogOutputStream:75 - [STDERR_REDIRECT] 
2025-09-19 19:51:15,570 [ERROR] LogOutputStream:75 - [STDERR_REDIRECT] [Fatal Error] :1:1: Premature end of file.
2025-09-19 19:51:15,570 [ERROR] LogOutputStream:75 - [STDERR_REDIRECT] 
2025-09-19 19:51:16,569 [ERROR] LogOutputStream:75 - [STDERR_REDIRECT] [Fatal Error] :1:1: Premature end of file.
2025-09-19 19:51:16,569 [ERROR] LogOutputStream:75 - [STDERR_REDIRECT] 
2025-09-19 19:51:17,582 [ERROR] LogOutputStream:75 - [STDERR_REDIRECT] [Fatal Error] :1:1: Premature end of file.
2025-09-19 19:51:17,582 [ERROR] LogOutputStream:75 - [STDERR_REDIRECT] 
2025-09-19 19:51:18,581 [ERROR] LogOutputStream:75 - [STDERR_REDIRECT] [Fatal Error] :1:1: Premature end of file.
2025-09-19 19:51:18,581 [ERROR] LogOutputStream:75 - [STDERR_REDIRECT] 
2025-09-19 19:51:19,571 [ERROR] LogOutputStream:75 - [STDERR_REDIRECT] [Fatal Error] :1:1: Premature end of file.
2025-09-19 19:51:19,572 [ERROR] LogOutputStream:75 - [STDERR_REDIRECT] 
2025-09-19 19:51:20,576 [ERROR] LogOutputStream:75 - [STDERR_REDIRECT] [Fatal Error] :1:1: Premature end of file.
2025-09-19 19:51:20,576 [ERROR] LogOutputStream:75 - [STDERR_REDIRECT] 
2025-09-19 19:51:21,571 [ERROR] LogOutputStream:75 - [STDERR_REDIRECT] [Fatal Error] :1:1: Premature end of file.
2025-09-19 19:51:21,573 [ERROR] LogOutputStream:75 - [STDERR_REDIRECT] 
2025-09-19 19:51:22,581 [ERROR] LogOutputStream:75 - [STDERR_REDIRECT] [Fatal Error] :1:1: Premature end of file.
2025-09-19 19:51:22,581 [ERROR] LogOutputStream:75 - [STDERR_REDIRECT] 
2025-09-19 19:51:23,580 [ERROR] LogOutputStream:75 - [STDERR_REDIRECT] [Fatal Error] :1:1: Premature end of file.
2025-09-19 19:51:23,580 [ERROR] LogOutputStream:75 - [STDERR_REDIRECT] 
2025-09-19 19:51:24,575 [ERROR] LogOutputStream:75 - [STDERR_REDIRECT] [Fatal Error] :1:1: Premature end of file.
2025-09-19 19:51:24,575 [ERROR] LogOutputStream:75 - [STDERR_REDIRECT] 
2025-09-19 19:51:25,573 [ERROR] LogOutputStream:75 - [STDERR_REDIRECT] [Fatal Error] :1:1: Premature end of file.
2025-09-19 19:51:25,573 [ERROR] LogOutputStream:75 - [STDERR_REDIRECT] 
2025-09-19 19:51:26,579 [ERROR] LogOutputStream:75 - [STDERR_REDIRECT] [Fatal Error] :1:1: Premature end of file.
2025-09-19 19:51:26,580 [ERROR] LogOutputStream:75 - [STDERR_REDIRECT] 
2025-09-19 19:51:27,572 [ERROR] LogOutputStream:75 - [STDERR_REDIRECT] [Fatal Error] :1:1: Premature end of file.
2025-09-19 19:51:27,572 [ERROR] LogOutputStream:75 - [STDERR_REDIRECT] 
2025-09-19 19:51:28,572 [ERROR] LogOutputStream:75 - [STDERR_REDIRECT] [Fatal Error] :1:1: Premature end of file.
2025-09-19 19:51:28,572 [ERROR] LogOutputStream:75 - [STDERR_REDIRECT] 
2025-09-19 19:51:29,587 [ERROR] LogOutputStream:75 - [STDERR_REDIRECT] [Fatal Error] :1:1: Premature end of file.
2025-09-19 19:51:29,587 [ERROR] LogOutputStream:75 - [STDERR_REDIRECT] 
2025-09-19 19:51:30,574 [ERROR] LogOutputStream:75 - [STDERR_REDIRECT] [Fatal Error] :1:1: Premature end of file.
2025-09-19 19:51:30,575 [ERROR] LogOutputStream:75 - [STDERR_REDIRECT] 
2025-09-19 19:51:31,580 [ERROR] LogOutputStream:75 - [STDERR_REDIRECT] [Fatal Error] :1:1: Premature end of file.
2025-09-19 19:51:31,580 [ERROR] LogOutputStream:75 - [STDERR_REDIRECT] 
2025-09-19 19:51:32,574 [ERROR] LogOutputStream:75 - [STDERR_REDIRECT] [Fatal Error] :1:1: Premature end of file.
2025-09-19 19:51:32,574 [ERROR] LogOutputStream:75 - [STDERR_REDIRECT] 
2025-09-19 19:51:33,571 [ERROR] LogOutputStream:75 - [STDERR_REDIRECT] [Fatal Error] :1:1: Premature end of file.
2025-09-19 19:51:33,572 [ERROR] LogOutputStream:75 - [STDERR_REDIRECT] 
2025-09-19 19:51:34,566 [ERROR] LogOutputStream:75 - [STDERR_REDIRECT] [Fatal Error] :1:1: Premature end of file.
2025-09-19 19:51:34,566 [ERROR] LogOutputStream:75 - [STDERR_REDIRECT] 
2025-09-19 19:51:35,575 [ERROR] LogOutputStream:75 - [STDERR_REDIRECT] [Fatal Error] :1:1: Premature end of file.
2025-09-19 19:51:35,575 [ERROR] LogOutputStream:75 - [STDERR_REDIRECT] 
2025-09-19 19:51:36,579 [ERROR] LogOutputStream:75 - [STDERR_REDIRECT] [Fatal Error] :1:1: Premature end of file.
2025-09-19 19:51:36,579 [ERROR] LogOutputStream:75 - [STDERR_REDIRECT] 
2025-09-19 19:51:37,579 [ERROR] LogOutputStream:75 - [STDERR_REDIRECT] [Fatal Error] :1:1: Premature end of file.
2025-09-19 19:51:37,579 [ERROR] LogOutputStream:75 - [STDERR_REDIRECT] 
2025-09-19 19:51:38,577 [ERROR] LogOutputStream:75 - [STDERR_REDIRECT] [Fatal Error] :1:1: Premature end of file.
2025-09-19 19:51:38,577 [ERROR] LogOutputStream:75 - [STDERR_REDIRECT] 
2025-09-19 19:51:39,587 [ERROR] LogOutputStream:75 - [STDERR_REDIRECT] [Fatal Error] :1:1: Premature end of file.
2025-09-19 19:51:39,587 [ERROR] LogOutputStream:75 - [STDERR_REDIRECT] 
2025-09-19 19:51:40,601 [ERROR] LogOutputStream:75 - [STDERR_REDIRECT] [Fatal Error] :1:1: Premature end of file.
2025-09-19 19:51:40,602 [ERROR] LogOutputStream:75 - [STDERR_REDIRECT] 
2025-09-19 19:51:41,581 [ERROR] LogOutputStream:75 - [STDERR_REDIRECT] [Fatal Error] :1:1: Premature end of file.
2025-09-19 19:51:41,581 [ERROR] LogOutputStream:75 - [STDERR_REDIRECT] 
2025-09-19 19:51:42,588 [ERROR] LogOutputStream:75 - [STDERR_REDIRECT] [Fatal Error] :1:1: Premature end of file.
2025-09-19 19:51:42,588 [ERROR] LogOutputStream:75 - [STDERR_REDIRECT] 
2025-09-19 19:51:43,584 [ERROR] LogOutputStream:75 - [STDERR_REDIRECT] [Fatal Error] :1:1: Premature end of file.
2025-09-19 19:51:43,584 [ERROR] LogOutputStream:75 - [STDERR_REDIRECT] 
2025-09-19 19:51:44,584 [ERROR] LogOutputStream:75 - [STDERR_REDIRECT] [Fatal Error] :1:1: Premature end of file.
2025-09-19 19:51:44,584 [ERROR] LogOutputStream:75 - [STDERR_REDIRECT] 
2025-09-19 19:51:45,578 [ERROR] LogOutputStream:75 - [STDERR_REDIRECT] [Fatal Error] :1:1: Premature end of file.
2025-09-19 19:51:45,578 [ERROR] LogOutputStream:75 - [STDERR_REDIRECT] 
2025-09-19 19:51:46,576 [ERROR] LogOutputStream:75 - [STDERR_REDIRECT] [Fatal Error] :1:1: Premature end of file.
2025-09-19 19:51:46,576 [ERROR] LogOutputStream:75 - [STDERR_REDIRECT] 
2025-09-19 19:51:47,573 [ERROR] LogOutputStream:75 - [STDERR_REDIRECT] [Fatal Error] :1:1: Premature end of file.
2025-09-19 19:51:47,573 [ERROR] LogOutputStream:75 - [STDERR_REDIRECT] 
2025-09-19 19:51:48,584 [ERROR] LogOutputStream:75 - [STDERR_REDIRECT] [Fatal Error] :1:1: Premature end of file.
2025-09-19 19:51:48,584 [ERROR] LogOutputStream:75 - [STDERR_REDIRECT] 
2025-09-19 19:51:49,576 [ERROR] LogOutputStream:75 - [STDERR_REDIRECT] [Fatal Error] :1:1: Premature end of file.
2025-09-19 19:51:49,576 [ERROR] LogOutputStream:75 - [STDERR_REDIRECT] 
2025-09-19 19:51:50,570 [ERROR] LogOutputStream:75 - [STDERR_REDIRECT] [Fatal Error] :1:1: Premature end of file.
2025-09-19 19:51:50,570 [ERROR] LogOutputStream:75 - [STDERR_REDIRECT] 
2025-09-19 19:51:51,585 [ERROR] LogOutputStream:75 - [STDERR_REDIRECT] [Fatal Error] :1:1: Premature end of file.
2025-09-19 19:51:51,585 [ERROR] LogOutputStream:75 - [STDERR_REDIRECT] 
2025-09-19 19:51:52,575 [ERROR] LogOutputStream:75 - [STDERR_REDIRECT] [Fatal Error] :1:1: Premature end of file.
2025-09-19 19:51:52,575 [ERROR] LogOutputStream:75 - [STDERR_REDIRECT] 
2025-09-19 19:51:53,566 [ERROR] LogOutputStream:75 - [STDERR_REDIRECT] [Fatal Error] :1:1: Premature end of file.
2025-09-19 19:51:53,566 [ERROR] LogOutputStream:75 - [STDERR_REDIRECT] 
2025-09-19 19:51:54,573 [ERROR] LogOutputStream:75 - [STDERR_REDIRECT] [Fatal Error] :1:1: Premature end of file.
2025-09-19 19:51:54,573 [ERROR] LogOutputStream:75 - [STDERR_REDIRECT] 
2025-09-19 19:51:55,597 [ERROR] LogOutputStream:75 - [STDERR_REDIRECT] [Fatal Error] :1:1: Premature end of file.
2025-09-19 19:51:55,597 [ERROR] LogOutputStream:75 - [STDERR_REDIRECT] 
2025-09-19 19:51:56,578 [ERROR] LogOutputStream:75 - [STDERR_REDIRECT] [Fatal Error] :1:1: Premature end of file.
2025-09-19 19:51:56,578 [ERROR] LogOutputStream:75 - [STDERR_REDIRECT] 
2025-09-19 19:51:57,581 [ERROR] LogOutputStream:75 - [STDERR_REDIRECT] [Fatal Error] :1:1: Premature end of file.
2025-09-19 19:51:57,582 [ERROR] LogOutputStream:75 - [STDERR_REDIRECT] 
2025-09-19 19:51:58,582 [ERROR] LogOutputStream:75 - [STDERR_REDIRECT] [Fatal Error] :1:1: Premature end of file.
2025-09-19 19:51:58,582 [ERROR] LogOutputStream:75 - [STDERR_REDIRECT] 
2025-09-19 19:51:59,577 [ERROR] LogOutputStream:75 - [STDERR_REDIRECT] [Fatal Error] :1:1: Premature end of file.
2025-09-19 19:51:59,577 [ERROR] LogOutputStream:75 - [STDERR_REDIRECT] 
2025-09-19 19:52:00,566 [ERROR] LogOutputStream:75 - [STDERR_REDIRECT] [Fatal Error] :1:1: Premature end of file.
2025-09-19 19:52:00,566 [ERROR] LogOutputStream:75 - [STDERR_REDIRECT] 
2025-09-19 19:52:01,583 [ERROR] LogOutputStream:75 - [STDERR_REDIRECT] [Fatal Error] :1:1: Premature end of file.
2025-09-19 19:52:01,583 [ERROR] LogOutputStream:75 - [STDERR_REDIRECT] 
2025-09-19 19:52:02,578 [ERROR] LogOutputStream:75 - [STDERR_REDIRECT] [Fatal Error] :1:1: Premature end of file.
2025-09-19 19:52:02,579 [ERROR] LogOutputStream:75 - [STDERR_REDIRECT] 
2025-09-19 19:52:03,579 [ERROR] LogOutputStream:75 - [STDERR_REDIRECT] [Fatal Error] :1:1: Premature end of file.
2025-09-19 19:52:03,579 [ERROR] LogOutputStream:75 - [STDERR_REDIRECT] 
2025-09-19 19:52:04,581 [ERROR] LogOutputStream:75 - [STDERR_REDIRECT] [Fatal Error] :1:1: Premature end of file.
2025-09-19 19:52:04,581 [ERROR] LogOutputStream:75 - [STDERR_REDIRECT] 
2025-09-19 19:52:05,575 [ERROR] LogOutputStream:75 - [STDERR_REDIRECT] [Fatal Error] :1:1: Premature end of file.
2025-09-19 19:52:05,575 [ERROR] LogOutputStream:75 - [STDERR_REDIRECT] 
2025-09-19 19:52:06,579 [ERROR] LogOutputStream:75 - [STDERR_REDIRECT] [Fatal Error] :1:1: Premature end of file.
2025-09-19 19:52:06,579 [ERROR] LogOutputStream:75 - [STDERR_REDIRECT] 
2025-09-19 19:52:07,577 [ERROR] LogOutputStream:75 - [STDERR_REDIRECT] [Fatal Error] :1:1: Premature end of file.
2025-09-19 19:52:07,577 [ERROR] LogOutputStream:75 - [STDERR_REDIRECT] 
2025-09-19 19:52:08,573 [ERROR] LogOutputStream:75 - [STDERR_REDIRECT] [Fatal Error] :1:1: Premature end of file.
2025-09-19 19:52:08,573 [ERROR] LogOutputStream:75 - [STDERR_REDIRECT] 
2025-09-19 19:52:09,587 [ERROR] LogOutputStream:75 - [STDERR_REDIRECT] [Fatal Error] :1:1: Premature end of file.
2025-09-19 19:52:09,587 [ERROR] LogOutputStream:75 - [STDERR_REDIRECT] 
2025-09-19 19:52:10,581 [ERROR] LogOutputStream:75 - [STDERR_REDIRECT] [Fatal Error] :1:1: Premature end of file.
2025-09-19 19:52:10,582 [ERROR] LogOutputStream:75 - [STDERR_REDIRECT] 
2025-09-19 19:52:11,575 [ERROR] LogOutputStream:75 - [STDERR_REDIRECT] [Fatal Error] :1:1: Premature end of file.
2025-09-19 19:52:11,575 [ERROR] LogOutputStream:75 - [STDERR_REDIRECT] 
2025-09-19 19:52:12,582 [ERROR] LogOutputStream:75 - [STDERR_REDIRECT] [Fatal Error] :1:1: Premature end of file.
2025-09-19 19:52:12,582 [ERROR] LogOutputStream:75 - [STDERR_REDIRECT] 
2025-09-19 19:52:13,577 [ERROR] LogOutputStream:75 - [STDERR_REDIRECT] [Fatal Error] :1:1: Premature end of file.
2025-09-19 19:52:13,577 [ERROR] LogOutputStream:75 - [STDERR_REDIRECT] 
2025-09-19 19:52:14,579 [ERROR] LogOutputStream:75 - [STDERR_REDIRECT] [Fatal Error] :1:1: Premature end of file.
2025-09-19 19:52:14,579 [ERROR] LogOutputStream:75 - [STDERR_REDIRECT] 
2025-09-19 19:52:15,582 [ERROR] LogOutputStream:75 - [STDERR_REDIRECT] [Fatal Error] :1:1: Premature end of file.
2025-09-19 19:52:15,582 [ERROR] LogOutputStream:75 - [STDERR_REDIRECT] 
2025-09-19 19:52:16,576 [ERROR] LogOutputStream:75 - [STDERR_REDIRECT] [Fatal Error] :1:1: Premature end of file.
2025-09-19 19:52:16,576 [ERROR] LogOutputStream:75 - [STDERR_REDIRECT] 
2025-09-19 19:52:17,590 [ERROR] LogOutputStream:75 - [STDERR_REDIRECT] [Fatal Error] :1:1: Premature end of file.
2025-09-19 19:52:17,590 [ERROR] LogOutputStream:75 - [STDERR_REDIRECT] 
2025-09-19 19:52:18,579 [ERROR] LogOutputStream:75 - [STDERR_REDIRECT] [Fatal Error] :1:1: Premature end of file.
2025-09-19 19:52:18,580 [ERROR] LogOutputStream:75 - [STDERR_REDIRECT] 
2025-09-19 19:52:19,583 [ERROR] LogOutputStream:75 - [STDERR_REDIRECT] [Fatal Error] :1:1: Premature end of file.
2025-09-19 19:52:19,583 [ERROR] LogOutputStream:75 - [STDERR_REDIRECT] 
2025-09-19 19:52:20,574 [ERROR] LogOutputStream:75 - [STDERR_REDIRECT] [Fatal Error] :1:1: Premature end of file.
2025-09-19 19:52:20,574 [ERROR] LogOutputStream:75 - [STDERR_REDIRECT] 
2025-09-19 19:52:21,584 [ERROR] LogOutputStream:75 - [STDERR_REDIRECT] [Fatal Error] :1:1: Premature end of file.
2025-09-19 19:52:21,584 [ERROR] LogOutputStream:75 - [STDERR_REDIRECT] 
2025-09-19 19:52:22,579 [ERROR] LogOutputStream:75 - [STDERR_REDIRECT] [Fatal Error] :1:1: Premature end of file.
2025-09-19 19:52:22,579 [ERROR] LogOutputStream:75 - [STDERR_REDIRECT] 
2025-09-19 19:52:23,568 [ERROR] LogOutputStream:75 - [STDERR_REDIRECT] [Fatal Error] :1:1: Premature end of file.
2025-09-19 19:52:23,568 [ERROR] LogOutputStream:75 - [STDERR_REDIRECT] 
2025-09-19 19:52:24,571 [ERROR] LogOutputStream:75 - [STDERR_REDIRECT] [Fatal Error] :1:1: Premature end of file.
2025-09-19 19:52:24,571 [ERROR] LogOutputStream:75 - [STDERR_REDIRECT] 
2025-09-19 19:52:25,573 [ERROR] LogOutputStream:75 - [STDERR_REDIRECT] [Fatal Error] :1:1: Premature end of file.
2025-09-19 19:52:25,573 [ERROR] LogOutputStream:75 - [STDERR_REDIRECT] 
2025-09-19 19:52:26,568 [ERROR] LogOutputStream:75 - [STDERR_REDIRECT] [Fatal Error] :1:1: Premature end of file.
2025-09-19 19:52:26,570 [ERROR] LogOutputStream:75 - [STDERR_REDIRECT] 
2025-09-19 19:52:27,576 [ERROR] LogOutputStream:75 - [STDERR_REDIRECT] [Fatal Error] :1:1: Premature end of file.
2025-09-19 19:52:27,576 [ERROR] LogOutputStream:75 - [STDERR_REDIRECT] 
2025-09-19 19:52:28,572 [ERROR] LogOutputStream:75 - [STDERR_REDIRECT] [Fatal Error] :1:1: Premature end of file.
2025-09-19 19:52:28,572 [ERROR] LogOutputStream:75 - [STDERR_REDIRECT] 
2025-09-19 19:52:29,570 [ERROR] LogOutputStream:75 - [STDERR_REDIRECT] [Fatal Error] :1:1: Premature end of file.
2025-09-19 19:52:29,570 [ERROR] LogOutputStream:75 - [STDERR_REDIRECT] 
2025-09-19 19:52:30,577 [ERROR] LogOutputStream:75 - [STDERR_REDIRECT] [Fatal Error] :1:1: Premature end of file.
2025-09-19 19:52:30,577 [ERROR] LogOutputStream:75 - [STDERR_REDIRECT] 
2025-09-19 19:52:31,577 [ERROR] LogOutputStream:75 - [STDERR_REDIRECT] [Fatal Error] :1:1: Premature end of file.
2025-09-19 19:52:31,577 [ERROR] LogOutputStream:75 - [STDERR_REDIRECT] 
2025-09-19 19:52:32,587 [ERROR] LogOutputStream:75 - [STDERR_REDIRECT] [Fatal Error] :1:1: Premature end of file.
2025-09-19 19:52:32,587 [ERROR] LogOutputStream:75 - [STDERR_REDIRECT] 
2025-09-19 19:52:33,580 [ERROR] LogOutputStream:75 - [STDERR_REDIRECT] [Fatal Error] :1:1: Premature end of file.
2025-09-19 19:52:33,580 [ERROR] LogOutputStream:75 - [STDERR_REDIRECT] 
2025-09-19 19:52:34,568 [ERROR] LogOutputStream:75 - [STDERR_REDIRECT] [Fatal Error] :1:1: Premature end of file.
2025-09-19 19:52:34,568 [ERROR] LogOutputStream:75 - [STDERR_REDIRECT] 
2025-09-19 19:52:35,574 [ERROR] LogOutputStream:75 - [STDERR_REDIRECT] [Fatal Error] :1:1: Premature end of file.
2025-09-19 19:52:35,574 [ERROR] LogOutputStream:75 - [STDERR_REDIRECT] 
2025-09-19 19:52:36,571 [ERROR] LogOutputStream:75 - [STDERR_REDIRECT] [Fatal Error] :1:1: Premature end of file.
2025-09-19 19:52:36,571 [ERROR] LogOutputStream:75 - [STDERR_REDIRECT] 
2025-09-19 19:52:37,579 [ERROR] LogOutputStream:75 - [STDERR_REDIRECT] [Fatal Error] :1:1: Premature end of file.
2025-09-19 19:52:37,579 [ERROR] LogOutputStream:75 - [STDERR_REDIRECT] 
2025-09-19 19:52:38,575 [ERROR] LogOutputStream:75 - [STDERR_REDIRECT] [Fatal Error] :1:1: Premature end of file.
2025-09-19 19:52:38,575 [ERROR] LogOutputStream:75 - [STDERR_REDIRECT] 
2025-09-19 19:52:39,580 [ERROR] LogOutputStream:75 - [STDERR_REDIRECT] [Fatal Error] :1:1: Premature end of file.
2025-09-19 19:52:39,580 [ERROR] LogOutputStream:75 - [STDERR_REDIRECT] 
2025-09-19 19:52:40,583 [ERROR] LogOutputStream:75 - [STDERR_REDIRECT] [Fatal Error] :1:1: Premature end of file.
2025-09-19 19:52:40,583 [ERROR] LogOutputStream:75 - [STDERR_REDIRECT] 
2025-09-19 19:52:41,567 [ERROR] LogOutputStream:75 - [STDERR_REDIRECT] [Fatal Error] :1:1: Premature end of file.
2025-09-19 19:52:41,567 [ERROR] LogOutputStream:75 - [STDERR_REDIRECT] 
2025-09-19 19:52:42,570 [ERROR] LogOutputStream:75 - [STDERR_REDIRECT] [Fatal Error] :1:1: Premature end of file.
2025-09-19 19:52:42,570 [ERROR] LogOutputStream:75 - [STDERR_REDIRECT] 
2025-09-19 19:52:43,578 [ERROR] LogOutputStream:75 - [STDERR_REDIRECT] [Fatal Error] :1:1: Premature end of file.
2025-09-19 19:52:43,579 [ERROR] LogOutputStream:75 - [STDERR_REDIRECT] 
2025-09-19 19:52:44,569 [ERROR] LogOutputStream:75 - [STDERR_REDIRECT] [Fatal Error] :1:1: Premature end of file.
2025-09-19 19:52:44,570 [ERROR] LogOutputStream:75 - [STDERR_REDIRECT] 
2025-09-19 19:52:45,581 [ERROR] LogOutputStream:75 - [STDERR_REDIRECT] [Fatal Error] :1:1: Premature end of file.
2025-09-19 19:52:45,581 [ERROR] LogOutputStream:75 - [STDERR_REDIRECT] 
2025-09-19 19:52:46,571 [ERROR] LogOutputStream:75 - [STDERR_REDIRECT] [Fatal Error] :1:1: Premature end of file.
2025-09-19 19:52:46,571 [ERROR] LogOutputStream:75 - [STDERR_REDIRECT] 
2025-09-19 19:52:47,581 [ERROR] LogOutputStream:75 - [STDERR_REDIRECT] [Fatal Error] :1:1: Premature end of file.
2025-09-19 19:52:47,581 [ERROR] LogOutputStream:75 - [STDERR_REDIRECT] 
2025-09-19 19:52:48,572 [ERROR] LogOutputStream:75 - [STDERR_REDIRECT] [Fatal Error] :1:1: Premature end of file.
2025-09-19 19:52:48,572 [ERROR] LogOutputStream:75 - [STDERR_REDIRECT] 
2025-09-19 19:52:49,586 [ERROR] LogOutputStream:75 - [STDERR_REDIRECT] [Fatal Error] :1:1: Premature end of file.
2025-09-19 19:52:49,586 [ERROR] LogOutputStream:75 - [STDERR_REDIRECT] 
2025-09-19 19:52:50,577 [ERROR] LogOutputStream:75 - [STDERR_REDIRECT] [Fatal Error] :1:1: Premature end of file.
2025-09-19 19:52:50,577 [ERROR] LogOutputStream:75 - [STDERR_REDIRECT] 
2025-09-19 19:52:51,680 [ERROR] LogOutputStream:75 - [STDERR_REDIRECT] [Fatal Error] :1:1: Premature end of file.
2025-09-19 19:52:51,680 [ERROR] LogOutputStream:75 - [STDERR_REDIRECT] 
2025-09-19 19:52:52,668 [ERROR] LogOutputStream:75 - [STDERR_REDIRECT] [Fatal Error] :1:1: Premature end of file.
2025-09-19 19:52:52,669 [ERROR] LogOutputStream:75 - [STDERR_REDIRECT] 
2025-09-19 19:52:53,807 [ERROR] LogOutputStream:75 - [STDERR_REDIRECT] [Fatal Error] :1:1: Premature end of file.
2025-09-19 19:52:53,807 [ERROR] LogOutputStream:75 - [STDERR_REDIRECT] 
2025-09-19 19:52:54,589 [ERROR] LogOutputStream:75 - [STDERR_REDIRECT] [Fatal Error] :1:1: Premature end of file.
2025-09-19 19:52:54,589 [ERROR] LogOutputStream:75 - [STDERR_REDIRECT] 
2025-09-19 19:52:55,610 [ERROR] LogOutputStream:75 - [STDERR_REDIRECT] [Fatal Error] :1:1: Premature end of file.
2025-09-19 19:52:55,610 [ERROR] LogOutputStream:75 - [STDERR_REDIRECT] 
2025-09-19 19:52:56,583 [ERROR] LogOutputStream:75 - [STDERR_REDIRECT] [Fatal Error] :1:1: Premature end of file.
2025-09-19 19:52:56,583 [ERROR] LogOutputStream:75 - [STDERR_REDIRECT] 
2025-09-19 19:52:57,586 [ERROR] LogOutputStream:75 - [STDERR_REDIRECT] [Fatal Error] :1:1: Premature end of file.
2025-09-19 19:52:57,586 [ERROR] LogOutputStream:75 - [STDERR_REDIRECT] 
2025-09-19 19:52:59,205 [ERROR] LogOutputStream:75 - [STDERR_REDIRECT] [Fatal Error] :1:1: Premature end of file.
2025-09-19 19:52:59,206 [ERROR] LogOutputStream:75 - [STDERR_REDIRECT] 
2025-09-19 19:53:00,125 [ERROR] LogOutputStream:75 - [STDERR_REDIRECT] [Fatal Error] :1:1: Premature end of file.
2025-09-19 19:53:00,125 [ERROR] LogOutputStream:75 - [STDERR_REDIRECT] 
2025-09-19 19:53:00,866 [ERROR] LogOutputStream:75 - [STDERR_REDIRECT] [Fatal Error] :1:1: Premature end of file.
2025-09-19 19:53:00,866 [ERROR] LogOutputStream:75 - [STDERR_REDIRECT] 
